ENTRY (NUMBER),First author (name),publication (year),Scientific (Journal),DOI (number),matrix (used),Sample name (tag),PFAS (abreviation),PFAS (Subfamily),Empirical (Formula),MW ([g/mol]),pKa1 ([-]),pKa2 ([-]),f(+) ([-]),f(+-) ([-]),f(- + -) ([-]),f(-) ([-]),f(- -) ([-]),f (0) ([-]),sum ([-]),charge [+] / mol ([C/mol]),charge [-] / mol ([C/mol]),Effective MW ([g/mol]),Faraday (C/mol),net charge density ([C/g]),C number ([n]),F number ([n]),C/F ([-]),%F ([%]),CF2 ([n]),log (S),log (Kow),pH (measured),pH (method),Fe ((g/kg)),Fe ((mmol/kg)),Fe (%),Al ((g/kg)),Al ((mmol/kg)),Al (%),Fe/Al (method),CEC (cmol+/kg),CEC (method),Sand (% mineral),Silt (% mineral),Clay (% mineral),Texture (method),Sum (% mineral),Corg (%),foc,Batch information (Contact solution),SL min (g/L),SL max (g/L),Cin min (ppb),Cin max (ppb),Kd (L/Kg),Koc (L/Kg OC),log Koc ([-]),log Kd ([-]),Comments on the derivation of Kd (from literature studies),KFr (reported),KFr (reported units),1/n ([-]),Harmonized KFr ((ug/kg)/(ug/L)^(1/n)),Cw (ug/L),Cs (ug/kg),Kd (L/kg),,
1,Mejia-Avendaño,2021,Environmental Science and Technology, 10.1021/acs.est.9b04989,soil,ID1,6:2 FtSaB,Zwitterionic,C15H19F13N2O4S,570.08529999999996,2.2999999999999998,11.1,5.6217972004873185E-6,0.99971262090410684,2.8175729869257875E-4,0,0,0,1,1,-1.000276135501492,570.08502386449845,96485,-4.673501801686579E-2,15,13,0.72874493927125494,43.326849508310431,6,3.3010299956639813,4.8,7.55,1:10 deionized water,not reported,not reported,not reported,not reported,not reported,not reported,not reported,2.52,BaCl2-TEA (pH 8.2),45.3,30,24.7,Pipette,100,3.4,3.4000000000000002E-2,50 mM CaCl2 + 0.2 g/L NaN3,100,-,2.8504264999999998,2850.4265,1.2648000000000001,37.200000000000003,1.5705429398818975,0.10202185692415268,Calculated in this study from reported Koc at Cw = 10 nM,,,,,,,,,
2,Mejia-Avendaño,2021,Environmental Science and Technology, 10.1021/acs.est.9b04989,soil,ID2,6:2 FtSaB,Zwitterionic,C15H19F13N2O4S,570.08529999999996,2.2999999999999998,11.1,1.2286844070637492E-6,0.99871218079641155,1.2865905191814517E-3,0,0,0,1,1,-1.0012853618347743,570.08401463816517,96485,-0.21754361364950323,15,13,0.72874493927125494,43.326849508310431,6,3.3010299956639813,4.8,8.2100000000000009,1:10 deionized water,not reported,not reported,not reported,not reported,not reported,not reported,not reported,11.4,BaCl2-TEA (pH 8.2),28.7,40,31.3,Pipette,100,1.7,1.7000000000000001E-2,50 mM CaCl2 + 0.2 g/L NaN3,100,-,2.8504264999999998,2850.4265,9.6118000000000006,565.4,2.7523558041535008,0.98280472553177478,Calculated in this study from reported Koc at Cw = 10 nM,,,,,,,,,
3,Mejia-Avendaño,2021,Environmental Science and Technology, 10.1021/acs.est.9b04989,soil,ID3,6:2 FtSaB,Zwitterionic,C15H19F13N2O4S,570.08529999999996,2.2999999999999998,11.1,5.3698711084181432E-5,0.99991679165230163,2.9509636614229246E-5,0,0,0,1,1,-0.99997581092553012,570.08532418907441,96485,4.0939184911424906E-3,15,13,0.72874493927125494,43.326849508310431,6,3.3010299956639813,4.8,6.57,1:10 deionized water,not reported,not reported,not reported,not reported,not reported,not reported,not reported,9.93,BaCl2-TEA (pH 8.2),20,50,30,Pipette,100,2.9,2.8999999999999998E-2,50 mM CaCl2 + 0.2 g/L NaN3,100,-,2.8504264999999998,2850.4265,4.2803999999999993,147.6,2.1690863574870227,0.6314843553859788,Calculated in this study from reported Koc at Cw = 10 nM,,,,,,,,,
4,Mejia-Avendaño,2021,Environmental Science and Technology, 10.1021/acs.est.9b04989,soil,ID4,6:2 FtSaB,Zwitterionic,C15H19F13N2O4S,570.08529999999996,2.2999999999999998,11.1,6.2700107763533248E-3,0.99372973961002165,2.4961362495139597E-7,0,0,0,1,1,-0.99373023883727152,570.09156976116265,96485,1.0611241033423695,15,13,0.72874493927125494,43.326849508310431,6,3.3010299956639813,4.8,4.5,1:10 deionized water,not reported,not reported,not reported,not reported,not reported,not reported,not reported,11.497016666666671,KNN input,51.2,36.200000000000003,12.6,Pipette,100,7.3,7.2999999999999995E-2,50 mM CaCl2 + 0.2 g/L NaN3,100,-,2.8504264999999998,2850.4265,8.1613999999999987,111.79999999999998,2.0484418035504044,0.91176466367086029,Calculated in this study from reported Koc at Cw = 10 nM,,,,,,,,,
5,Mejia-Avendaño,2021,Environmental Science and Technology, 10.1021/acs.est.9b04989,soil,ID5,6:2 FtSaB,Zwitterionic,C15H19F13N2O4S,570.08529999999996,2.2999999999999998,11.1,1.410543516291809E-3,0.99858833604916675,1.1204345412978557E-6,0,0,0,0.99999999999999978,0.99999999999999978,-0.99859057691824937,570.08670942308163,96485,0.23853947793363861,15,13,0.72874493927125494,43.326849508310431,6,3.3010299956639813,4.8,5.15,1:10 deionized water,not reported,not reported,not reported,not reported,not reported,not reported,not reported,0.57999999999999996,BaCl2-TEA (pH 8.2),59.2,32.200000000000003,8.6,Pipette,100,1.8,1.8000000000000002E-2,50 mM CaCl2 + 0.2 g/L NaN3,100,-,2.8504264999999998,2850.4265,5.5008000000000008,305.60000000000002,2.4851533499036522,0.74042585500695846,Calculated in this study from reported Koc at Cw = 10 nM,,,,,,,,,
6,Yue Zhi,2018,Chemical Engeneering Journal, 10.1016/j.cej.2018.04.042,soil,Peat,6:2 FtSaB,Zwitterionic,C15H19F13N2O4S,570.08529999999996,2.2999999999999998,11.1,6.7749275242754011E-4,0.99932017107643722,2.3361711351300638E-6,0,0,0,0.99999999999999989,0.99999999999999989,-0.99932484341870753,570.08597515658118,96485,0.11426782202123274,15,13,0.72874493927125494,43.326849508310431,6,3.3010299956639813,4.8,5.4687999999999999,KNN input,not reported,not reported,not reported,not reported,not reported,not reported,not reported,21.5806,KNN input,41.737499999999997,35.036999999999999,21.887,KNN input,98.66149999999999,46.9,0.46899999999999997,5 mM CaCl2 + 0.2 g/L NaN3,0.19999999999999998,-,2,3500,30.199517204020164,64.39129467808138,1.8088271572849168,1.48,Reported Kd at Cw = 0.5 ppb,,,,,,,,,
7,Nguyen,2020,Environmental Science and Technology, 10.1021/acs.est.0c05705,soil,S1,6:2 FtSaB,Zwitterionic,C15H19F13N2O4S,570.08529999999996,2.2999999999999998,11.1,6.307949159143065E-6,0.99974256807166673,2.5112397917417638E-4,0,0,0,1,1,-1.000244816030015,570.08505518396998,96485,-4.1434299042231892E-2,15,13,0.72874493927125494,43.326849508310431,6,3.3010299956639813,4.8,7.5,1:10 CaCl2,not reported,not reported,not reported,not reported,not reported,not reported,not reported,41.4,not reported,16.899999999999999,17.5,65.599999999999994,not reported,100,0.7,6.9999999999999993E-3,10 mM CaCl2,100,-,5,-,0.15,21.428571428571431,1.3309932190414244,-0.82390874094431876,Reported Kd at the soil pH condition ,,,,,,,,,
8,Nguyen,2020,Environmental Science and Technology, 10.1021/acs.est.0c05705,soil,S2,6:2 FtSaB,Zwitterionic,C15H19F13N2O4S,570.08529999999996,2.2999999999999998,11.1,3.1620191919767058E-5,0.99991826518116211,5.0114626917952808E-5,0,0,0,0.99999999999999978,0.99999999999999978,-1.0000184944349981,570.08528150556492,96485,-3.1301203849769046E-3,15,13,0.72874493927125494,43.326849508310431,6,3.3010299956639813,4.8,6.8,1:10 CaCl2,not reported,not reported,not reported,not reported,not reported,not reported,not reported,7.1,not reported,48.9,27,24.2,not reported,100.10000000000001,0.37,3.7000000000000002E-3,10 mM CaCl2,100,-,5,-,0.37,100,2,-0.43179827593300502,Reported Kd at the soil pH condition ,,,,,,,,,
9,Nguyen,2020,Environmental Science and Technology, 10.1021/acs.est.0c05705,soil,S3,6:2 FtSaB,Zwitterionic,C15H19F13N2O4S,570.08529999999996,2.2999999999999998,11.1,1.2587510976823252E-4,0.99986153737925509,1.2587510976823284E-5,0,0,0,1.0000000000000002,1.0000000000000002,-0.99988671240120874,570.08541328759884,96485,1.9173537358833453E-2,15,13,0.72874493927125494,43.326849508310431,6,3.3010299956639813,4.8,6.2,1:10 CaCl2,not reported,not reported,not reported,not reported,not reported,not reported,not reported,8,not reported,51.44,10.17,38.380000000000003,not reported,99.990000000000009,0.08,8.0000000000000004E-4,10 mM CaCl2,100,-,5,-,1.42,1774.9999999999998,3.249198357391113,0.15228834438305647,Reported Kd at the soil pH condition ,,,,,,,,,
10,Nguyen,2020,Environmental Science and Technology, 10.1021/acs.est.0c05705,soil,S4,6:2 FtSaB,Zwitterionic,C15H19F13N2O4S,570.08529999999996,2.2999999999999998,11.1,3.9794716067914713E-6,0.999598073367714,3.9794716067914794E-4,0,0,0,1,1,-1.0003939676890723,570.08490603231076,96485,-6.6677738838407177E-2,15,13,0.72874493927125494,43.326849508310431,6,3.3010299956639813,4.8,7.7,1:10 CaCl2,not reported,not reported,not reported,not reported,not reported,not reported,not reported,4.8,not reported,46,37,17,not reported,100,0.25,2.5000000000000001E-3,10 mM CaCl2,100,-,5,-,265,106000,5.0253058652647704,2.4232458739368079,Reported Kd at the soil pH condition,,,,,,,,,
11,Nguyen,2020,Environmental Science and Technology, 10.1021/acs.est.0c05705,soil,S5,6:2 FtSaB,Zwitterionic,C15H19F13N2O4S,570.08529999999996,2.2999999999999998,11.1,7.9416347001524248E-6,0.99979257352082673,1.9948484447318617E-4,0,0,0,1.0000000000000002,1.0000000000000002,-1.0001915432097732,570.08510845679029,96485,-3.2418048324354722E-2,15,13,0.72874493927125494,43.326849508310431,6,3.3010299956639813,4.8,7.4,1:10 CaCl2,not reported,not reported,not reported,not reported,not reported,not reported,not reported,29.6,not reported,39.799999999999997,7.7,52.5,not reported,100,2.23,2.23E-2,10 mM CaCl2,100,-,5,-,0.44,19.730941704035875,1.2951478134380268,-0.35654732351381258,Reported Kd at the soil pH condition ,,,,,,,,,
12,Nguyen,2020,Environmental Science and Technology, 10.1021/acs.est.0c05705,soil,S6,6:2 FtSaB,Zwitterionic,C15H19F13N2O4S,570.08529999999996,2.2999999999999998,11.1,3.9794716067914713E-6,0.999598073367714,3.9794716067914794E-4,0,0,0,1,1,-1.0003939676890723,570.08490603231076,96485,-6.6677738838407177E-2,15,13,0.72874493927125494,43.326849508310431,6,3.3010299956639813,4.8,7.7,1:10 CaCl2,not reported,not reported,not reported,not reported,not reported,not reported,not reported,21.63,not reported,70,11,19,not reported,100,4.9000000000000004,4.9000000000000002E-2,10 mM CaCl2,100,-,5,-,1.22,24.897959183673468,1.3961637506462345,8.6359830674748214E-2,Reported Kd at the soil pH condition ,,,,,,,,,
13,Nguyen,2020,Environmental Science and Technology, 10.1021/acs.est.0c05705,soil,S7,6:2 FtSaB,Zwitterionic,C15H19F13N2O4S,570.08529999999996,2.2999999999999998,11.1,3.9794716067914713E-6,0.999598073367714,3.9794716067914794E-4,0,0,0,1,1,-1.0003939676890723,570.08490603231076,96485,-6.6677738838407177E-2,15,13,0.72874493927125494,43.326849508310431,6,3.3010299956639813,4.8,7.7,1:10 CaCl2,not reported,not reported,not reported,not reported,not reported,not reported,not reported,7.8,not reported,48.9,32.6,18.5,not reported,100,0.13,1.2999999999999999E-3,10 mM CaCl2,100,-,5,-,1.4,1076.9230769230769,3.0321846833714012,0.14612803567823801,Reported Kd at the soil pH condition ,,,,,,,,,
14,Nguyen,2020,Environmental Science and Technology, 10.1021/acs.est.0c05705,soil,S8,6:2 FtSaB,Zwitterionic,C15H19F13N2O4S,570.08529999999996,2.2999999999999998,11.1,6.307949159143065E-6,0.99974256807166673,2.5112397917417638E-4,0,0,0,1,1,-1.000244816030015,570.08505518396998,96485,-4.1434299042231892E-2,15,13,0.72874493927125494,43.326849508310431,6,3.3010299956639813,4.8,7.5,1:10 CaCl2,not reported,not reported,not reported,not reported,not reported,not reported,not reported,2.2799999999999998,not reported,93,1,5,not reported,99,0.4,4.0000000000000001E-3,10 mM CaCl2,100,-,5,-,1.52,380,2.5797835966168101,0.18184358794477254,Reported Kd at the soil pH condition ,,,,,,,,,
15,Nguyen,2020,Environmental Science and Technology, 10.1021/acs.est.0c05705,soil,S9,6:2 FtSaB,Zwitterionic,C15H19F13N2O4S,570.08529999999996,2.2999999999999998,11.1,1.5847096055459E-5,0.99988416448749573,9.9988416448749568E-5,0,0,0,1,1,-1.0000841413203931,570.08521585867948,96485,-1.4240634684595049E-2,15,13,0.72874493927125494,43.326849508310431,6,3.3010299956639813,4.8,7.1,1:10 CaCl2,not reported,not reported,not reported,not reported,not reported,not reported,not reported,17.420000000000002,not reported,48.86,16.05,35.090000000000003,not reported,100,1.19,1.1899999999999999E-2,10 mM CaCl2,100,-,5,-,1.35,113.44537815126051,2.0547868071024755,0.13033376849500614,Reported Kd at the soil pH condition ,,,,,,,,,
16,Nguyen,2020,Environmental Science and Technology, 10.1021/acs.est.0c05705,soil,S10,6:2 FtSaB,Zwitterionic,C15H19F13N2O4S,570.08529999999996,2.2999999999999998,11.1,7.9424929790307874E-5,0.99990062442986338,1.9950640346387579E-5,0,0,0,1,1,-0.99994052571055614,570.08535947428948,96485,1.0065820357643794E-2,15,13,0.72874493927125494,43.326849508310431,6,3.3010299956639813,4.8,6.4,1:10 CaCl2,not reported,not reported,not reported,not reported,not reported,not reported,not reported,16.54,not reported,29.38,13.9,56.71,not reported,99.990000000000009,0.17,1.7000000000000001E-3,10 mM CaCl2,100,-,5,-,0.64,376.47058823529409,2.5757310526056134,-0.19382002601611281,Reported Kd at the soil pH condition ,,,,,,,,,
17,Brazen-Hanson,2017,Environmental Science and Technology, 10.1021/acs.est.7b03452,soil,1,6:2 FtSaB,Zwitterionic,C15H19F13N2O4S,570.08529999999996,2.2999999999999998,11.1,1.5823837009219599E-3,0.99841661788246017,9.9841661788246018E-7,0,0,0,1,1,-0.99841861471569593,570.08688138528419,96485,0.26764334373967036,15,13,0.72874493927125494,43.326849508310431,6,3.3010299956639813,4.8,5.0999999999999996,1:100 deionized water,not reported,not reported,not reported,not reported,not reported,not reported,not reported,14,Summation (pH7),6.3,71,22,not reported,99.3,1.5,1.4999999999999999E-2,artificial groundwater,100,-,1.0261535399999999,136820.47200000001,31,2066.666666666667,3.3152704347785913,1.4913616938342726,Reported Kd at Cw = 8.8 nM,,,,,,,,,
18,Brazen-Hanson,2017,Environmental Science and Technology, 10.1021/acs.est.7b03452,soil,2,6:2 FtSaB,Zwitterionic,C15H19F13N2O4S,570.08529999999996,2.2999999999999998,11.1,6.3055790544878248E-4,0.99936693179831504,2.5102962360835482E-6,0,0,0,0.99999999999999989,0.99999999999999989,-0.99937195239078724,570.08592804760917,96485,0.10629480678888371,15,13,0.72874493927125494,43.326849508310431,6,3.3010299956639813,4.8,5.5,1:100 deionized water,not reported,not reported,not reported,not reported,not reported,not reported,not reported,22,Summation (pH7),10,64,26,not reported,100,0.12,1.1999999999999999E-3,artificial groundwater,100,-,1.0261535399999999,250.83753199999998,150,125000.00000000001,5.0969100130080562,2.1760912590556813,Reported Kd at Cw = 8.8 nM,,,,,,,,,
19,Brazen-Hanson,2017,Environmental Science and Technology, 10.1021/acs.est.7b03452,soil,3,6:2 FtSaB,Zwitterionic,C15H19F13N2O4S,570.08529999999996,2.2999999999999998,11.1,1.5823837009219599E-3,0.99841661788246017,9.9841661788246018E-7,0,0,0,1,1,-0.99841861471569593,570.08688138528419,96485,0.26764334373967036,15,13,0.72874493927125494,43.326849508310431,6,3.3010299956639813,4.8,5.0999999999999996,1:100 deionized water,not reported,not reported,not reported,not reported,not reported,not reported,not reported,17,Summation (pH7),14,39,48,not reported,101,2.2999999999999998,2.3E-2,artificial groundwater,100,-,1.0261535399999999,250.83753199999998,23,1000,3,1.3617278360175928,Reported Kd at Cw = 8.8 nM,,,,,,,,,
20,Brazen-Hanson,2017,Environmental Science and Technology, 10.1021/acs.est.7b03452,soil,4,6:2 FtSaB,Zwitterionic,C15H19F13N2O4S,570.08529999999996,2.2999999999999998,11.1,1.9912875921420541E-3,0.99800791966198887,7.9274586906595983E-7,0,0,0,1,1,-0.99800950515372699,570.08729049484612,96485,0.33688331321321957,15,13,0.72874493927125494,43.326849508310431,6,3.3010299956639813,4.8,5,1:100 deionized water,not reported,not reported,not reported,not reported,not reported,not reported,not reported,36,Summation (pH7),37,45,18,not reported,100,7.7,7.6999999999999999E-2,artificial groundwater,100,-,1.0261535399999999,250.83753199999998,60,779.22077922077926,2.8916605252111616,1.7781512503836436,Reported Kd at Cw = 8.8 nM,,,,,,,,,
21,Brazen-Hanson,2017,Environmental Science and Technology, 10.1021/acs.est.7b03452,soil,5,6:2 FtSaB,Zwitterionic,C15H19F13N2O4S,570.08529999999996,2.2999999999999998,11.1,1.9912875921420541E-3,0.99800791966198887,7.9274586906595983E-7,0,0,0,1,1,-0.99800950515372699,570.08729049484612,96485,0.33688331321321957,15,13,0.72874493927125494,43.326849508310431,6,3.3010299956639813,4.8,5,1:100 deionized water,not reported,not reported,not reported,not reported,not reported,not reported,not reported,16,Summation (pH7),4.8,72,23,not reported,99.8,1,0.01,artificial groundwater,100,-,1.0261535399999999,250.83753199999998,74,7400,3.8692317197309762,1.8692317197309762,Reported Kd at Cw = 8.8 nM,,,,,,,,,
22,Brazen-Hanson,2017,Environmental Science and Technology, 10.1021/acs.est.7b03452,soil,6,6:2 FtSaB,Zwitterionic,C15H19F13N2O4S,570.08529999999996,2.2999999999999998,11.1,1.2573409304470879E-3,0.99874140172862269,1.257340930447089E-6,0,0,0,1.0000000000000002,1.0000000000000002,-0.99874391641048355,570.08655608358958,96485,0.21258741122943875,15,13,0.72874493927125494,43.326849508310431,6,3.3010299956639813,4.8,5.2,1:100 deionized water,not reported,not reported,not reported,not reported,not reported,not reported,not reported,16,Summation (pH7),3.6,73,24,not reported,100.6,9.8000000000000004E-2,9.7999999999999997E-4,artificial groundwater,100,-,1.0261535399999999,250.83753199999998,90,91836.734693877559,4.9630164337468301,1.954242509439325,Reported Kd at Cw = 8.8 nM,,,,,,,,,
23,Brazen-Hanson,2017,Environmental Science and Technology, 10.1021/acs.est.7b03452,soil,1,8:2 FtSaB,Zwitterionic,C17H19F17N2O4S,670.07889999999998,2.2999999999999998,11.1,1.5823837009219599E-3,0.99841661788246017,9.9841661788246018E-7,0,0,0,1,1,-0.99841861471569593,670.08048138528432,96485,0.22770393019155494,17,17,0.63157894736842102,48.203278748219056,8,1.4999618655961902,6.2,5.0999999999999996,1:100 deionized water,not reported,not reported,not reported,not reported,not reported,not reported,not reported,14,Summation (pH7),6.3,71,22,not reported,99.3,1.5,1.4999999999999999E-2,artificial groundwater,100,-,0.32163787199999994,48915.759699999995,120,8000,3.9030899869919438,2.0791812460476247,Reported Kd at Cw = 8.8 nM,,,,,,,,,
24,Brazen-Hanson,2017,Environmental Science and Technology, 10.1021/acs.est.7b03452,soil,2,8:2 FtSaB,Zwitterionic,C17H19F17N2O4S,670.07889999999998,2.2999999999999998,11.1,6.3055790544878248E-4,0.99936693179831504,2.5102962360835482E-6,0,0,0,0.99999999999999989,0.99999999999999989,-0.99937195239078724,670.07952804760919,96485,9.0432808403268575E-2,17,17,0.63157894736842102,48.203278748219056,8,1.4999618655961902,6.2,5.5,1:100 deionized water,not reported,not reported,not reported,not reported,not reported,not reported,not reported,22,Summation (pH7),10,64,26,not reported,100,0.12,1.1999999999999999E-3,artificial groundwater,100,-,0.32163787199999994,87.110257000000004,170,141666.66666666669,5.151267675330649,2.2304489213782741,Reported Kd at Cw = 110 nM,,,,,,,,,
25,Brazen-Hanson,2017,Environmental Science and Technology, 10.1021/acs.est.7b03452,soil,3,8:2 FtSaB,Zwitterionic,C17H19F17N2O4S,670.07889999999998,2.2999999999999998,11.1,1.5823837009219599E-3,0.99841661788246017,9.9841661788246018E-7,0,0,0,1,1,-0.99841861471569593,670.08048138528432,96485,0.22770393019155494,17,17,0.63157894736842102,48.203278748219056,8,1.4999618655961902,6.2,5.0999999999999996,1:100 deionized water,not reported,not reported,not reported,not reported,not reported,not reported,not reported,17,Summation (pH7),14,39,48,not reported,101,2.2999999999999998,2.3E-2,artificial groundwater,100,-,0.32163787199999994,87.110257000000004,34,1478.2608695652175,3.1697510810246623,1.5314789170422551,Reported Kd at Cw = 8.8 nM,,,,,,,,,
26,Brazen-Hanson,2017,Environmental Science and Technology, 10.1021/acs.est.7b03452,soil,4,8:2 FtSaB,Zwitterionic,C17H19F17N2O4S,670.07889999999998,2.2999999999999998,11.1,1.9912875921420541E-3,0.99800791966198887,7.9274586906595983E-7,0,0,0,1,1,-0.99800950515372699,670.08089049484624,96485,0.28661150909828559,17,17,0.63157894736842102,48.203278748219056,8,1.4999618655961902,6.2,5,1:100 deionized water,not reported,not reported,not reported,not reported,not reported,not reported,not reported,36,Summation (pH7),37,45,18,not reported,100,7.7,7.6999999999999999E-2,artificial groundwater,100,-,0.32163787199999994,87.110257000000004,61,792.20779220779218,2.8988391098382853,1.7853298350107671,Reported Kd at Cw = 8.8 nM,,,,,,,,,
27,Brazen-Hanson,2017,Environmental Science and Technology, 10.1021/acs.est.7b03452,soil,6,8:2 FtSaB,Zwitterionic,C17H19F17N2O4S,670.07889999999998,2.2999999999999998,11.1,1.2573409304470879E-3,0.99874140172862269,1.257340930447089E-6,0,0,0,1.0000000000000002,1.0000000000000002,-0.99874391641048355,670.0801560835896,96485,0.18086377284003349,17,17,0.63157894736842102,48.203278748219056,8,1.4999618655961902,6.2,5.2,1:100 deionized water,not reported,not reported,not reported,not reported,not reported,not reported,not reported,16,Summation (pH7),3.6,73,24,not reported,100.6,9.8000000000000004E-2,9.7999999999999997E-4,artificial groundwater,100,-,0.32163787199999994,87.110257000000004,400,408163.26530612248,5.6108339156354674,2.6020599913279625,Reported Kd at Cw = 8.8 nM,,,,,,,,,
28,Brazen-Hanson,2017,Environmental Science and Technology, 10.1021/acs.est.7b03452,soil,1,10:2 FtSaB,Zwitterionic,C19H19F21N2O4S,770.07249999999999,2.2999999999999998,11.1,1.5823837009219599E-3,0.99841661788246017,9.9841661788246018E-7,0,0,0,1,1,-0.99841861471569593,770.07408138528433,96485,0.1981367284581278,19,21,0.5714285714285714,51.813303292871772,10,-0.30980391997148632,7.5,5.0999999999999996,1:100 deionized water,not reported,not reported,not reported,not reported,not reported,not reported,not reported,14,Summation (pH7),6.3,71,22,not reported,99.3,1.5,1.4999999999999999E-2,artificial groundwater,100,-,0.14631377499999998,20021.884999999998,240,16000,4.204119982655925,2.3802112417116059,Reported Kd at Cw = 110 nM,,,,,,,,,
29,Brazen-Hanson,2017,Environmental Science and Technology, 10.1021/acs.est.7b03452,soil,2,10:2 FtSaB,Zwitterionic,C19H19F21N2O4S,770.07249999999999,2.2999999999999998,11.1,6.3055790544878248E-4,0.99936693179831504,2.5102962360835482E-6,0,0,0,0.99999999999999989,0.99999999999999989,-0.99937195239078724,770.07312804760909,96485,7.8690154698055778E-2,19,21,0.5714285714285714,51.813303292871772,10,-0.30980391997148632,7.5,5.5,1:100 deionized water,not reported,not reported,not reported,not reported,not reported,not reported,not reported,22,Summation (pH7),10,64,26,not reported,100,0.12,1.1999999999999999E-3,artificial groundwater,100,-,0.14631377499999998,36.963479999999997,93,77500,4.8893017025063106,1.968482948553935,Reported Kd at Cw = 110 nM,,,,,,,,,
31,Mejia-Avendaño,2021,Environmental Science and Technology, 10.1021/acs.est.9b04989,soil,ID1,PFOSB,Zwitterionic,C15H15F17N2O4S,642.04769999999996,2.2999999999999998,6.8,8.4901972195357403E-7,0.15097942902670158,0.84901972195357645,0,0,0,1,1,-1.8490188729338546,641.19868112706615,96485,-127.75694705271761,15,17,0.55727554179566563,50.307788658070109,6,1.2615007731982801,4.5999999999999996,7.55,1:10 deionized water,not reported,not reported,not reported,not reported,not reported,not reported,not reported,2.52,BaCl2-TEA (pH 8.2),45.3,30,24.7,Pipette,100,3.4,3.4000000000000002E-2,50 mM CaCl2 + 0.2 g/L NaN3,100,-,3.2102385,3210.2384999999999,0.59500000000000008,17.5,1.2430380486862944,-0.22548303427145036,Calculated in this study from reported Koc at Cw = 10 nM,,,,,,,,,
32,Mejia-Avendaño,2021,Environmental Science and Technology, 10.1021/acs.est.9b04989,soil,ID2,PFOSB,Zwitterionic,C15H15F17N2O4S,642.04769999999996,2.2999999999999998,6.8,4.607065072794039E-8,3.7447630811207798E-2,0.96255232311814132,0,0,0,0.99999999999999989,0.99999999999999989,-1.9625522770474904,641.08514772295234,96485,-144.86664802763778,15,17,0.55727554179566563,50.307788658070109,6,1.2615007731982801,4.5999999999999996,8.2100000000000009,1:10 deionized water,not reported,not reported,not reported,not reported,not reported,not reported,not reported,11.4,BaCl2-TEA (pH 8.2),28.7,40,31.3,Pipette,100,1.7,1.7000000000000001E-2,50 mM CaCl2 + 0.2 g/L NaN3,100,-,3.2102385,3210.2384999999999,3.8403000000000005,225.9,2.3539162309203632,0.58436515229863695,Calculated in this study from reported Koc at Cw = 10 nM,,,,,,,,,
33,Mejia-Avendaño,2021,Environmental Science and Technology, 10.1021/acs.est.9b04989,soil,ID3,PFOSB,Zwitterionic,C15H15F17N2O4S,642.04769999999996,2.2999999999999998,6.8,3.3799023800085573E-5,0.62936727449901508,0.37059892647718473,0,0,0,0.99999999999999989,0.99999999999999989,-1.3705651274533845,641.6771348725465,96485,-55.719573566294322,15,17,0.55727554179566563,50.307788658070109,6,1.2615007731982801,4.5999999999999996,6.57,1:10 deionized water,not reported,not reported,not reported,not reported,not reported,not reported,not reported,9.93,BaCl2-TEA (pH 8.2),20,50,30,Pipette,100,2.9,2.8999999999999998E-2,50 mM CaCl2 + 0.2 g/L NaN3,100,-,3.2102385,3210.2384999999999,86.205399999999997,2972.6,3.4731364734564774,1.9355344713554334,Calculated in this study from reported Koc at Cw = 10 nM,,,,,,,,,
34,Mejia-Avendaño,2021,Environmental Science and Technology, 10.1021/acs.est.9b04989,soil,ID4,PFOSB,Zwitterionic,C15H15F17N2O4S,642.04769999999996,2.2999999999999998,6.8,6.2389396280713178E-3,0.98880529447061138,4.9557659013172595E-3,0,0,0,1,1,-0.99871682627324587,642.04898317372658,96485,0.1928311083274033,15,17,0.55727554179566563,50.307788658070109,6,1.2615007731982801,4.5999999999999996,4.5,1:10 deionized water,not reported,not reported,not reported,not reported,not reported,not reported,not reported,11.497016666666671,KNN input,51.2,36.200000000000003,12.6,Pipette,100,7.3,7.2999999999999995E-2,50 mM CaCl2 + 0.2 g/L NaN3,100,-,3.2102385,3210.2384999999999,78.058899999999994,1069.3,3.0290995668235428,1.8924224269439986,Calculated in this study from reported Koc at Cw = 10 nM,,,,,,,,,
35,Mejia-Avendaño,2021,Environmental Science and Technology, 10.1021/acs.est.9b04989,soil,ID5,PFOSB,Zwitterionic,C15H15F17N2O4S,642.04769999999996,2.2999999999999998,6.8,1.3797010070559295E-3,0.97675351165579716,2.1866787337146917E-2,0,0,0,1,1,-1.020487086330091,642.02721291366981,96485,-3.0788360443292091,15,17,0.55727554179566563,50.307788658070109,6,1.2615007731982801,4.5999999999999996,5.15,1:10 deionized water,not reported,not reported,not reported,not reported,not reported,not reported,not reported,0.57999999999999996,BaCl2-TEA (pH 8.2),59.2,32.200000000000003,8.6,Pipette,100,1.8,1.8000000000000002E-2,50 mM CaCl2 + 0.2 g/L NaN3,100,-,3.2102385,3210.2384999999999,3.0816000000000003,171.2,2.2335037603411343,0.48877626544444053,Calculated in this study from reported Koc at Cw = 10 nM,,,,,,,,,
36,Yue Zhi,2018,Chemical Engeneering Journal, 10.1016/j.cej.2018.04.042,soil,Peat,PFOAAmS,Cationic,C14H16F15N2O+,513.1019,7.7,-,0.99416209263371969,5.8379073662803002E-3,0,0,0,0,1,1,-5.8379073662803002E-3,514.0960620926337,96485,186.58328001446654,14,15,0.58947368421052626,55.544522442813019,7,2.4449811120879446,5.0999999999999996,5.4687999999999999,KNN input,not reported,not reported,not reported,not reported,not reported,not reported,not reported,21.5806,KNN input,41.737499999999997,35.036999999999999,21.887,KNN input,98.66149999999999,46.9,0.46899999999999997,5 mM CaCl2 + 0.2 g/L NaN3,0.19999999999999998,-,2,3500,457.0881896148756,974.60168361380727,2.9888271572849172,2.6600000000000006,Reported Kd at Cw = 0.5 ppb,,,,,,,,,
37,Mejia-Avendaño,2021,Environmental Science and Technology, 10.1021/acs.est.9b04989,soil,ID1,PFOAAmS,Cationic,C14H16F15N2O+,513.1019,7.7,-,0.58549867867180971,0.41450132132819034,0,0,0,0,1,1,-0.41450132132819034,513.6873986786718,96485,109.97318633270007,14,15,0.58947368421052626,55.544522442813019,7,2.4449811120879446,5.0999999999999996,7.55,1:10 deionized water,not reported,not reported,not reported,not reported,not reported,not reported,not reported,2.52,BaCl2-TEA (pH 8.2),45.3,30,24.7,Pipette,100,3.4,3.4000000000000002E-2,50 mM CaCl2 + 0.2 g/L NaN3,100,-,2.5655095000000001,2565.5095000000001,12.008800000000001,353.2,2.5480206949055311,1.0794996119477862,Calculated in this study from reported Koc at Cw = 10 nM,,,,,,,,,
38,Mejia-Avendaño,2021,Environmental Science and Technology, 10.1021/acs.est.9b04989,soil,ID2,PFOAAmS,Cationic,C14H16F15N2O+,513.1019,7.7,-,0.23607530085516112,0.76392469914483896,0,0,0,0,1,1,-0.76392469914483896,513.33797530085519,96485,44.37179109856568,14,15,0.58947368421052626,55.544522442813019,7,2.4449811120879446,5.0999999999999996,8.2100000000000009,1:10 deionized water,not reported,not reported,not reported,not reported,not reported,not reported,not reported,11.4,BaCl2-TEA (pH 8.2),28.7,40,31.3,Pipette,100,1.7,1.7000000000000001E-2,50 mM CaCl2 + 0.2 g/L NaN3,100,-,2.5655095000000001,2565.5095000000001,32.560099999999998,1915.2999999999997,3.2822368086651026,1.5126857300433767,Calculated in this study from reported Koc at Cw = 10 nM,,,,,,,,,
39,Mejia-Avendaño,2021,Environmental Science and Technology, 10.1021/acs.est.9b04989,soil,ID3,PFOAAmS,Cationic,C14H16F15N2O+,513.1019,7.7,-,0.93098511963181751,6.9014880368182624E-2,0,0,0,0,1.0000000000000002,1.0000000000000002,-6.9014880368182624E-2,514.03288511963194,96485,174.74776783351226,14,15,0.58947368421052626,55.544522442813019,7,2.4449811120879446,5.0999999999999996,6.57,1:10 deionized water,not reported,not reported,not reported,not reported,not reported,not reported,not reported,9.93,BaCl2-TEA (pH 8.2),20,50,30,Pipette,100,2.9,2.8999999999999998E-2,50 mM CaCl2 + 0.2 g/L NaN3,100,-,2.5655095000000001,2565.5095000000001,80.7012,2782.8,3.4444819946856122,1.9068799925845683,Calculated in this study from reported Koc at Cw = 10 nM,,,,,,,,,
40,Mejia-Avendaño,2021,Environmental Science and Technology, 10.1021/acs.est.9b04989,soil,ID4,PFOAAmS,Cationic,C14H16F15N2O+,513.1019,7.7,-,0.99936944051165999,6.3055948833989266E-4,0,0,0,0,0.99999999999999989,0.99999999999999989,-6.3055948833989266E-4,514.1012694405116,96485,187.55868969688487,14,15,0.58947368421052626,55.544522442813019,7,2.4449811120879446,5.0999999999999996,4.5,1:10 deionized water,not reported,not reported,not reported,not reported,not reported,not reported,not reported,11.497016666666671,KNN input,51.2,36.200000000000003,12.6,Pipette,100,7.3,7.2999999999999995E-2,50 mM CaCl2 + 0.2 g/L NaN3,100,-,2.5655095000000001,2565.5095000000001,40.288699999999999,551.9,2.7418603940652635,1.6051832541857194,Calculated in this study from reported Koc at Cw = 10 nM,,,,,,,,,
41,Mejia-Avendaño,2021,Environmental Science and Technology, 10.1021/acs.est.9b04989,soil,ID5,PFOAAmS,Cationic,C14H16F15N2O+,513.1019,7.7,-,0.99718953802678978,2.8104619732101889E-3,0,0,0,0,1,1,-2.8104619732101889E-3,514.09908953802676,96485,187.15036562887764,14,15,0.58947368421052626,55.544522442813019,7,2.4449811120879446,5.0999999999999996,5.15,1:10 deionized water,not reported,not reported,not reported,not reported,not reported,not reported,not reported,0.57999999999999996,BaCl2-TEA (pH 8.2),59.2,32.200000000000003,8.6,Pipette,100,1.8,1.8000000000000002E-2,50 mM CaCl2 + 0.2 g/L NaN3,100,-,2.5655095000000001,2565.5095000000001,27.999000000000002,1555.5,3.1918700154447222,1.4471425205480284,Calculated in this study from reported Koc at Cw = 10 nM,,,,,,,,,
42,XIao,2019,Environmental Science and Technology,10.1021/acs.est.9b05379,soil,BS,PFOAAmS,Cationic,C14H16F15N2O+,513.1019,7.7,-,0.20076000891310153,0.79923999108689847,0,0,0,0,1,1,-0.79923999108689847,513.30266000891311,96485,37.736662926399504,14,15,0.58947368421052626,55.544522442813019,7,2.4449811120879446,5.0999999999999996,8.3000000000000007,Figure S1,not reported,not reported,not reported,not reported,not reported,not reported,not reported,24.8,not reported,30.683900000000001,38.891100000000002,30.567799999999998,KNN input,100.14279999999999,0.1,1E-3,"2 mM NaHCO3 + 1 mM NaCl + 3,1 mM NaN3",0.2,15,-,-,7.2705808490156238,7270.5808490156232,3.861569108169284,0.861569108169284,Calculated in this study at Cw = 10% S,794.32823472428208,(umol/kg)/(umol/L)^N,0.24,91.149597106711511,27.860000000000003,202.55838245357529,7.2705808490156238,,
43,XIao,2019,Environmental Science and Technology,10.1021/acs.est.9b05379,soil,NF,PFOAAmS,Cationic,C14H16F15N2O+,513.1019,7.7,-,0.24025307335204252,0.75974692664795762,0,0,0,0,1.0000000000000002,1.0000000000000002,-0.75974692664795762,513.34215307335216,96485,45.156661387710919,14,15,0.58947368421052626,55.544522442813019,7,2.4449811120879446,5.0999999999999996,8.1999999999999993,Figure S1,not reported,not reported,not reported,not reported,not reported,not reported,not reported,41.3,not reported,34.417400000000001,33.425600000000003,31.142800000000001,KNN input,98.985800000000012,0.1,1E-3,"2 mM NaHCO3 + 1 mM NaCl + 3,1 mM NaN3",0.2,15,-,-,33.389693528550119,33389.693528550117,4.5236124328468126,1.5236124328468124,Calculated in this study at Cw = 10% S,3981.0717055349769,(umol/kg)/(umol/L)^N,0.27,378.8337340049855,27.860000000000003,930.23686170540634,33.389693528550119,,
44,XIao,2019,Environmental Science and Technology,10.1021/acs.est.9b05379,soil,SW,PFOAAmS,Cationic,C14H16F15N2O+,513.1019,7.7,-,0.1663375308165618,0.83366246918343823,0,0,0,0,1,1,-0.83366246918343823,513.26823753081658,96485,31.268400199559157,14,15,0.58947368421052626,55.544522442813019,7,2.4449811120879446,5.0999999999999996,8.4,Figure S1,not reported,not reported,not reported,not reported,not reported,not reported,not reported,22.5,not reported,31.346399999999999,39.162100000000002,29.6173,KNN input,100.1258,0.9,9.0000000000000011E-3,"2 mM NaHCO3 + 1 mM NaCl + 3,1 mM NaN3",0.2,15,-,-,15.831635542528499,1759.0706158364997,3.2452832740524311,1.1995257834917559,Calculated in this study at Cw = 10% S,1584.8931924611156,(umol/kg)/(umol/L)^N,0.21,219.31122566309,27.860000000000003,441.06936621484402,15.831635542528499,,
45,XIao,2019,Environmental Science and Technology,10.1021/acs.est.9b05379,soil,CE,PFOAAmS,Cationic,C14H16F15N2O+,513.1019,7.7,-,0.24025307335204252,0.75974692664795762,0,0,0,0,1.0000000000000002,1.0000000000000002,-0.75974692664795762,513.34215307335216,96485,45.156661387710919,14,15,0.58947368421052626,55.544522442813019,7,2.4449811120879446,5.0999999999999996,8.1999999999999993,Figure S1,not reported,not reported,not reported,not reported,not reported,not reported,not reported,38.200000000000003,not reported,33.491900000000001,33.659599999999998,31.685300000000002,KNN input,98.836799999999997,1.2,1.2E-2,"2 mM NaHCO3 + 1 mM NaCl + 3,1 mM NaN3",0.2,15,-,-,28.782830916403558,2398.5692430336298,3.3799522604018106,1.4591335064494353,Calculated in this study at Cw = 10% S,5011.8723362727324,(umol/kg)/(umol/L)^N,0.4,211.89571465726797,27.860000000000003,801.88966933100323,28.782830916403558,,
46,XIao,2019,Environmental Science and Technology,10.1021/acs.est.9b05379,soil,UND,PFOAAmS,Cationic,C14H16F15N2O+,513.1019,7.7,-,0.24025307335204252,0.75974692664795762,0,0,0,0,1.0000000000000002,1.0000000000000002,-0.75974692664795762,513.34215307335216,96485,45.156661387710919,14,15,0.58947368421052626,55.544522442813019,7,2.4449811120879446,5.0999999999999996,8.1999999999999993,Figure S1,not reported,not reported,not reported,not reported,not reported,not reported,not reported,41,not reported,34.556900000000013,33.706099999999999,30.8308,KNN input,99.093800000000002,5.3,5.2999999999999999E-2,"2 mM NaHCO3 + 1 mM NaCl + 3,1 mM NaN3",0.2,15,-,-,106.18129911255488,2003.4207379727336,3.3017721649658722,2.0260480345666609,Calculated in this study at Cw = 10% S,7943.2823472428154,(umol/kg)/(umol/L)^N,0.11,2051.5458351943957,27.860000000000003,2958.2109932757794,106.18129911255488,,
47,Yue Zhi,2018,Chemical Engeneering Journal, 10.1016/j.cej.2018.04.042,soil,Peat,PFOAB,Zwitterionic,C15H15F15N2O3,556.08389999999997,2.2999999999999998,7.8,6.7435099292343498E-4,0.99468599066067098,4.6396583464056755E-3,0,0,0,1.0000000000000002,1.0000000000000002,-1.0039653073534824,556.07993469264659,96485,-0.6880174164388726,14,15,0.58947368421052626,51.251259027639541,7,2.7971289877965524,5.3,5.4687999999999999,KNN input,not reported,not reported,not reported,not reported,not reported,not reported,not reported,21.5806,KNN input,41.737499999999997,35.036999999999999,21.887,KNN input,98.66149999999999,46.9,0.46899999999999997,5 mM CaCl2 + 0.2 g/L NaN3,0.19999999999999998,-,2,3500,50.118723362727238,106.86294960069775,2.0288271572849168,1.7000000000000002,Reported Kd at Cw = 0.5 ppb,,,,,,,,,
48,Mejia-Avendaño,2021,Environmental Science and Technology, 10.1021/acs.est.9b04989,soil,ID1,PFOAB,Zwitterionic,C15H15F15N2O3,556.08389999999997,2.2999999999999998,7.8,3.5993370466973346E-6,0.64006269599321897,0.35993370466973423,0,0,0,1,1,-1.3599301053326873,555.72396989466722,96485,-62.491197238813911,14,15,0.58947368421052626,51.251259027639541,7,2.7971289877965524,5.3,7.55,1:10 deionized water,not reported,not reported,not reported,not reported,not reported,not reported,not reported,2.52,BaCl2-TEA (pH 8.2),45.3,30,24.7,Pipette,100,3.4,3.4000000000000002E-2,50 mM CaCl2 + 0.2 g/L NaN3,100,-,2.7804194999999998,2780.4195,0.87380000000000002,25.7,1.4099331233312946,-5.8587959626450331E-2,Calculated in this study from reported Koc at Cw = 10 nM,,,,,,,,,
49,Mejia-Avendaño,2021,Environmental Science and Technology, 10.1021/acs.est.9b04989,soil,ID2,PFOAB,Zwitterionic,C15H15F15N2O3,556.08389999999997,2.2999999999999998,7.8,3.445747815494851E-7,0.28008089754400023,0.71991875788121829,0,0,0,1,1,-1.7199184133064369,555.36398158669363,96485,-125.07352008932629,14,15,0.58947368421052626,51.251259027639541,7,2.7971289877965524,5.3,8.2100000000000009,1:10 deionized water,not reported,not reported,not reported,not reported,not reported,not reported,not reported,11.4,BaCl2-TEA (pH 8.2),28.7,40,31.3,Pipette,100,1.7,1.7000000000000001E-2,50 mM CaCl2 + 0.2 g/L NaN3,100,-,2.7804194999999998,2780.4195,4.5933999999999999,270.2,2.4316853446860116,0.66213426606428571,Calculated in this study from reported Koc at Cw = 10 nM,,,,,,,,,
50,Mejia-Avendaño,2021,Environmental Science and Technology, 10.1021/acs.est.9b04989,soil,ID3,PFOAB,Zwitterionic,C15H15F15N2O3,556.08389999999997,2.2999999999999998,7.8,5.0714183599219327E-5,0.94434228926465436,5.5606996551746432E-2,0,0,0,1,1,-1.0555562823681472,556.02834371763186,96485,-9.6404220483638419,14,15,0.58947368421052626,51.251259027639541,7,2.7971289877965524,5.3,6.57,1:10 deionized water,not reported,not reported,not reported,not reported,not reported,not reported,not reported,9.93,BaCl2-TEA (pH 8.2),20,50,30,Pipette,100,2.9,2.8999999999999998E-2,50 mM CaCl2 + 0.2 g/L NaN3,100,-,2.7804194999999998,2780.4195,4.7849999999999993,164.99999999999997,2.2174839442139063,0.67988194211286235,Calculated in this study from reported Koc at Cw = 10 nM,,,,,,,,,
51,Mejia-Avendaño,2021,Environmental Science and Technology, 10.1021/acs.est.9b04989,soil,ID4,PFOAB,Zwitterionic,C15H15F15N2O3,556.08389999999997,2.2999999999999998,7.8,6.266891148988399E-3,0.99323531199265291,4.9779685835851827E-4,0,0,0,0.99999999999999978,0.99999999999999978,-0.99423090570937001,556.08966909429046,96485,1.000973572370091,14,15,0.58947368421052626,51.251259027639541,7,2.7971289877965524,5.3,4.5,1:10 deionized water,not reported,not reported,not reported,not reported,not reported,not reported,not reported,11.497016666666671,KNN input,51.2,36.200000000000003,12.6,Pipette,100,7.3,7.2999999999999995E-2,50 mM CaCl2 + 0.2 g/L NaN3,100,-,2.7804194999999998,2780.4195,7.0225999999999997,96.2,1.983175072037813,0.84649793215826885,Calculated in this study from reported Koc at Cw = 10 nM,,,,,,,,,
52,Mejia-Avendaño,2021,Environmental Science and Technology, 10.1021/acs.est.9b04989,soil,ID5,PFOAB,Zwitterionic,C15H15F15N2O3,556.08389999999997,2.2999999999999998,7.8,1.4073987676516508E-3,0.99636202450641898,2.2305767259292674E-3,0,0,0,0.99999999999999989,0.99999999999999989,-1.0008231779582775,556.08307682204168,96485,-0.142828164738107,14,15,0.58947368421052626,51.251259027639541,7,2.7971289877965524,5.3,5.15,1:10 deionized water,not reported,not reported,not reported,not reported,not reported,not reported,not reported,0.57999999999999996,BaCl2-TEA (pH 8.2),59.2,32.200000000000003,8.6,Pipette,100,1.8,1.8000000000000002E-2,50 mM CaCl2 + 0.2 g/L NaN3,100,-,2.7804194999999998,2780.4195,1.9116000000000002,106.2,2.0261245167454502,0.28139702184875637,Calculated in this study from reported Koc at Cw = 10 nM,,,,,,,,,
53,XIao,2019,Environmental Science and Technology,10.1021/acs.est.9b05379,soil,BS,PFOAB,Zwitterionic,C15H15F15N2O3,556.08389999999997,2.2999999999999998,7.8,2.4025301563051595E-7,0.24025301563051635,0.75974674411646803,0,0,0,1,1,-1.7597465038634523,555.32415349613655,96485,-132.00243670974268,14,15,0.58947368421052626,51.251259027639541,7,2.7971289877965524,5.3,8.3000000000000007,Figure S1,not reported,not reported,not reported,not reported,not reported,not reported,not reported,24.8,not reported,30.683900000000001,38.891100000000002,30.567799999999998,KNN input,100.14279999999999,0.1,1E-3,"2 mM NaHCO3 + 1 mM NaCl + 3,1 mM NaN3",0.2,15,-,-,1.1950038198728716,1195.0038198728716,3.0773692935243728,7.736929352437262E-2,Calculated in this study at Cw = 10% S,199.52623149688802,(umol/kg)/(umol/L)N,0.18,35.564365386620011,62.68,74.902839429631598,1.1950038198728716,,
54,XIao,2019,Environmental Science and Technology,10.1021/acs.est.9b05379,soil,NF,PFOAB,Zwitterionic,C15H15F15N2O3,556.08389999999997,2.2999999999999998,7.8,3.5847541913797248E-7,0.28474714687591224,0.71525249464866858,0,0,0,1,1,-1.7152521361732493,555.36864786382671,96485,-124.26179011746645,14,15,0.58947368421052626,51.251259027639541,7,2.7971289877965524,5.3,8.1999999999999993,Figure S1,not reported,not reported,not reported,not reported,not reported,not reported,not reported,41.3,not reported,34.417400000000001,33.425600000000003,31.142800000000001,KNN input,98.985800000000012,0.1,1E-3,"2 mM NaHCO3 + 1 mM NaCl + 3,1 mM NaN3",0.2,15,-,-,4.3596220469965017,4359.6220469965019,3.6394488401817204,0.63944884018172055,Calculated in this study at Cw = 10% S,794.32823472428208,(umol/kg)/(umol/L)N,0.22,109.95359935731885,62.68,273.26110990574074,4.3596220469965017,,
55,XIao,2019,Environmental Science and Technology,10.1021/acs.est.9b05379,soil,SW,PFOAB,Zwitterionic,C15H15F15N2O3,556.08389999999997,2.2999999999999998,7.8,1.5946931805270739E-7,0.20075997689803979,0.79923986363264199,0,0,0,0.99999999999999978,0.99999999999999978,-1.7992397041633237,555.2846602958366,96485,-138.87407373204633,14,15,0.58947368421052626,51.251259027639541,7,2.7971289877965524,5.3,8.4,Figure S1,not reported,not reported,not reported,not reported,not reported,not reported,not reported,22.5,not reported,31.346399999999999,39.162100000000002,29.6173,KNN input,100.1258,0.9,9.0000000000000011E-3,"2 mM NaHCO3 + 1 mM NaCl + 3,1 mM NaN3",0.2,15,-,-,4.9209423080959338,546.77136756621485,2.7378057640640798,0.6920482735034047,Calculated in this study at Cw = 10% S,1000,(umol/kg)/(umol/L)N,0.27,100.91423553294175,62.68,308.44466387145314,4.9209423080959338,,
56,XIao,2019,Environmental Science and Technology,10.1021/acs.est.9b05379,soil,CE,PFOAB,Zwitterionic,C15H15F15N2O3,556.08389999999997,2.2999999999999998,7.8,3.5847541913797248E-7,0.28474714687591224,0.71525249464866858,0,0,0,1,1,-1.7152521361732493,555.36864786382671,96485,-124.26179011746645,14,15,0.58947368421052626,51.251259027639541,7,2.7971289877965524,5.3,8.1999999999999993,Figure S1,not reported,not reported,not reported,not reported,not reported,not reported,not reported,38.200000000000003,not reported,33.491900000000001,33.659599999999998,31.685300000000002,KNN input,98.836799999999997,1.2,1.2E-2,"2 mM NaHCO3 + 1 mM NaCl + 3,1 mM NaN3",0.2,15,-,-,1.4120386148219302,117.66988456849418,2.070665327420834,0.14984657346845892,Calculated in this study at Cw = 10% S,398.10717055349761,(umol/kg)/(umol/L)N,0.42,15.566156282030592,62.68,88.506580377038588,1.4120386148219302,,
57,XIao,2019,Environmental Science and Technology,10.1021/acs.est.9b05379,soil,UND,PFOAB,Zwitterionic,C15H15F15N2O3,556.08389999999997,2.2999999999999998,7.8,3.5847541913797248E-7,0.28474714687591224,0.71525249464866858,0,0,0,1,1,-1.7152521361732493,555.36864786382671,96485,-124.26179011746645,14,15,0.58947368421052626,51.251259027639541,7,2.7971289877965524,5.3,8.1999999999999993,Figure S1,not reported,not reported,not reported,not reported,not reported,not reported,not reported,41,not reported,34.556900000000013,33.706099999999999,30.8308,KNN input,99.093800000000002,5.3,5.2999999999999999E-2,"2 mM NaHCO3 + 1 mM NaCl + 3,1 mM NaN3",0.2,15,-,-,2.7838620253091007,52.525698590737747,1.7203718372243002,0.44464770682508931,Calculated in this study at Cw = 10% S,630.95734448019323,(umol/kg)/(umol/L)N,0.32,46.418961336958382,62.68,174.49247174637443,2.7838620253091007,,
58,Nguyen,2020,Environmental Science and Technology, 10.1021/acs.est.0c05705,soil,S1,AmPr-FHxSA,Cationic,C11H13F13N2O2S,484.0487,6.8,9.1999999999999993,0.16361598295586155,0.82002241874855242,0,1.6361598295586179E-2,0,0,1.0000000000000002,0.98363840170441397,-0.83638401704413856,484.1959543846603,96485,29.343159882454376,11,13,0.53441295546558698,51.027923430018504,6,2.592953571547866,4.3,7.5,1:10 CaCl2,not reported,not reported,not reported,not reported,not reported,not reported,not reported,41.4,not reported,16.899999999999999,17.5,65.599999999999994,not reported,100,0.7,6.9999999999999993E-3,10 mM CaCl2,100,-,5,-,9.32,1331.4285714285716,3.1243178723397245,0.96941591235398139,Reported Kd at the soil pH condition ,,,,,,,,,
59,Nguyen,2020,Environmental Science and Technology, 10.1021/acs.est.0c05705,soil,S2,AmPr-FHxSA,Cationic,C11H13F13N2O2S,484.0487,6.8,9.1999999999999993,0.4990067092544575,0.4990067092544575,0,1.9865814910850366E-3,0,0,1,0.99801341850891501,-0.50099329074554255,484.54572012776339,96485,98.968962133448187,11,13,0.53441295546558698,51.027923430018504,6,2.592953571547866,4.3,6.8,1:10 CaCl2,not reported,not reported,not reported,not reported,not reported,not reported,not reported,7.1,not reported,48.9,27,24.2,not reported,100.10000000000001,0.37,3.7000000000000002E-3,10 mM CaCl2,100,-,5,-,1.83,494.59459459459458,2.6942493656634343,0.26245108973042947,Reported Kd at the soil pH condition ,,,,,,,,,
60,Nguyen,2020,Environmental Science and Technology, 10.1021/acs.est.0c05705,soil,S3,AmPr-FHxSA,Cationic,C11H13F13N2O2S,484.0487,6.8,9.1999999999999993,0.7990795678657312,0.200719712421847,0,2.0071971242184705E-4,0,0,1,0.99979928028757814,-0.20092043213426886,484.84757884815326,96485,158.97743750147148,11,13,0.53441295546558698,51.027923430018504,6,2.592953571547866,4.3,6.2,1:10 CaCl2,not reported,not reported,not reported,not reported,not reported,not reported,not reported,8,not reported,51.44,10.17,38.380000000000003,not reported,99.990000000000009,0.08,8.0000000000000004E-4,10 mM CaCl2,100,-,5,-,77.83,97287.5,4.9880570434568279,1.891147030448771,Reported Kd at the soil pH condition ,,,,,,,,,
61,Nguyen,2020,Environmental Science and Technology, 10.1021/acs.est.0c05705,soil,S4,AmPr-FHxSA,Cationic,C11H13F13N2O2S,484.0487,6.8,9.1999999999999993,0.10876101529329767,0.86391945284745819,0,2.7319531859244111E-2,0,0,0.99999999999999989,0.97268046814075582,-0.89123898470670226,484.13014148343404,96485,16.230928124113788,11,13,0.53441295546558698,51.027923430018504,6,2.592953571547866,4.3,7.7,1:10 CaCl2,not reported,not reported,not reported,not reported,not reported,not reported,not reported,4.8,not reported,46,37,17,not reported,100,0.25,2.5000000000000001E-3,10 mM CaCl2,100,-,5,-,456,182400,5.2610248339923977,2.6589648426644348,Reported Kd at the soil pH condition ,,,,,,,,,
62,Nguyen,2020,Environmental Science and Technology, 10.1021/acs.est.0c05705,soil,S5,AmPr-FHxSA,Cationic,C11H13F13N2O2S,484.0487,6.8,9.1999999999999993,0.1982487718534916,0.78924257628299443,0,1.2508651863513911E-2,0,0,0.99999999999999989,0.98749134813648598,-0.80175122814650834,484.23444011998998,96485,37.009212877944535,11,13,0.53441295546558698,51.027923430018504,6,2.592953571547866,4.3,7.4,1:10 CaCl2,not reported,not reported,not reported,not reported,not reported,not reported,not reported,29.6,not reported,39.799999999999997,7.7,52.5,not reported,100,2.23,2.23E-2,10 mM CaCl2,100,-,5,-,4.3499999999999996,195.06726457399103,2.2901843939064768,0.63848925695463732,Reported Kd at the soil pH condition ,,,,,,,,,
63,Nguyen,2020,Environmental Science and Technology, 10.1021/acs.est.0c05705,soil,S6,AmPr-FHxSA,Cationic,C11H13F13N2O2S,484.0487,6.8,9.1999999999999993,0.10876101529329767,0.86391945284745819,0,2.7319531859244111E-2,0,0,0.99999999999999989,0.97268046814075582,-0.89123898470670226,484.13014148343404,96485,16.230928124113788,11,13,0.53441295546558698,51.027923430018504,6,2.592953571547866,4.3,7.7,1:10 CaCl2,not reported,not reported,not reported,not reported,not reported,not reported,not reported,21.63,not reported,70,11,19,not reported,100,4.9000000000000004,4.9000000000000002E-2,10 mM CaCl2,100,-,5,-,8.08,164.89795918367346,2.2172152807460725,0.90741136077458617,Reported Kd at the soil pH condition ,,,,,,,,,
64,Nguyen,2020,Environmental Science and Technology, 10.1021/acs.est.0c05705,soil,S7,AmPr-FHxSA,Cationic,C11H13F13N2O2S,484.0487,6.8,9.1999999999999993,0.10876101529329767,0.86391945284745819,0,2.7319531859244111E-2,0,0,0.99999999999999989,0.97268046814075582,-0.89123898470670226,484.13014148343404,96485,16.230928124113788,11,13,0.53441295546558698,51.027923430018504,6,2.592953571547866,4.3,7.7,1:10 CaCl2,not reported,not reported,not reported,not reported,not reported,not reported,not reported,7.8,not reported,48.9,32.6,18.5,not reported,100,0.13,1.2999999999999999E-3,10 mM CaCl2,100,-,5,-,4.3499999999999996,3346.1538461538462,3.5245459046478005,0.63848925695463732,Reported Kd at the soil pH condition ,,,,,,,,,
65,Nguyen,2020,Environmental Science and Technology, 10.1021/acs.est.0c05705,soil,S8,AmPr-FHxSA,Cationic,C11H13F13N2O2S,484.0487,6.8,9.1999999999999993,0.16361598295586155,0.82002241874855242,0,1.6361598295586179E-2,0,0,1.0000000000000002,0.98363840170441397,-0.83638401704413856,484.1959543846603,96485,29.343159882454376,11,13,0.53441295546558698,51.027923430018504,6,2.592953571547866,4.3,7.5,1:10 CaCl2,not reported,not reported,not reported,not reported,not reported,not reported,not reported,2.2799999999999998,not reported,93,1,5,not reported,99,0.4,4.0000000000000001E-3,10 mM CaCl2,100,-,5,-,4.1900000000000004,1047.5,3.0201540316383331,0.62221402296629535,Reported Kd at the soil pH condition ,,,,,,,,,
66,Nguyen,2020,Environmental Science and Technology, 10.1021/acs.est.0c05705,soil,S9,AmPr-FHxSA,Cationic,C11H13F13N2O2S,484.0487,6.8,9.1999999999999993,0.33210330605741722,0.6626332112529405,0,5.2634826896422997E-3,0,0,1,0.99473651731035773,-0.66789669394258278,484.37553982336777,96485,65.104733342107565,11,13,0.53441295546558698,51.027923430018504,6,2.592953571547866,4.3,7.1,1:10 CaCl2,not reported,not reported,not reported,not reported,not reported,not reported,not reported,17.420000000000002,not reported,48.86,16.05,35.090000000000003,not reported,100,1.19,1.1899999999999999E-2,10 mM CaCl2,100,-,5,-,3.37,283.19327731092437,2.452082939478808,0.52762990087133865,Reported Kd at the soil pH condition ,,,,,,,,,
67,Nguyen,2020,Environmental Science and Technology, 10.1021/acs.est.0c05705,soil,S10,AmPr-FHxSA,Cationic,C11H13F13N2O2S,484.0487,6.8,9.1999999999999993,0.7149301073981581,0.28461880219978897,0,4.51090402052882E-4,0,0,1,0.99954890959794707,-0.28506989260184185,484.76317901699605,96485,142.20656794655656,11,13,0.53441295546558698,51.027923430018504,6,2.592953571547866,4.3,6.4,1:10 CaCl2,not reported,not reported,not reported,not reported,not reported,not reported,not reported,16.54,not reported,29.38,13.9,56.71,not reported,99.990000000000009,0.17,1.7000000000000001E-3,10 mM CaCl2,100,-,5,-,20.79,12229.411764705881,4.0874055679531951,1.3178544893314692,Reported Kd at the soil pH condition ,,,,,,,,,
68,Nguyen,2020,Environmental Science and Technology, 10.1021/acs.est.0c05705,soil,S1,TAmPr-FHxSA,Cationic,C12H15F13N2O2S,498.0643,6.8,-,0,0.83366246918343823,0,0.1663375308165618,0,0,1,0.83366246918343823,-1,497.89796246918343,96485,-32.233666073355934,12,13,0.582995951417004,49.591990431757502,6,2.3111178426625059,4.0999999999999996,7.5,1:10 CaCl2,not reported,not reported,not reported,not reported,not reported,not reported,not reported,41.4,not reported,16.899999999999999,17.5,65.599999999999994,not reported,100,0.7,6.9999999999999993E-3,10 mM CaCl2,100,-,5,-,5.32,760.00000000000011,2.8808135922807914,0.72591163229504818,Reported Kd at the soil pH condition ,,,,,,,,,
69,Nguyen,2020,Environmental Science and Technology, 10.1021/acs.est.0c05705,soil,S2,TAmPr-FHxSA,Cationic,C12H15F13N2O2S,498.0643,6.8,-,0,0.5,0,0.5,0,0,1,0.5,-1,497.5643,96485,-96.957317878312395,12,13,0.582995951417004,49.591990431757502,6,2.3111178426625059,4.0999999999999996,6.8,1:10 CaCl2,not reported,not reported,not reported,not reported,not reported,not reported,not reported,7.1,not reported,48.9,27,24.2,not reported,100.10000000000001,0.37,3.7000000000000002E-3,10 mM CaCl2,100,-,5,-,1.87,505.40540540540542,2.703639882469504,0.27184160653649897,Reported Kd at the soil pH condition ,,,,,,,,,
70,Nguyen,2020,Environmental Science and Technology, 10.1021/acs.est.0c05705,soil,S3,TAmPr-FHxSA,Cationic,C12H15F13N2O2S,498.0643,6.8,-,0,0.20076000891310183,0,0.79923999108689814,0,0,1,0.20076000891310183,-1,497.26506000891305,96485,-155.07759692313221,12,13,0.582995951417004,49.591990431757502,6,2.3111178426625059,4.0999999999999996,6.2,1:10 CaCl2,not reported,not reported,not reported,not reported,not reported,not reported,not reported,8,not reported,51.44,10.17,38.380000000000003,not reported,99.990000000000009,0.08,8.0000000000000004E-4,10 mM CaCl2,100,-,5,-,141.63999999999999,177049.99999999997,5.24809593109413,2.1511859180860733,Reported Kd at the soil pH condition ,,,,,,,,,
71,Nguyen,2020,Environmental Science and Technology, 10.1021/acs.est.0c05705,soil,S4,TAmPr-FHxSA,Cationic,C12H15F13N2O2S,498.0643,6.8,-,0,0.8881842302218832,0,0.11181576977811683,0,0,1,0.8881842302218832,-1,497.9524842302219,96485,-21.665811274582687,12,13,0.582995951417004,49.591990431757502,6,2.3111178426625059,4.0999999999999996,7.7,1:10 CaCl2,not reported,not reported,not reported,not reported,not reported,not reported,not reported,4.8,not reported,46,37,17,not reported,100,0.25,2.5000000000000001E-3,10 mM CaCl2,100,-,5,-,547,218800,5.3400473176613934,2.7379873263334309,Reported Kd at the soil pH condition ,,,,,,,,,
72,Nguyen,2020,Environmental Science and Technology, 10.1021/acs.est.0c05705,soil,S5,TAmPr-FHxSA,Cationic,C12H15F13N2O2S,498.0643,6.8,-,0,0.79923999108689847,0,0.20076000891310153,0,0,1,0.79923999108689847,-1,497.8635399910869,96485,-38.90690501322387,12,13,0.582995951417004,49.591990431757502,6,2.3111178426625059,4.0999999999999996,7.4,1:10 CaCl2,not reported,not reported,not reported,not reported,not reported,not reported,not reported,29.6,not reported,39.799999999999997,7.7,52.5,not reported,100,2.23,2.23E-2,10 mM CaCl2,100,-,5,-,4.8099999999999996,215.69506726457396,2.3338402133256708,0.6821450763738317,Reported Kd at the soil pH condition ,,,,,,,,,
73,Nguyen,2020,Environmental Science and Technology, 10.1021/acs.est.0c05705,soil,S6,TAmPr-FHxSA,Cationic,C12H15F13N2O2S,498.0643,6.8,-,0,0.8881842302218832,0,0.11181576977811683,0,0,1,0.8881842302218832,-1,497.9524842302219,96485,-21.665811274582687,12,13,0.582995951417004,49.591990431757502,6,2.3111178426625059,4.0999999999999996,7.7,1:10 CaCl2,not reported,not reported,not reported,not reported,not reported,not reported,not reported,21.63,not reported,70,11,19,not reported,100,4.9000000000000004,4.9000000000000002E-2,10 mM CaCl2,100,-,5,-,5.52,112.65306122448979,2.0517429977006851,0.74193907772919887,Reported Kd at the soil pH condition ,,,,,,,,,
74,Nguyen,2020,Environmental Science and Technology, 10.1021/acs.est.0c05705,soil,S7,TAmPr-FHxSA,Cationic,C12H15F13N2O2S,498.0643,6.8,-,0,0.8881842302218832,0,0.11181576977811683,0,0,1,0.8881842302218832,-1,497.9524842302219,96485,-21.665811274582687,12,13,0.582995951417004,49.591990431757502,6,2.3111178426625059,4.0999999999999996,7.7,1:10 CaCl2,not reported,not reported,not reported,not reported,not reported,not reported,not reported,7.8,not reported,48.9,32.6,18.5,not reported,100,0.13,1.2999999999999999E-3,10 mM CaCl2,100,-,5,-,7.1,5461.5384615384619,3.7373149964122385,0.85125834871907524,Reported Kd at the soil pH condition ,,,,,,,,,
75,Nguyen,2020,Environmental Science and Technology, 10.1021/acs.est.0c05705,soil,S8,TAmPr-FHxSA,Cationic,C12H15F13N2O2S,498.0643,6.8,-,0,0.83366246918343823,0,0.1663375308165618,0,0,1,0.83366246918343823,-1,497.89796246918343,96485,-32.233666073355934,12,13,0.582995951417004,49.591990431757502,6,2.3111178426625059,4.0999999999999996,7.5,1:10 CaCl2,not reported,not reported,not reported,not reported,not reported,not reported,not reported,2.2799999999999998,not reported,93,1,5,not reported,99,0.4,4.0000000000000001E-3,10 mM CaCl2,100,-,5,-,7.26,1815,3.2588766293721312,0.86093662070009369,Reported Kd at the soil pH condition ,,,,,,,,,
76,Nguyen,2020,Environmental Science and Technology, 10.1021/acs.est.0c05705,soil,S9,TAmPr-FHxSA,Cationic,C12H15F13N2O2S,498.0643,6.8,-,0,0.66613942458312203,0,0.33386057541687802,0,0,1,0.66613942458312203,-1,497.73043942458315,96485,-64.718841902331278,12,13,0.582995951417004,49.591990431757502,6,2.3111178426625059,4.0999999999999996,7.1,1:10 CaCl2,not reported,not reported,not reported,not reported,not reported,not reported,not reported,17.420000000000002,not reported,48.86,16.05,35.090000000000003,not reported,100,1.19,1.1899999999999999E-2,10 mM CaCl2,100,-,5,-,8.07,678.15126050420179,2.8313265733295396,0.90687353472207044,Reported Kd at the soil pH condition ,,,,,,,,,
77,Nguyen,2020,Environmental Science and Technology, 10.1021/acs.est.0c05705,soil,S10,TAmPr-FHxSA,Cationic,C12H15F13N2O2S,498.0643,6.8,-,0,0.28474724895080167,0,0.71525275104919828,0,0,1,0.28474724895080167,-1,497.3490472489508,96485,-138.75800520120026,12,13,0.582995951417004,49.591990431757502,6,2.3111178426625059,4.0999999999999996,6.4,1:10 CaCl2,not reported,not reported,not reported,not reported,not reported,not reported,not reported,16.54,not reported,29.38,13.9,56.71,not reported,99.990000000000009,0.17,1.7000000000000001E-3,10 mM CaCl2,100,-,5,-,40.21,23652.941176470587,4.3738851517246369,1.6043340731029112,Reported Kd at the soil pH condition ,,,,,,,,,
78,Jinxia Liu,2007,Environmental Science and Technology,10.1021/es070228n,soil,7CB2,4:2 FTOH,FTOH,C6H5F9O,264.01949999999999,14.2,-,0,0,0,1.2589254102092737E-9,0,0.99999999874107459,1,0,-1.2589254102092737E-9,264.01949999874108,96485,-4.6006987440178074E-7,6,9,0.42105263157894735,64.767943276917052,4,4.9869507878585164,3,5.3,CaCl2,not reported,not reported,not reported,not reported,not reported,not reported,not reported,10.9,not reported,32,50,18,not reported,100,8.18,8.1799999999999998E-2,10 mM CaCl2,20,50,500,20000,0.70099999999999996,8.569682151589241,0.93296471429533556,-0.15428198203334137,Linear isotehrm (TS3) reported in log but actually is Kd,,,,,,,,,
79,Jinxia Liu,2007,Environmental Science and Technology,10.1021/es070228n,soil,7CB2,6:2 FTOH,FTOH,C8H5F13O,364.01309999999995,14.2,-,0,0,0,1.2589254102092737E-9,0,0.99999999874107459,1,0,-1.2589254102092737E-9,364.01309999874104,96485,-3.3368968920201461E-7,8,13,0.38866396761133604,67.854700833568913,6,3.3394514413064407,4.4000000000000004,5.3,CaCl2,not reported,not reported,not reported,not reported,not reported,not reported,not reported,10.9,not reported,32,50,18,not reported,100,8.18,8.1799999999999998E-2,10 mM CaCl2,20,50,300,3000,17,207.82396088019561,2.317695617706951,1.2304489213782739,Linear isotehrm (TS3) reported in log but actually is Kd,,,,,,,,,
80,Jinxia Liu,2007,Environmental Science and Technology,10.1021/es070228n,soil,Drummer-6,6:2 FTOH,FTOH,C8H5F13O,364.01309999999995,14.2,-,0,0,0,3.9810716896860486E-9,0,0.99999999601892831,1,0,-3.9810716896860486E-9,364.01309999601887,96485,-1.0552194467274923E-6,8,13,0.38866396761133604,67.854700833568913,6,3.3394514413064407,4.4000000000000004,5.8,CaCl2,not reported,not reported,not reported,not reported,not reported,not reported,not reported,23.3,not reported,21,43,36,not reported,100,2.5,2.5000000000000001E-2,10 mM CaCl2,20,50,300,3000,6.09,243.6,2.3866772839608377,0.78461729263287538,Linear isotehrm (TS3) reported in log but actually is Kd,,,,,,,,,
81,Jinxia Liu,2007,Environmental Science and Technology,10.1021/es070228n,soil,Oakville-24,6:2 FTOH,FTOH,C8H5F13O,364.01309999999995,14.2,-,0,0,0,1.5848931922099271E-10,0,0.99999999984151078,1,0,-1.5848931922099271E-10,364.01309999984153,96485,-4.2009042985112734E-8,8,13,0.38866396761133604,67.854700833568913,6,3.3394514413064407,4.4000000000000004,4.4000000000000004,CaCl2,not reported,not reported,not reported,not reported,not reported,not reported,not reported,3.8,not reported,92,4,4,not reported,100,0.52,5.1999999999999998E-3,10 mM CaCl2,20,50,300,3000,1.94,373.07692307692309,2.571798386295427,0.28780172993022601,Linear isotehrm (TS3) reported in log but actually is Kd,,,,,,,,,
82,Jinxia Liu,2005,Environmental Science and Technology,10.1021/es051125c,soil,EPA-14,8:2 FTOH,FTOH,C10H5F17O,464.00669999999997,14.2,-,0,0,0,2.5118864314464804E-11,0,0.9999999999748812,1,0,-2.5118864314464804E-11,464.0066999999749,96485,-5.2231866983413554E-9,10,17,0.37151702786377711,69.611063805759713,8,1.8286598965353198,5.7,3.6,CaCl2,not reported,not reported,not reported,not reported,not reported,not reported,not reported,18.899999999999999,not reported,2,34,64,not reported,100,0.48,4.7999999999999996E-3,10 mM CaCl2,25,100,180,1800,34.200000000000003,7125.0000000000009,3.8527848686805477,1.5340261060561351,From direct measurement (T4),,,,,,,,,
83,Jinxia Liu,2005,Environmental Science and Technology,10.1021/es051125c,soil,Drummer-6,8:2 FTOH,FTOH,C10H5F17O,464.00669999999997,14.2,-,0,0,0,3.9810716896860486E-9,0,0.99999999601892831,1,0,-3.9810716896860486E-9,464.00669999601888,96485,-8.2781930084771202E-7,10,17,0.37151702786377711,69.611063805759713,8,1.8286598965353198,5.7,5.8,CaCl2,not reported,not reported,not reported,not reported,not reported,not reported,not reported,23.3,not reported,21,43,36,not reported,100,2.5,2.5000000000000001E-2,10 mM CaCl2,25,100,180,1800,148.1,5923.9999999999991,3.7726150498491706,2.1705550585212086,From direct measurement (T4),,,,,,,,,
84,Jinxia Liu,2005,Environmental Science and Technology,10.1021/es051125c,soil,Oakville-24,8:2 FTOH,FTOH,C10H5F17O,464.00669999999997,14.2,-,0,0,0,1.5848931922099271E-10,0,0.99999999984151078,1,0,-1.5848931922099271E-10,464.00669999984154,96485,-3.29560800847115E-8,10,17,0.37151702786377711,69.611063805759713,8,1.8286598965353198,5.7,4.4000000000000004,CaCl2,not reported,not reported,not reported,not reported,not reported,not reported,not reported,3.8,not reported,92,4,4,not reported,100,0.52,5.1999999999999998E-3,10 mM CaCl2,25,100,180,1800,28.2,5423.0769230769229,3.7342457646845619,1.4502491083193612,From direct measurement (T4),,,,,,,,,
85,Jinxia Liu,2005,Environmental Science and Technology,10.1021/es051125c,soil,7CB2,8:2 FTOH,FTOH,C10H5F17O,464.00669999999997,14.2,-,0,0,0,1.2589254102092737E-9,0,0.99999999874107459,1,0,-1.2589254102092737E-9,464.00669999874106,96485,-2.6177944888375825E-7,10,17,0.37151702786377711,69.611063805759713,8,1.8286598965353198,5.7,5.3,CaCl2,not reported,not reported,not reported,not reported,not reported,not reported,not reported,10.9,not reported,32,50,18,not reported,100,8.18,8.1799999999999998E-2,10 mM CaCl2,25,100,180,1800,448.9,5487.7750611246938,3.7393963017303298,2.6521496054016529,From direct measurement (T4),,,,,,,,,
86,Jinxia Liu,2005,Environmental Science and Technology,10.1021/es051125c,soil,SK96109 8,8:2 FTOH,FTOH,C10H5F17O,464.00669999999997,14.2,-,0,0,0,1.9952619168617886E-7,0,0.99999980047380832,1,0,-1.9952619168617886E-7,464.00669980047377,96485,-4.1489238437977636E-5,10,17,0.37151702786377711,69.611063805759713,8,1.8286598965353198,5.7,7.5,CaCl2,not reported,not reported,not reported,not reported,not reported,not reported,not reported,38.200000000000003,not reported,38,28,34,not reported,100,4.5999999999999996,4.5999999999999999E-2,10 mM CaCl2,25,100,180,1800,274,5956.521739130435,3.7749927311388141,2.4377505628203879,From direct measurement (T4),,,,,,,,,
87,Jinxia Liu,2007,Environmental Science and Technology,10.1021/es070228n,soil,7CB2,10:2 FTOH,FTOH,C12H5F21O,564.00030000000004,14.2,-,0,0,0,1.2589254102092737E-9,0,0.99999999874107459,1,0,-1.2589254102092737E-9,564.00029999874107,96485,-2.1536764821634478E-7,12,21,0.36090225563909772,70.744643220934449,10,-0.10237290870955855,7.1,5.3,CaCl2,not reported,not reported,not reported,not reported,not reported,not reported,not reported,10.9,not reported,32,50,18,not reported,100,8.18,8.1799999999999998E-2,10 mM CaCl2,10,33.333333333333336,10,1800,3713,45391.198044009783,4.6569716455548358,3.5697249492261589,Linear isotehrm (TS3) reported in log but actually is Kd; data with 10% cosolvent,,,,,,,,,
88,Jinxia Liu,2007,Environmental Science and Technology,10.1021/es070228n,soil,Drummer-6,10:2 FTOH,FTOH,C12H5F21O,564.00030000000004,14.2,-,0,0,0,3.9810716896860486E-9,0,0.99999999601892831,1,0,-3.9810716896860486E-9,564.00029999601895,96485,-6.8105230082691391E-7,12,21,0.36090225563909772,70.744643220934449,10,-0.10237290870955855,7.1,5.8,CaCl2,not reported,not reported,not reported,not reported,not reported,not reported,not reported,23.3,not reported,21,43,36,not reported,100,2.5,2.5000000000000001E-2,10 mM CaCl2,10,33.333333333333336,10,1800,2051,82040,4.9140256516963285,3.3119656603683665,Linear isotehrm (TS3) reported in log but actually is Kd; data with 10% cosolvent,,,,,,,,,
89,Jinxia Liu,2007,Environmental Science and Technology,10.1021/es070228n,soil,Oakville-24,10:2 FTOH,FTOH,C12H5F21O,564.00030000000004,14.2,-,0,0,0,1.5848931922099271E-10,0,0.99999999984151078,1,0,-1.5848931922099271E-10,564.00029999984156,96485,-2.711318055157378E-8,12,21,0.36090225563909772,70.744643220934449,10,-0.10237290870955855,7.1,4.4000000000000004,CaCl2,not reported,not reported,not reported,not reported,not reported,not reported,not reported,3.8,not reported,92,4,4,not reported,100,0.52,5.1999999999999998E-3,10 mM CaCl2,10,33.333333333333336,10,1800,88.9,17096.153846153848,4.2328984173354147,1.9489017609702137,Linear isotehrm (TS3) reported in log but actually is Kd; data with 20% cosolvent,,,,,,,,,
90,Richey,1997,Environmental Science and Technology, 10.1021/es960649x,soil,"Bonanza Creek, AK, organic horitzon",TFA,acid,C2HF3O2,113.9928,-0.2,-,0,0,0,0.99999683773233983,0,3.1622676601999995E-6,1,0,-0.99999683773233983,112.99280316226768,96485,-853.90124139184547,2,3,0.42105263157894735,50.00315809419542,1,7.9887818434536406,0.9,5.3,0.01 M CaCl2,not reported,not reported,not reported,not reported,not reported,not reported,not reported,63.6,BaCl2-TEA (pH 8.2),29.444759999999999,36.921840000000003,33.395319999999998,KNN input,99.761920000000003,41.25,0.41249999999999998,deionized water,200,-,0.27404000000000001,5.4808000000000003,11,26.666666666666668,1.4259687322722812,1.0413926851582251,Reported Kd in Table 1,,,,,,,,,
91,Richey,1997,Environmental Science and Technology, 10.1021/es960649x,soil,"Bonanza Creek, AK, mineral horitzon",TFA,acid,C2HF3O2,113.9928,-0.2,-,0,0,0,0.99998451207369043,0,1.5487926309548176E-5,1,0,-0.99998451207369043,112.99281548792631,96485,-853.89062331790137,2,3,0.42105263157894735,50.00315809419542,1,7.9887818434536406,0.9,4.6100000000000003,0.01 M CaCl2,not reported,not reported,not reported,not reported,not reported,not reported,not reported,12.1,BaCl2-TEA (pH 8.2),31.160260000000001,41.962400000000002,26.782399999999999,KNN input,99.905059999999992,15.15,0.1515,deionized water,200,-,0.27404000000000001,5.4808000000000003,0.86,5.6765676567656769,0.75408581840524391,-6.5501548756432285E-2,Reported Kd in Table 1,,,,,,,,,
92,Richey,1997,Environmental Science and Technology, 10.1021/es960649x,soil,"Coweeta, NC, A horitzon (mesic)",TFA,acid,C2HF3O2,113.9928,-0.2,-,0,0,0,0.99995635032215358,0,4.3649677846471338E-5,1,0,-0.99995635032215358,112.99284364967785,96485,-853.86636307659705,2,3,0.42105263157894735,50.00315809419542,1,7.9887818434536406,0.9,4.16,0.01 M CaCl2,not reported,not reported,not reported,not reported,not reported,not reported,not reported,2.1,BaCl2-TEA (pH 8.2),48.229533331999988,27.424466668000001,24.326000000000001,KNN input,99.97999999999999,4.7,4.7E-2,deionized water,50,-,0.27404000000000001,5.4808000000000003,1.5,31.914893617021278,1.5039934011199638,0.17609125905568124,Reported Kd in Table 1,,,,,,,,,
93,Richey,1997,Environmental Science and Technology, 10.1021/es960649x,soil,"Coweeta, NC, AB horitzon (mesic)",TFA,acid,C2HF3O2,113.9928,-0.2,-,0,0,0,0.99996019086777477,0,3.9809132225250393E-5,1,0,-0.99996019086777477,112.99283980913224,96485,-853.86967155488298,2,3,0.42105263157894735,50.00315809419542,1,7.9887818434536406,0.9,4.2,0.01 M CaCl2,not reported,not reported,not reported,not reported,not reported,not reported,not reported,1.4,BaCl2-TEA (pH 8.2),53.058466663999987,24.137800001399999,23.219333336599998,KNN input,100.41560000199999,3.1,3.1E-2,deionized water,50,-,0.27404000000000001,5.4808000000000003,0.68,21.935483870967744,1.3411472188719638,-0.16749108729376366,Reported Kd in Table 1,,,,,,,,,
94,Richey,1997,Environmental Science and Technology, 10.1021/es960649x,soil,"Coweeta, NC, A horitzon (frigid)",TFA,acid,C2HF3O2,113.9928,-0.2,-,0,0,0,0.99995213928152571,0,4.7860718474253574E-5,1,0,-0.99995213928152571,112.99284786071847,96485,-853.86273543176208,2,3,0.42105263157894735,50.00315809419542,1,7.9887818434536406,0.9,4.12,0.01 M CaCl2,not reported,not reported,not reported,not reported,not reported,not reported,not reported,5.4,BaCl2-TEA (pH 8.2),41.206433332000003,34.288066667999999,24.420400000000001,KNN input,99.914900000000003,12.4,0.124,deionized water,200,-,0.27404000000000001,5.4808000000000003,1.2,9.67741935483871,0.98575956088538974,7.9181246047624818E-2,Reported Kd in Table 1,,,,,,,,,
95,Richey,1997,Environmental Science and Technology, 10.1021/es960649x,soil,"Lzsina, Czech Republic, Oa horitzon",TFA,acid,C2HF3O2,113.9928,-0.2,-,0,0,0,0.99890472275147857,0,1.0952772485214495E-3,1,0,-0.99890472275147857,112.99389527724853,96485,-852.96043594385685,2,3,0.42105263157894735,50.00315809419542,1,7.9887818434536406,0.9,2.76,0.01 M CaCl2,not reported,not reported,not reported,not reported,not reported,not reported,not reported,20.6,BaCl2-TEA (pH 8.2),26.27664,41.3538,32.242899999999999,KNN input,99.873339999999985,19.25,0.1925,deionized water,200,-,0.27404000000000001,5.4808000000000003,0.71,3.6883116883116882,0.5668276148745558,-0.14874165128092473,Reported Kd in Table 1,,,,,,,,,
96,Richey,1997,Environmental Science and Technology, 10.1021/es960649x,soil,"Lzsina, Czech Republic, E horitzon",TFA,acid,C2HF3O2,113.9928,-0.2,-,0,0,0,0.99951046094649121,0,4.8953905350878333E-4,1,0,-0.99951046094649121,112.99328953905352,96485,-853.4822485284908,2,3,0.42105263157894735,50.00315809419542,1,7.9887818434536406,0.9,3.11,0.01 M CaCl2,not reported,not reported,not reported,not reported,not reported,not reported,not reported,4,BaCl2-TEA (pH 8.2),39.787999999999997,32.98762,27.945879999999999,KNN input,100.72150000000001,1.45,1.4499999999999999E-2,deionized water,50,-,0.27404000000000001,5.4808000000000003,0.3,20.689655172413794,1.3157532524846876,-0.52287874528033762,Reported Kd in Table 1,,,,,,,,,
97,Richey,1997,Environmental Science and Technology, 10.1021/es960649x,soil,"Lzsina, Czech Republic, BS1 horitzon",TFA,acid,C2HF3O2,113.9928,-0.2,-,0,0,0,0.99971168000208299,0,2.883199979169627E-4,1,0,-0.99971168000208299,112.99308831999791,96485,-853.65558972804581,2,3,0.42105263157894735,50.00315809419542,1,7.9887818434536406,0.9,3.34,0.01 M CaCl2,not reported,not reported,not reported,not reported,not reported,not reported,not reported,11.6,BaCl2-TEA (pH 8.2),26.444199999999999,44.642479999999999,29.08042,KNN input,100.1671,3.95,3.95E-2,deionized water,50,-,0.27404000000000001,5.4808000000000003,0.54,13.670886075949367,1.1357966641965083,-0.26760624017703144,Reported Kd in Table 1,,,,,,,,,
98,Richey,1997,Environmental Science and Technology, 10.1021/es960649x,soil,"Lzsina, Czech Republic, BS2 horitzon",TFA,acid,C2HF3O2,113.9928,-0.2,-,0,0,0,0.99990228582689711,0,9.7714173102883895E-5,1,0,-0.99990228582689711,112.9928977141731,96485,-853.81978867426551,2,3,0.42105263157894735,50.00315809419542,1,7.9887818434536406,0.9,3.81,0.01 M CaCl2,not reported,not reported,not reported,not reported,not reported,not reported,not reported,7.3,BaCl2-TEA (pH 8.2),33.674500000000002,39.165199999999999,27.11468,KNN input,99.954379999999986,3.55,3.5499999999999997E-2,deionized water,50,-,0.27404000000000001,5.4808000000000003,0.53,14.929577464788734,1.1740475165456949,-0.27572413039921095,Reported Kd in Table 1,,,,,,,,,
99,Richey,1997,Environmental Science and Technology, 10.1021/es960649x,soil,"Lzsina, Czech Republic, C horitzon",TFA,acid,C2HF3O2,113.9928,-0.2,-,0,0,0,0.99994376902958082,0,5.6230970419192664E-5,1,0,-0.99994376902958082,112.99285623097042,96485,-853.85552479179512,2,3,0.42105263157894735,50.00315809419542,1,7.9887818434536406,0.9,4.05,0.01 M CaCl2,not reported,not reported,not reported,not reported,not reported,not reported,not reported,3.7,BaCl2-TEA (pH 8.2),40.789533331999998,32.565086667999999,27.02148,KNN input,100.37609999999999,2,0.02,deionized water,50,-,0.27404000000000001,5.4808000000000003,0.6,30,1.4771212547196624,-0.22184874961635639,Reported Kd in Table 1,,,,,,,,,
100,Richey,1997,Environmental Science and Technology, 10.1021/es960649x,soil,"Hubbard Brook, NH, Oa horizon",TFA,acid,C2HF3O2,113.9928,-0.2,-,0,0,0,0.99942489100334786,0,5.7510899665216082E-4,1,0,-0.99942489100334786,112.99337510899666,96485,-853.40853404404766,2,3,0.42105263157894735,50.00315809419542,1,7.9887818434536406,0.9,3.04,0.01 M CaCl2,not reported,not reported,not reported,not reported,not reported,not reported,not reported,17.2,BaCl2-TEA (pH 8.2),31.082180000000001,42.079700000000003,26.428380000000001,KNN input,99.590260000000001,39.75,0.39750000000000002,deionized water,200,-,0.27404000000000001,5.4808000000000003,3.9,9.8113207547169807,0.99172747403401007,0.59106460702649921,Reported Kd in Table 1,,,,,,,,,
101,Richey,1997,Environmental Science and Technology, 10.1021/es960649x,soil,"Hubbard Brook, NH, E horizon",TFA,acid,C2HF3O2,113.9928,-0.2,-,0,0,0,0.99958330432419917,0,4.166956758008689E-4,1,0,-0.99958330432419917,112.99321669567581,96485,-853.54499976290379,2,3,0.42105263157894735,50.00315809419542,1,7.9887818434536406,0.9,3.18,0.01 M CaCl2,not reported,not reported,not reported,not reported,not reported,not reported,not reported,1,BaCl2-TEA (pH 8.2),53.902133331999998,23.068733333400001,22.9687333366,KNN input,99.939600001999992,0.7,6.9999999999999993E-3,deionized water,50,-,0.27404000000000001,5.4808000000000003,0.34,48.571428571428577,1.6863808770279984,-0.46852108295774486,Reported Kd in Table 1,,,,,,,,,
102,Richey,1997,Environmental Science and Technology, 10.1021/es960649x,soil,"Hubbard Brook, NH, Bh horizon",TFA,acid,C2HF3O2,113.9928,-0.2,-,0,0,0,0.99983406884697312,0,1.6593115302684591E-4,1,0,-0.99983406884697312,112.99296593115302,96485,-853.76102253550073,2,3,0.42105263157894735,50.00315809419542,1,7.9887818434536406,0.9,3.58,0.01 M CaCl2,not reported,not reported,not reported,not reported,not reported,not reported,not reported,12.5,BaCl2-TEA (pH 8.2),26.484860000000001,43.699399999999997,29.7468,KNN input,99.931060000000002,8.5,8.5000000000000006E-2,deionized water,200,-,0.27404000000000001,5.4808000000000003,0.68,8,0.90308998699194354,-0.16749108729376366,Reported Kd in Table 1,,,,,,,,,
103,Richey,1997,Environmental Science and Technology, 10.1021/es960649x,soil,"Hubbard Brook, NH, Bs1 horizon",TFA,acid,C2HF3O2,113.9928,-0.2,-,0,0,0,0.99994988378839778,0,5.0116211602181963E-5,1,0,-0.99994988378839778,112.9928501162116,96485,-853.86079241381231,2,3,0.42105263157894735,50.00315809419542,1,7.9887818434536406,0.9,4.0999999999999996,0.01 M CaCl2,not reported,not reported,not reported,not reported,not reported,not reported,not reported,2.2999999999999998,BaCl2-TEA (pH 8.2),47.718333331999993,27.502666668,24.922599999999999,KNN input,100.14359999999999,4.05,4.0500000000000001E-2,deionized water,50,-,0.27404000000000001,5.4808000000000003,0.42,10.37037037037037,1.0157942671832318,-0.37675070960209955,Reported Kd in Table 1,,,,,,,,,
104,Richey,1997,Environmental Science and Technology, 10.1021/es960649x,soil,"Hubbard Brook, NH, Bs2 horizon",TFA,acid,C2HF3O2,113.9928,-0.2,-,0,0,0,0.99998741090436938,0,1.258909563061765E-5,1,0,-0.99998741090436938,112.99281258909564,96485,-853.89312054720233,2,3,0.42105263157894735,50.00315809419542,1,7.9887818434536406,0.9,4.7,0.01 M CaCl2,not reported,not reported,not reported,not reported,not reported,not reported,not reported,0.05,BaCl2-TEA (pH 8.2),55.095733332000002,23.2071733334,21.859333336599999,KNN input,100.162240002,0.25,2.5000000000000001E-3,deionized water,50,-,0.27404000000000001,5.4808000000000003,0.17,68,1.8325089127062364,-0.769551078621726,Reported Kd in Table 1,,,,,,,,,
105,Richey,1997,Environmental Science and Technology, 10.1021/es960649x,soil,"Hubbard Brook, NH, wetland",TFA,acid,C2HF3O2,113.9928,-0.2,-,0,0,0,0.99999424563373951,0,5.7543662604499578E-6,1,0,-0.99999424563373951,112.99280575436626,96485,-853.89900839986012,2,3,0.42105263157894735,50.00315809419542,1,7.9887818434536406,0.9,5.04,0.01 M CaCl2,not reported,not reported,not reported,not reported,not reported,not reported,not reported,17.7,BaCl2-TEA (pH 8.2),30.67088,41.485500000000002,27.36758,KNN input,99.523960000000002,37.6,0.376,deionized water,200,-,0.27404000000000001,5.4808000000000003,5.8,15.425531914893616,1.1882401486352763,0.76342799356293722,Reported Kd in Table 1,,,,,,,,,
106,Richey,1997,Environmental Science and Technology, 10.1021/es960649x,soil,"Lake Agassiz, MN, peat core",TFA,acid,C2HF3O2,113.9928,-0.2,-,0,0,0,0.99961995509272328,0,3.8004490727668819E-4,1,0,-0.99961995509272328,112.99318004490728,96485,-853.57657275235204,2,3,0.42105263157894735,50.00315809419542,1,7.9887818434536406,0.9,3.22,0.01 M CaCl2,not reported,not reported,not reported,not reported,not reported,not reported,not reported,17,BaCl2-TEA (pH 8.2),32.373779999999996,41.575100000000013,25.684380000000001,KNN input,99.633260000000007,46.65,0.46649999999999997,deionized water,200,-,0.27404000000000001,5.4808000000000003,20,42.872454448017152,1.6321783475814624,1.3010299956639813,Reported Kd in Table 1,,,,,,,,,
107,Richey,1997,Environmental Science and Technology, 10.1021/es960649x,soil,"Konza Prairie, KS, surface soil",TFA,acid,C2HF3O2,113.9928,-0.2,-,0,0,0,0.9999991087498562,0,8.9125014380621806E-7,1,0,-0.9999991087498562,112.99280089125016,96485,-853.90319778506694,2,3,0.42105263157894735,50.00315809419542,1,7.9887818434536406,0.9,5.85,0.01 M CaCl2,not reported,not reported,not reported,not reported,not reported,not reported,not reported,23.1,BaCl2-TEA (pH 8.2),27.626999999999999,39.012440000000012,32.874420000000001,KNN input,99.513860000000008,5.05,5.0499999999999996E-2,deionized water,50,-,0.27404000000000001,5.4808000000000003,1.5,29.702970297029704,1.47279988093702,0.17609125905568124,Reported Kd in Table 1,,,,,,,,,
108,Richey,1997,Environmental Science and Technology, 10.1021/es960649x,soil,"Niwot Ridge, CO, organic horitzon",TFA,acid,C2HF3O2,113.9928,-0.2,-,0,0,0,0.99997048877867123,0,2.9511221328777069E-5,1,0,-0.99997048877867123,112.99282951122133,96485,-853.87854279928831,2,3,0.42105263157894735,50.00315809419542,1,7.9887818434536406,0.9,4.33,0.01 M CaCl2,not reported,not reported,not reported,not reported,not reported,not reported,not reported,5.5,BaCl2-TEA (pH 8.2),41.294633331999997,33.906466668,24.7012,KNN input,99.902299999999997,9.3000000000000007,9.3000000000000013E-2,deionized water,200,-,0.27404000000000001,5.4808000000000003,0.19,2.0430107526881716,0.31027065239889373,-0.72124639904717103,Reported Kd in Table 1,,,,,,,,,
109,Richey,1997,Environmental Science and Technology, 10.1021/es960649x,soil,"Niwot Ridge, CO, mineral horitzon",TFA,acid,C2HF3O2,113.9928,-0.2,-,0,0,0,0.99998769746364613,0,1.2302536353861022E-5,1,0,-0.99998769746364613,112.99281230253635,96485,-853.89336740682336,2,3,0.42105263157894735,50.00315809419542,1,7.9887818434536406,0.9,4.71,0.01 M CaCl2,not reported,not reported,not reported,not reported,not reported,not reported,not reported,10.4,BaCl2-TEA (pH 8.2),28.642600000000002,43.101199999999999,28.362819999999999,KNN input,100.10661999999999,3.05,3.0499999999999999E-2,deionized water,50,-,0.27404000000000001,5.4808000000000003,0.32,10.491803278688526,1.0208501389731202,-0.49485002168009401,Reported Kd in Table 1,,,,,,,,,
110,McLachlan,2019,Chemosphere, 10.1016/j.chemosphere.2019.02.012,soil,Lower Layer,PFBA,PFCA,C4HF7O2,213.9864,-0.2,-,0,0,0,0.9999964518786969,0,3.5481213031263005E-6,1,0,-0.9999964518786969,212.98640354812133,96485,-453.00853036713534,4,7,0.36090225563909772,62.153482651233901,3,6.1376705372367555,2.2000000000000002,5.25,not reported,not reported,not reported,not reported,not reported,not reported,not reported,not reported,5.7023166666666656,KNN input,100,0,0,not reported,100,0.4,4.0000000000000001E-3,deionized water,200,-,1,1000,0.11,27.5,1.4393326938302626,-0.95860731484177497,Mean reported Kd value  in Table S9,,,,,,,,,
111,McLachlan,2019,Chemosphere, 10.1016/j.chemosphere.2019.02.012,soil,Upper layer,PFBA,PFCA,C4HF7O2,213.9864,-0.2,-,0,0,0,0.99999865103893715,0,1.3489610628932487E-6,1,0,-0.99999865103893715,212.9864013489611,96485,-453.00953128650292,4,7,0.36090225563909772,62.153482651233901,3,6.1376705372367555,2.2000000000000002,5.67,not reported,not reported,not reported,not reported,not reported,not reported,not reported,not reported,9.2037666666666649,KNN input,71,24,5,not reported,100,0.93,9.300000000000001E-3,deionized water,200,-,1,1000,0.12,12.90322580645161,1.1106982974936896,-0.92081875395237522,Mean reported Kd value  in Table S9,,,,,,,,,
112,Guelfo,2013,Environmental Science and Technology, 10.1021/es3048043,soil,Loamy sand A,PFBA,PFCA,C4HF7O2,213.9864,-0.2,-,0,0,0,0.99999949881301753,0,5.0118698243875488E-7,1,0,-0.99999949881301753,212.98640050118698,96485,-453.00991713992693,4,7,0.36090225563909772,62.153482651233901,3,6.1376705372367555,2.2000000000000002,6.1,not reported,2.21,39.573820395738203,0.221,0.93,34.469977761304669,9.2999999999999999E-2,CBD,14.27683666666667,KNN input,81,1,9,not reported,91,1.7,1.7000000000000001E-2,AGW + 1g/L NaN3,375,-,0.5,1000,0.61,35.882352941176464,1.554880913632493,-0.21467016498923297,Reported Kd was interpolated in the examined study at Cw = 5 pM,,,,,,,,,
114,Guelfo,2013,Environmental Science and Technology, 10.1021/es3048043,soil,Sandy Clay Loam C,PFBA,PFCA,C4HF7O2,213.9864,-0.2,-,0,0,0,0.99999601894414336,0,3.981055856666137E-6,1,0,-0.99999601894414336,212.98640398105584,96485,-453.00833332256991,4,7,0.36090225563909772,62.153482651233901,3,6.1376705372367555,2.2000000000000002,5.2,not reported,24.17,432.80508550452146,2.4170000000000003,3.99,147.88732394366198,0.39900000000000002,CBD,12.009766666666669,KNN input,47,20,33,not reported,100,0.8,8.0000000000000002E-3,AGW + 1g/L NaN3,375,-,0.5,1000,0.79,98.75,1.9945371042984978,-0.10237290870955855,Reported Kd was interpolated in the examined study at Cw = 5 pM,,,,,,,,,
115,Gredelj,2020,Science of the Total Environment, 10.1016/j.scitotenv.2019.134766,soil,Agripolis soil,PFBA,PFCA,C4HF7O2,213.9864,-0.2,-,0,0,0,0.99999999000000006,0,9.9999999000000002E-9,1,0,-0.99999999000000006,212.98640000999998,96485,-453.01014069733986,4,7,0.36090225563909772,62.153482651233901,3,6.1376705372367555,2.2000000000000002,7.8,not reported,not reported,not reported,not reported,not reported,not reported,not reported,not reported,11.17476666666666,KNN input,47,38,15,not reported,100,1.43,1.43E-2,"0,01 M CaCl2 + 1 g/L NaN3",200,-,1,500,0.85,59.44055944055944,1.774082888249231,-7.0581074285707285E-2,reported Kd value originated from a linear isotherm,,,,,,,,,
116,Cai,2022,Science of the Total Environment, 10.1016/j.scitotenv.2022.152975,soil,Minatoro,PFBA,PFCA,C4HF7O2,213.9864,-0.2,-,0,0,0,0.99999000009999905,0,9.9999000009999908E-6,1,0,-0.99999000009999905,212.98640999990002,96485,-453.00559392354512,4,7,0.36090225563909772,62.153482651233901,3,6.1376705372367555,2.2000000000000002,4.8,1:5 CaCl2,8.3000000000000007,148.62566030978601,0.83000000000000007,7.85,290.95626389918459,0.78499999999999992,???,15.34083666666667,KNN input,32,40,28,not reported,100,4.9000000000000004,4.9000000000000002E-2,500 mM CaCl2,20,-,10,-,0.24,4.8979591836734686,0.69001516168309229,-0.61978875828839397,Reported Kd at 0.5 mM Ca condition (from Table S5),,,,,,,,,
117,Fabregat-Palau,2021,Science of the Total Environment, 10.1016/j.scitotenv.2021.149343,soil,ALM,PFBA,PFCA,C4HF7O2,213.9864,-0.2,-,0,0,0,0.99999800474166611,0,1.9952583339051124E-6,1,0,-0.99999800474166611,212.98640199525835,96485,-453.00923713264876,4,7,0.36090225563909772,62.153482651233901,3,6.1376705372367555,2.2000000000000002,5.5,1:25 deionized water,1.0129999999999999,18.13949324021846,0.10129999999999999,0.40400000000000003,14.974054855448481,4.0400000000000005E-2,Asc / OA,23.4,BaCl2-TEA (pH 8.2),54.4,35,10.6,Pipette,100,1.6,1.6E-2,"0,01 M CaCl2 + 0,1 % NaN3",100,-,30,-,0.55000000000000004,34.375,1.5362427068383191,-0.25963731050575611,Reported Kd originated from a single spiked concentration,,,,,,,,,
118,Fabregat-Palau,2021,Science of the Total Environment, 10.1016/j.scitotenv.2021.149343,soil,DELTA2,PFBA,PFCA,C4HF7O2,213.9864,-0.2,-,0,0,0,0.99999999369042658,0,6.3095734049912165E-9,1,0,-0.99999999369042658,212.98640000630957,96485,-453.0101423769899,4,7,0.36090225563909772,62.153482651233901,3,6.1376705372367555,2.2000000000000002,8,1:25 deionized water,2.9660000000000002,53.111290178171728,0.29660000000000003,0.23,8.5248332097850259,2.3E-2,Asc / OA,87.3,BaCl2-TEA (pH 8.2),12.2,54.3,33.5,Pipette,100,7.7,7.6999999999999999E-2,"0,01 M CaCl2 + 0,1 % NaN3",100,-,30,-,0.89,11.558441558441558,1.062899281472431,-5.0609993355087209E-2,Reported Kd originated from a single spiked concentration,,,,,,,,,
119,Fabregat-Palau,2021,Science of the Total Environment, 10.1016/j.scitotenv.2021.149343,soil,OVI01,PFBA,PFCA,C4HF7O2,213.9864,-0.2,-,0,0,0,0.99999601894414336,0,3.981055856666137E-6,1,0,-0.99999601894414336,212.98640398105584,96485,-453.00833332256991,4,7,0.36090225563909772,62.153482651233901,3,6.1376705372367555,2.2000000000000002,5.2,1:25 deionized water,4.5149999999999997,80.848777867311313,0.45149999999999996,0.377,13.973313565604151,3.7699999999999997E-2,Asc / OA,44.3,BaCl2-TEA (pH 8.2),41.3,39.799999999999997,18.899999999999999,Pipette,100,9.4,9.4E-2,"0,01 M CaCl2 + 0,1 % NaN3",100,-,30,-,0.33,3.5106382978723407,0.54538608627818885,-0.48148606012211248,Reported Kd originated from a single spiked concentration,,,,,,,,,
120,Fabregat-Palau,2021,Science of the Total Environment, 10.1016/j.scitotenv.2021.149343,soil,UIAR,PFBA,PFCA,C4HF7O2,213.9864,-0.2,-,0,0,0,0.99999900000099995,0,9.9999900000100006E-7,1,0,-0.99999900000099995,212.98640099999901,96485,-453.00969011207872,4,7,0.36090225563909772,62.153482651233901,3,6.1376705372367555,2.2000000000000002,5.8,1:25 deionized water,6.5019999999999998,116.42940281135286,0.6502,1.732,64.195700518902896,0.17319999999999999,Asc / OA,90,BaCl2-TEA (pH 8.2),46,51,3,Pipette,100,27,0.27,"0,01 M CaCl2 + 0,1 % NaN3",100,-,30,-,0.91,3.3703703703703702,0.52767762816210628,-4.0958607678906384E-2,Reported Kd originated from a single spiked concentration,,,,,,,,,
121,Fabregat-Palau,2021,Science of the Total Environment, 10.1016/j.scitotenv.2021.149343,soil,BRA,PFBA,PFCA,C4HF7O2,213.9864,-0.2,-,0,0,0,0.99999874107617315,0,1.2589238269029671E-6,1,0,-0.99999874107617315,212.98640125892385,96485,-453.00957226578794,4,7,0.36090225563909772,62.153482651233901,3,6.1376705372367555,2.2000000000000002,5.7,1:25 deionized water,12.358000000000001,221.29107350702839,1.2358,1.0269999999999999,38.065233506300963,0.10269999999999999,Asc / OA,103,BaCl2-TEA (pH 8.2),35,63,2,Pipette,100,32,0.32,"0,01 M CaCl2 + 0,1 % NaN3",100,-,30,-,1.2,3.75,0.57403126772771884,7.9181246047624818E-2,Reported Kd originated from a single spiked concentration,,,,,,,,,
122,Fabregat-Palau,2021,Science of the Total Environment, 10.1016/j.scitotenv.2021.149343,soil,DUBLIN,PFBA,PFCA,C4HF7O2,213.9864,-0.2,-,0,0,0,0.99999874107617315,0,1.2589238269029671E-6,1,0,-0.99999874107617315,212.98640125892385,96485,-453.00957226578794,4,7,0.36090225563909772,62.153482651233901,3,6.1376705372367555,2.2000000000000002,5.7,1:25 deionized water,10.64,190.52735249350883,1.0640000000000001,0.16700000000000001,6.1897702001482582,1.67E-2,Asc / OA,140,BaCl2-TEA (pH 8.2),20.7,78,1.3,Pipette,100,39,0.39,"0,01 M CaCl2 + 0,1 % NaN3",100,-,30,-,1.7,4.3589743589743586,0.63938431435177467,0.23044892137827391,Reported Kd originated from a single spiked concentration,,,,,,,,,
123,Fabregat-Palau,2021,Science of the Total Environment, 10.1016/j.scitotenv.2021.149343,soil,KOM,PFBA,PFCA,C4HF7O2,213.9864,-0.2,-,0,0,0,0.99999874107617315,0,1.2589238269029671E-6,1,0,-0.99999874107617315,212.98640125892385,96485,-453.00957226578794,4,7,0.36090225563909772,62.153482651233901,3,6.1376705372367555,2.2000000000000002,5.7,1:25 deionized water,19.667999999999999,352.18909481600861,1.9667999999999999,0.48099999999999998,17.828020756115642,4.8099999999999997E-2,Asc / OA,114,BaCl2-TEA (pH 8.2),20,78.900000000000006,1.1000000000000001,Pipette,100,41,0.41,"0,01 M CaCl2 + 0,1 % NaN3",100,-,30,-,1.2,2.9268292682926829,0.46639738932788932,7.9181246047624818E-2,Reported Kd originated from a single spiked concentration,,,,,,,,,
124,Campos-Pereira,2018,Chemosphere, 10.1016/j.chemosphere.2018.05.012,soil,organic soil horitzon,PFBA,PFCA,C4HF7O2,213.9864,-0.2,-,0,0,0,0.99998004777494953,0,1.9952225050461341E-5,1,0,-0.99998004777494953,212.98641995222505,96485,-453.00106425192791,4,7,0.36090225563909772,62.153482651233901,3,6.1376705372367555,2.2000000000000002,4.5,deionized water,5.8637250000000002E-2,1.05,5.8637250000000002E-3,0.18454320000000002,6.84,1.8454320000000003E-2,"0,1 M HNO3",21.496500000000001,KNN input,41.737499999999997,35.036999999999999,21.971,KNN input,98.745499999999993,45,0.45,MIXTURE EXPERIMENTS,11.25,-,1.25,-,2.8393080501608705,6.3095734448019343,0.80000000000000016,0.45321251377534383, Kd is derived in this study from reported Koc at the Ca / pH 3 / 3 mM condition (Table S7),,,,,,,,,
125,Nguyen,2020,Environmental Science and Technology, 10.1021/acs.est.0c05705,soil,S1,PFBA,PFCA,C4HF7O2,213.9864,-0.2,-,0,0,0,0.99999998004737722,0,1.995262275158161E-8,1,0,-0.99999998004737722,212.98640001995261,96485,-453.01013616753204,4,7,0.36090225563909772,62.153482651233901,3,6.1376705372367555,2.2000000000000002,7.5,1:10 CaCl2,not reported,not reported,not reported,not reported,not reported,not reported,not reported,41.4,not reported,16.899999999999999,17.5,65.599999999999994,not reported,100,0.7,6.9999999999999993E-3,10 mM CaCl2,100,-,5,-,0.44,62.857142857142861,1.7983546364719307,-0.35654732351381258,Reported Kd at the soil pH condition ,,,,,,,,,
126,Nguyen,2020,Environmental Science and Technology, 10.1021/acs.est.0c05705,soil,S2,PFBA,PFCA,C4HF7O2,213.9864,-0.2,-,0,0,0,0.99999990000001004,0,9.9999990000001005E-8,1,0,-0.99999990000001004,212.98640010000003,96485,-453.01009973500629,4,7,0.36090225563909772,62.153482651233901,3,6.1376705372367555,2.2000000000000002,6.8,1:10 CaCl2,not reported,not reported,not reported,not reported,not reported,not reported,not reported,7.1,not reported,48.9,27,24.2,not reported,100.10000000000001,0.37,3.7000000000000002E-3,10 mM CaCl2,100,-,5,-,0.41,110.81081081081079,2.0445821326527405,-0.38721614328026455,Reported Kd at the soil pH condition ,,,,,,,,,
127,Nguyen,2020,Environmental Science and Technology, 10.1021/acs.est.0c05705,soil,S3,PFBA,PFCA,C4HF7O2,213.9864,-0.2,-,0,0,0,0.99999960189298798,0,3.9810701206424001E-7,1,0,-0.99999960189298798,212.98640039810704,96485,-453.0099640554443,4,7,0.36090225563909772,62.153482651233901,3,6.1376705372367555,2.2000000000000002,6.2,1:10 CaCl2,not reported,not reported,not reported,not reported,not reported,not reported,not reported,8,not reported,51.44,10.17,38.380000000000003,not reported,99.990000000000009,0.08,8.0000000000000004E-4,10 mM CaCl2,100,-,5,-,0.32,400,2.6020599913279625,-0.49485002168009401,Reported Kd at the soil pH condition ,,,,,,,,,
128,Nguyen,2020,Environmental Science and Technology, 10.1021/acs.est.0c05705,soil,S4,PFBA,PFCA,C4HF7O2,213.9864,-0.2,-,0,0,0,0.99999998741074603,0,1.258925395945232E-8,1,0,-0.99999998741074603,212.98640001258926,96485,-453.01013951887433,4,7,0.36090225563909772,62.153482651233901,3,6.1376705372367555,2.2000000000000002,7.7,1:10 CaCl2,not reported,not reported,not reported,not reported,not reported,not reported,not reported,4.8,not reported,46,37,17,not reported,100,0.25,2.5000000000000001E-3,10 mM CaCl2,100,-,5,-,0.2,80,1.9030899869919435,-0.69897000433601875,Reported Kd at the soil pH condition ,,,,,,,,,
129,Nguyen,2020,Environmental Science and Technology, 10.1021/acs.est.0c05705,soil,S5,PFBA,PFCA,C4HF7O2,213.9864,-0.2,-,0,0,0,0.99999997488113634,0,2.5118863684138424E-8,1,0,-0.99999997488113634,212.98640002511888,96485,-453.01013381618418,4,7,0.36090225563909772,62.153482651233901,3,6.1376705372367555,2.2000000000000002,7.4,1:10 CaCl2,not reported,not reported,not reported,not reported,not reported,not reported,not reported,29.6,not reported,39.799999999999997,7.7,52.5,not reported,100,2.23,2.23E-2,10 mM CaCl2,100,-,5,-,0.31,13.901345291479821,1.143056830786112,-0.50863830616572736,Reported Kd at the soil pH condition ,,,,,,,,,
130,Nguyen,2020,Environmental Science and Technology, 10.1021/acs.est.0c05705,soil,S6,PFBA,PFCA,C4HF7O2,213.9864,-0.2,-,0,0,0,0.99999998741074603,0,1.258925395945232E-8,1,0,-0.99999998741074603,212.98640001258926,96485,-453.01013951887433,4,7,0.36090225563909772,62.153482651233901,3,6.1376705372367555,2.2000000000000002,7.7,1:10 CaCl2,not reported,not reported,not reported,not reported,not reported,not reported,not reported,21.63,not reported,70,11,19,not reported,100,4.9000000000000004,4.9000000000000002E-2,10 mM CaCl2,100,-,5,-,0.47,9.5918367346938762,0.98190177790720379,-0.32790214206428259,Reported Kd at the soil pH condition ,,,,,,,,,
131,Nguyen,2020,Environmental Science and Technology, 10.1021/acs.est.0c05705,soil,S7,PFBA,PFCA,C4HF7O2,213.9864,-0.2,-,0,0,0,0.99999998741074603,0,1.258925395945232E-8,1,0,-0.99999998741074603,212.98640001258926,96485,-453.01013951887433,4,7,0.36090225563909772,62.153482651233901,3,6.1376705372367555,2.2000000000000002,7.7,1:10 CaCl2,not reported,not reported,not reported,not reported,not reported,not reported,not reported,7.8,not reported,48.9,32.6,18.5,not reported,100,0.13,1.2999999999999999E-3,10 mM CaCl2,100,-,5,-,0.22,169.23076923076923,2.2284793285153697,-0.65757731917779372,Reported Kd at the soil pH condition ,,,,,,,,,
132,Nguyen,2020,Environmental Science and Technology, 10.1021/acs.est.0c05705,soil,S8,PFBA,PFCA,C4HF7O2,213.9864,-0.2,-,0,0,0,0.99999998004737722,0,1.995262275158161E-8,1,0,-0.99999998004737722,212.98640001995261,96485,-453.01013616753204,4,7,0.36090225563909772,62.153482651233901,3,6.1376705372367555,2.2000000000000002,7.5,1:10 CaCl2,not reported,not reported,not reported,not reported,not reported,not reported,not reported,2.2799999999999998,not reported,93,1,5,not reported,99,0.4,4.0000000000000001E-3,10 mM CaCl2,100,-,5,-,0.06,15,1.1760912590556813,-1.2218487496163564,Reported Kd at the soil pH condition ,,,,,,,,,
133,Nguyen,2020,Environmental Science and Technology, 10.1021/acs.est.0c05705,soil,S9,PFBA,PFCA,C4HF7O2,213.9864,-0.2,-,0,0,0,0.99999994988127916,0,5.011872085084086E-8,1,0,-0.99999994988127916,212.98640005011873,96485,-453.01012243782202,4,7,0.36090225563909772,62.153482651233901,3,6.1376705372367555,2.2000000000000002,7.1,1:10 CaCl2,not reported,not reported,not reported,not reported,not reported,not reported,not reported,17.420000000000002,not reported,48.86,16.05,35.090000000000003,not reported,100,1.19,1.1899999999999999E-2,10 mM CaCl2,100,-,5,-,0.23,19.327731092436977,1.2861808746250623,-0.63827216398240705,Reported Kd at the soil pH condition ,,,,,,,,,
134,Nguyen,2020,Environmental Science and Technology, 10.1021/acs.est.0c05705,soil,S10,PFBA,PFCA,C4HF7O2,213.9864,-0.2,-,0,0,0,0.99999974881141995,0,2.5118858005523878E-7,1,0,-0.99999974881141995,212.9864002511886,96485,-453.01003092347167,4,7,0.36090225563909772,62.153482651233901,3,6.1376705372367555,2.2000000000000002,6.4,1:10 CaCl2,not reported,not reported,not reported,not reported,not reported,not reported,not reported,16.54,not reported,29.38,13.9,56.71,not reported,99.990000000000009,0.17,1.7000000000000001E-3,10 mM CaCl2,100,-,5,-,0.3,176.47058823529409,2.2466723333413885,-0.52287874528033762,Reported Kd at the soil pH condition ,,,,,,,,,
135,McLachlan,2019,Chemosphere, 10.1016/j.chemosphere.2019.02.012,soil,Lower Layer,PFPeA,PFCA,C5HF9O2,263.98320000000001,-0.2,-,0,0,0,0.9999964518786969,0,3.5481213031263005E-6,1,0,-0.9999964518786969,262.98320354812131,96485,-366.88524726204071,5,9,0.35087719298245612,64.776849435873189,4,5.2933625547114458,2.9,5.25,not reported,not reported,not reported,not reported,not reported,not reported,not reported,not reported,5.7023166666666656,KNN input,100,0,0,not reported,100,0.4,4.0000000000000001E-3,deionized water,200,-,1,1000,0.21,52.5,1.7201593034059568,-0.6777807052660807,Mean reported Kd value  in Table S9,,,,,,,,,
136,McLachlan,2019,Chemosphere, 10.1016/j.chemosphere.2019.02.012,soil,Upper layer,PFPeA,PFCA,C5HF9O2,263.98320000000001,-0.2,-,0,0,0,0.99999865103893715,0,1.3489610628932487E-6,1,0,-0.99999865103893715,262.98320134896107,96485,-366.88605717238528,5,9,0.35087719298245612,64.776849435873189,4,5.2933625547114458,2.9,5.67,not reported,not reported,not reported,not reported,not reported,not reported,not reported,not reported,9.2037666666666649,KNN input,71,24,5,not reported,100,0.93,9.300000000000001E-3,deionized water,200,-,1,1000,0.23,24.731182795698924,1.3932448874636578,-0.63827216398240705,Mean reported Kd value  in Table S9,,,,,,,,,
137,Guelfo,2013,Environmental Science and Technology, 10.1021/es3048043,soil,Loamy sand A,PFPeA,PFCA,C5HF9O2,263.98320000000001,-0.2,-,0,0,0,0.99999949881301753,0,5.0118698243875488E-7,1,0,-0.99999949881301753,262.98320050118696,96485,-366.88636939201945,5,9,0.35087719298245612,64.776849435873189,4,5.2933625547114458,2.9,6.1,not reported,2.21,39.573820395738203,0.221,0.93,34.469977761304669,9.2999999999999999E-2,CBD,14.27683666666667,KNN input,81,1,9,not reported,91,1.7,1.7000000000000001E-2,AGW + 1g/L NaN3,375,-,0.5,1000,0.24,14.117647058823527,1.149762320333332,-0.61978875828839397,Reported Kd was interpolated in the examined study at Cw = 5 pM,,,,,,,,,
138,Guelfo,2013,Environmental Science and Technology, 10.1021/es3048043,soil,Loam B,PFPeA,PFCA,C5HF9O2,263.98320000000001,-0.2,-,0,0,0,0.99999999000000006,0,9.9999999000000002E-9,1,0,-0.99999999000000006,262.98320000999996,96485,-366.88655028717102,5,9,0.35087719298245612,64.776849435873189,4,5.2933625547114458,2.9,7.8,not reported,6.14,0.61399999999999999,0.61399999999999999,1.67,0.16699999999999998,0.16699999999999998,CBD,6.4956666666666676,KNN input,33,42,25,not reported,100,4.5,4.4999999999999998E-2,AGW + 1g/L NaN3,375,-,0.5,1000,0.36,8,0.90308998699194354,-0.44369749923271273,Reported Kd was interpolated in the examined study at Cw = 5 pM,,,,,,,,,
139,Guelfo,2013,Environmental Science and Technology, 10.1021/es3048043,soil,Sandy Clay Loam C,PFPeA,PFCA,C5HF9O2,263.98320000000001,-0.2,-,0,0,0,0.99999601894414336,0,3.981055856666137E-6,1,0,-0.99999601894414336,262.98320398105591,96485,-366.88508782019392,5,9,0.35087719298245612,64.776849435873189,4,5.2933625547114458,2.9,5.2,not reported,24.17,432.80508550452146,2.4170000000000003,3.99,147.88732394366198,0.39900000000000002,CBD,12.009766666666669,KNN input,47,20,33,not reported,100,0.8,8.0000000000000002E-3,AGW + 1g/L NaN3,375,-,0.5,1000,0.53,66.25,1.8211858826088454,-0.27572413039921095,Reported Kd was interpolated in the examined study at Cw = 5 pM,,,,,,,,,
140,Campos-Pereira,2018,Chemosphere, 10.1016/j.chemosphere.2018.05.012,soil,organic soil horitzon,PFPeA,PFCA,C5HF9O2,263.98320000000001,-0.2,-,0,0,0,0.99998004777494953,0,1.9952225050461341E-5,1,0,-0.99998004777494953,262.98321995222506,96485,-366.87920593220218,5,9,0.35087719298245612,64.776849435873189,4,5.2933625547114458,2.9,4.5,deionized water,5.8637250000000002E-2,1.05,5.8637250000000002E-3,0.18454320000000002,6.84,1.8454320000000003E-2,"0,1 M HNO3",21.496500000000001,KNN input,41.737499999999997,35.036999999999999,21.971,KNN input,98.745499999999993,45,0.45,MIXTURE EXPERIMENTS,11.25,-,1.25,-,8.9786804173599624,19.952623149688804,1.3000000000000003,0.95321251377534388, Kd is derived in this study from reported Koc at the Ca / pH 4 / 3 mM condition (Table S7),,,,,,,,,
141,Cai,2022,Science of the Total Environment, 10.1016/j.scitotenv.2022.152975,soil,Clarke Hill,PFPeA,PFCA,C5HF9O2,263.98320000000001,-0.2,-,0,0,0,0.99999000009999905,0,9.9999000009999908E-6,1,0,-0.99999000009999905,262.9832099999,96485,-366.88287119046538,5,9,0.35087719298245612,64.776849435873189,4,5.2933625547114458,2.9,4.8,1:5 CaCl2,8.3000000000000007,148.62566030978601,0.83000000000000007,7.85,290.95626389918459,0.78499999999999992,???,15.34083666666667,KNN input,32,40,28,not reported,100,4.9000000000000004,4.9000000000000002E-2,500 mM CaCl2,20,-,10,-,0.54,11.020408163265307,1.0421976797944548,-0.26760624017703144,Reported Kd at 1 mM Na condition (from Table S5),,,,,,,,,
142,Cai,2022,Science of the Total Environment, 10.1016/j.scitotenv.2022.152975,soil,Minatoro,PFPeA,PFCA,C5HF9O2,263.98320000000001,-0.2,-,0,0,0,0.9999992056723962,0,7.9432760376743655E-7,1,0,-0.9999992056723962,262.98320079432762,96485,-366.88626143370851,5,9,0.35087719298245612,64.776849435873189,4,5.2933625547114458,2.9,5.9,1:5 CaCl2,1.4,25.069388485988004,0.13999999999999999,0.92,34.099332839140104,9.1999999999999998E-2,???,15.34083666666667,KNN input,37,22,41,not reported,100,2.6,2.6000000000000002E-2,500 mM CaCl2,20,-,10,-,0.13,5,0.69897000433601886,-0.88605664769316317,Reported Kd at 10 mM Ca condition (from Table S5),,,,,,,,,
143,Gredelj,2020,Science of the Total Environment, 10.1016/j.scitotenv.2019.134766,soil,Agripolis soil,PFPeA,PFCA,C5HF9O2,263.98320000000001,-0.2,-,0,0,0,0.99999999000000006,0,9.9999999000000002E-9,1,0,-0.99999999000000006,262.98320000999996,96485,-366.88655028717102,5,9,0.35087719298245612,64.776849435873189,4,5.2933625547114458,2.9,7.8,not reported,not reported,not reported,not reported,not reported,not reported,not reported,not reported,11.17476666666666,KNN input,47,38,15,not reported,100,1.43,1.43E-2,"0,01 M CaCl2 + 1 g/L NaN3",200,-,10,100,0.57999999999999996,40.559440559440553,1.6080919560978755,-0.23657200643706275,Kd value reported from resulting Reported Kd originated from a linear isotherm,,,,,,,,,
147,Li,2019,Science of the Total Environment, 10.1016/j.scitotenv.2018.08.209,soil,soil S1,PFPeA,PFCA,C5HF9O2,263.98320000000001,-0.2,-,0,0,0,0.9999984511857799,0,1.5488142200832729E-6,1,0,-0.9999984511857799,262.98320154881424,96485,-366.88598357013581,5,9,0.35087719298245612,64.776849435873189,4,5.2933625547114458,2.9,5.61,Not reported,6.3647003569415741,113.97081846076773,0.63647003569415739,11.801765398195371,437.42644174185961,1.1801765398195372,CBD,11,Not reported,40.700000000000003,23.3,36,Not reported,100,3.82,3.8199999999999998E-2,10 mM NaN3,125,-,13.199159999999999,263.98320000000001,0.297357806760568,7.7842357790724614,0.89121598193646812,-0.5267206551518232,Calculated in this study at Cw = 10% S,13.483418052460824,(nmol/kg)/(nmol/L)^N,0.71860000000000002,4.8021040699938258,19650,5843.0809028451613,0.297357806760568,,
148,Li,2019,Science of the Total Environment, 10.1016/j.scitotenv.2018.08.209,soil,soil S2,PFPeA,PFCA,C5HF9O2,263.98320000000001,-0.2,-,0,0,0,0.99997048877867123,0,2.9511221328777069E-5,1,0,-0.99997048877867123,262.98322951122134,96485,-366.87568552995219,5,9,0.35087719298245612,64.776849435873189,4,5.2933625547114458,2.9,4.33,Not reported,2.9725248919782077,53.228129500908004,0.29725248919782077,2.3762298940761086,88.073754413495507,0.23762298940761087,CBD,19,Not reported,46.7,50,3.3,Not reported,100,0.52,5.1999999999999998E-3,10 mM NaN3,125,-,13.199159999999999,263.98320000000001,0.49554833048530611,95.297755862558873,1.9790826736920233,-0.30491398267317765,Calculated in this study at Cw = 10% S,5.9374504730219533,(nmol/kg)/(nmol/L)^N,0.83709999999999996,2.4801318949469331,19650,9737.5246940362649,0.49554833048530611,,
149,Li,2019,Science of the Total Environment, 10.1016/j.scitotenv.2018.08.209,soil,soil S3,PFPeA,PFCA,C5HF9O2,263.98320000000001,-0.2,-,0,0,0,0.99986512190629506,0,1.3487809370495705E-4,1,0,-0.99986512190629506,262.98333487809373,96485,-366.83688086870069,5,9,0.35087719298245612,64.776849435873189,4,5.2933625547114458,2.9,3.67,Not reported,1.056120608679316,18.911641305028493,0.1056120608679316,0.53451941938014913,19.811690859160453,5.3451941938014912E-2,CBD,6.57,Not reported,59.3,21.3,19.399999999999999,Not reported,100,0.25800000000000001,2.5800000000000003E-3,10 mM NaN3,125,-,13.199159999999999,263.98320000000001,0.46874859013386433,181.68550005188538,2.2593202685368037,-0.3290600254999661,Calculated in this study at Cw = 10% S,4.8786537919747781,(nmol/kg)/(nmol/L)^N,0.82420000000000004,2.6650975596715014,19650,9210.9097961304342,0.46874859013386433,,
150,Li,2019,Science of the Total Environment, 10.1016/j.scitotenv.2018.08.209,soil,soil S4,PFPeA,PFCA,C5HF9O2,263.98320000000001,-0.2,-,0,0,0,0.99998554581121912,0,1.4454188780866098E-5,1,0,-0.99998554581121912,262.98321445418878,96485,-366.88123075780095,5,9,0.35087719298245612,64.776849435873189,4,5.2933625547114458,2.9,4.6399999999999997,Not reported,4.6791038887845202,83.787337967311657,0.46791038887845204,7.7796390741467247,288.34837191055317,0.77796390741467247,CBD,19.600000000000001,Not reported,42,36.700000000000003,21.3,Not reported,100,0.92800000000000005,9.2800000000000001E-3,10 mM NaN3,125,-,13.199159999999999,263.98320000000001,0.262307292368131,28.26587202242791,1.4512623882991154,-0.58118963548202263,Calculated in this study at Cw = 10% S,10.911890519552035,(nmol/kg)/(nmol/L)^N,0.6895,5.6480617703469571,19650,5154.3382950337736,0.262307292368131,,
151,Li,2019,Science of the Total Environment, 10.1016/j.scitotenv.2018.08.209,soil,soil S5,PFPeA,PFCA,C5HF9O2,263.98320000000001,-0.2,-,0,0,0,0.99995533363595812,0,4.4666364041902332E-5,1,0,-0.99995533363595812,262.98324466636404,96485,-366.87010417057741,5,9,0.35087719298245612,64.776849435873189,4,5.2933625547114458,2.9,4.1500000000000004,Not reported,3.9726920909261692,71.137829544742928,0.39726920909261693,5.1758415064731267,191.83993723028641,0.51758415064731267,CBD,9.76,Not reported,49.3,39.4,11.3,Not reported,99.999999999999986,2.48,2.4799999999999999E-2,10 mM NaN3,125,-,13.199159999999999,263.98320000000001,0.43657162080158596,17.603694387160726,1.2456038202907145,-0.35994449888306929,Calculated in this study at Cw = 10% S,7.5404974948530761,(nmol/kg)/(nmol/L)^N,0.80769999999999997,2.9219253775856617,19650,8578.6323487511636,0.43657162080158596,,
152,Li,2019,Science of the Total Environment, 10.1016/j.scitotenv.2018.08.209,soil,soil S6,PFPeA,PFCA,C5HF9O2,263.98320000000001,-0.2,-,0,0,0,0.99991872355478106,0,8.1276445218917993E-5,1,0,-0.99991872355478106,262.98328127644527,96485,-366.85662135596851,5,9,0.35087719298245612,64.776849435873189,4,5.2933625547114458,2.9,3.89,Not reported,2.0632819838436971,36.946584006512616,0.20632819838436972,0.33553001176932129,12.436249509611612,3.3553001176932128E-2,CBD,2.89,Not reported,60,16,24,Not reported,100,0.99299999999999999,9.9299999999999996E-3,10 mM NaN3,125,-,13.199159999999999,263.98320000000001,0.35027345241725832,35.274265097407685,1.5474579744472137,-0.45559277705740509,Calculated in this study at Cw = 10% S,6.5735504445489665,(nmol/kg)/(nmol/L)^N,0.75660000000000005,3.885184690694877,19650,6882.8733399991261,0.35027345241725832,,
153,Nguyen,2020,Environmental Science and Technology, 10.1021/acs.est.0c05705,soil,S1,PFPeA,PFCA,C5HF9O2,263.98320000000001,-0.2,-,0,0,0,0.99999998004737722,0,1.995262275158161E-8,1,0,-0.99999998004737722,262.98320001995262,96485,-366.88654662180267,5,9,0.35087719298245612,64.776849435873189,4,5.2933625547114458,2.9,7.5,1:10 CaCl2,not reported,not reported,not reported,not reported,not reported,not reported,not reported,41.4,not reported,16.899999999999999,17.5,65.599999999999994,not reported,100,0.7,6.9999999999999993E-3,10 mM CaCl2,100,-,5,-,0.36,51.428571428571431,1.7112044607530303,-0.44369749923271273,Reported Kd at the soil pH condition ,,,,,,,,,
154,Nguyen,2020,Environmental Science and Technology, 10.1021/acs.est.0c05705,soil,S2,PFPeA,PFCA,C5HF9O2,263.98320000000001,-0.2,-,0,0,0,0.99999990000001004,0,9.9999990000001005E-8,1,0,-0.99999990000001004,262.98320009999998,96485,-366.88651714182623,5,9,0.35087719298245612,64.776849435873189,4,5.2933625547114458,2.9,6.8,1:10 CaCl2,not reported,not reported,not reported,not reported,not reported,not reported,not reported,7.1,not reported,48.9,27,24.2,not reported,100.10000000000001,0.37,3.7000000000000002E-3,10 mM CaCl2,100,-,5,-,0.35,94.594594594594582,1.9758663202832807,-0.45593195564972439,Reported Kd at the soil pH condition ,,,,,,,,,
155,Nguyen,2020,Environmental Science and Technology, 10.1021/acs.est.0c05705,soil,S3,PFPeA,PFCA,C5HF9O2,263.98320000000001,-0.2,-,0,0,0,0.99999960189298798,0,3.9810701206424001E-7,1,0,-0.99999960189298798,262.98320039810704,96485,-366.88640735448075,5,9,0.35087719298245612,64.776849435873189,4,5.2933625547114458,2.9,6.2,1:10 CaCl2,not reported,not reported,not reported,not reported,not reported,not reported,not reported,8,not reported,51.44,10.17,38.380000000000003,not reported,99.990000000000009,0.08,8.0000000000000004E-4,10 mM CaCl2,100,-,5,-,0.24,300,2.4771212547196626,-0.61978875828839397,Reported Kd at the soil pH condition ,,,,,,,,,
156,Nguyen,2020,Environmental Science and Technology, 10.1021/acs.est.0c05705,soil,S4,PFPeA,PFCA,C5HF9O2,263.98320000000001,-0.2,-,0,0,0,0.99999998741074603,0,1.258925395945232E-8,1,0,-0.99999998741074603,262.98320001258929,96485,-366.88654933359618,5,9,0.35087719298245612,64.776849435873189,4,5.2933625547114458,2.9,7.7,1:10 CaCl2,not reported,not reported,not reported,not reported,not reported,not reported,not reported,4.8,not reported,46,37,17,not reported,100,0.25,2.5000000000000001E-3,10 mM CaCl2,100,-,5,-,0.15,60,1.7781512503836436,-0.82390874094431876,Reported Kd at the soil pH condition ,,,,,,,,,
157,Nguyen,2020,Environmental Science and Technology, 10.1021/acs.est.0c05705,soil,S5,PFPeA,PFCA,C5HF9O2,263.98320000000001,-0.2,-,0,0,0,0.99999997488113634,0,2.5118863684138424E-8,1,0,-0.99999997488113634,262.98320002511889,96485,-366.8865447191709,5,9,0.35087719298245612,64.776849435873189,4,5.2933625547114458,2.9,7.4,1:10 CaCl2,not reported,not reported,not reported,not reported,not reported,not reported,not reported,29.6,not reported,39.799999999999997,7.7,52.5,not reported,100,2.23,2.23E-2,10 mM CaCl2,100,-,5,-,0.31,13.901345291479821,1.143056830786112,-0.50863830616572736,Reported Kd at the soil pH condition ,,,,,,,,,
158,Nguyen,2020,Environmental Science and Technology, 10.1021/acs.est.0c05705,soil,S6,PFPeA,PFCA,C5HF9O2,263.98320000000001,-0.2,-,0,0,0,0.99999998741074603,0,1.258925395945232E-8,1,0,-0.99999998741074603,262.98320001258929,96485,-366.88654933359618,5,9,0.35087719298245612,64.776849435873189,4,5.2933625547114458,2.9,7.7,1:10 CaCl2,not reported,not reported,not reported,not reported,not reported,not reported,not reported,21.63,not reported,70,11,19,not reported,100,4.9000000000000004,4.9000000000000002E-2,10 mM CaCl2,100,-,5,-,0.44,8.9795918367346932,0.95325659645767369,-0.35654732351381258,Reported Kd at the soil pH condition ,,,,,,,,,
159,Nguyen,2020,Environmental Science and Technology, 10.1021/acs.est.0c05705,soil,S7,PFPeA,PFCA,C5HF9O2,263.98320000000001,-0.2,-,0,0,0,0.99999998741074603,0,1.258925395945232E-8,1,0,-0.99999998741074603,262.98320001258929,96485,-366.88654933359618,5,9,0.35087719298245612,64.776849435873189,4,5.2933625547114458,2.9,7.7,1:10 CaCl2,not reported,not reported,not reported,not reported,not reported,not reported,not reported,7.8,not reported,48.9,32.6,18.5,not reported,100,0.13,1.2999999999999999E-3,10 mM CaCl2,100,-,5,-,0.2,153.84615384615387,2.1870866433571443,-0.69897000433601875,Reported Kd at the soil pH condition ,,,,,,,,,
160,Nguyen,2020,Environmental Science and Technology, 10.1021/acs.est.0c05705,soil,S8,PFPeA,PFCA,C5HF9O2,263.98320000000001,-0.2,-,0,0,0,0.99999998004737722,0,1.995262275158161E-8,1,0,-0.99999998004737722,262.98320001995262,96485,-366.88654662180267,5,9,0.35087719298245612,64.776849435873189,4,5.2933625547114458,2.9,7.5,1:10 CaCl2,not reported,not reported,not reported,not reported,not reported,not reported,not reported,2.2799999999999998,not reported,93,1,5,not reported,99,0.4,4.0000000000000001E-3,10 mM CaCl2,100,-,5,-,0.04,10,1,-1.3979400086720375,Reported Kd at the soil pH condition ,,,,,,,,,
161,Nguyen,2020,Environmental Science and Technology, 10.1021/acs.est.0c05705,soil,S9,PFPeA,PFCA,C5HF9O2,263.98320000000001,-0.2,-,0,0,0,0.99999994988127916,0,5.011872085084086E-8,1,0,-0.99999994988127916,262.98320005011874,96485,-366.88653551218226,5,9,0.35087719298245612,64.776849435873189,4,5.2933625547114458,2.9,7.1,1:10 CaCl2,not reported,not reported,not reported,not reported,not reported,not reported,not reported,17.420000000000002,not reported,48.86,16.05,35.090000000000003,not reported,100,1.19,1.1899999999999999E-2,10 mM CaCl2,100,-,5,-,0.2,16.806722689075631,1.2254830342714504,-0.69897000433601875,Reported Kd at the soil pH condition ,,,,,,,,,
162,Nguyen,2020,Environmental Science and Technology, 10.1021/acs.est.0c05705,soil,S10,PFPeA,PFCA,C5HF9O2,263.98320000000001,-0.2,-,0,0,0,0.99999974881141995,0,2.5118858005523878E-7,1,0,-0.99999974881141995,262.98320025118858,96485,-366.88646146184306,5,9,0.35087719298245612,64.776849435873189,4,5.2933625547114458,2.9,6.4,1:10 CaCl2,not reported,not reported,not reported,not reported,not reported,not reported,not reported,16.54,not reported,29.38,13.9,56.71,not reported,99.990000000000009,0.17,1.7000000000000001E-3,10 mM CaCl2,100,-,5,-,0.28000000000000003,164.70588235294119,2.2167091099639453,-0.55284196865778079,Reported Kd at the soil pH condition ,,,,,,,,,
163,McLachlan,2019,Chemosphere, 10.1016/j.chemosphere.2019.02.012,soil,Lower Layer,PFHxA,PFCA,C6HF11O2,313.97999999999996,-0.2,-,0,0,0,0.9999964518786969,0,3.5481213031263005E-6,1,0,-0.9999964518786969,312.98000354812132,96485,-308.27738694392775,6,11,0.34449760765550236,66.564749347092175,5,4.4332896851950254,3.6,5.25,not reported,not reported,not reported,not reported,not reported,not reported,not reported,not reported,5.7023166666666656,KNN input,100,0,0,not reported,100,0.4,4.0000000000000001E-3,deionized water,200,-,1,1000,0.28000000000000003,70,1.8450980400142569,-0.55284196865778079,Mean reported Kd value  in Table S9,,,,,,,,,
164,McLachlan,2019,Chemosphere, 10.1016/j.chemosphere.2019.02.012,soil,Upper layer,PFHxA,PFCA,C6HF11O2,313.97999999999996,-0.2,-,0,0,0,0.99999865103893715,0,1.3489610628932487E-6,1,0,-0.99999865103893715,312.98000134896103,96485,-308.27806706382756,6,11,0.34449760765550236,66.564749347092175,5,4.4332896851950254,3.6,5.67,not reported,not reported,not reported,not reported,not reported,not reported,not reported,not reported,9.2037666666666649,KNN input,71,24,5,not reported,100,0.93,9.300000000000001E-3,deionized water,200,-,1,1000,0.38,40.86021505376344,1.6113006480628751,-0.42021640338318983,Mean reported Kd value  in Table S9,,,,,,,,,
165,Guelfo,2013,Environmental Science and Technology, 10.1021/es3048043,soil,Loamy sand A,PFHxA,PFCA,C6HF11O2,313.97999999999996,-0.2,-,0,0,0,0.99999949881301753,0,5.0118698243875488E-7,1,0,-0.99999949881301753,312.98000050118696,96485,-308.27832924937348,6,11,0.34449760765550236,66.564749347092175,5,4.4332896851950254,3.6,6.1,not reported,2.21,39.573820395738203,0.221,0.93,34.469977761304669,9.2999999999999999E-2,CBD,14.27683666666667,KNN input,81,1,9,not reported,91,1.7,1.7000000000000001E-2,AGW + 1g/L NaN3,375,-,0.5,1000,0.24,14.117647058823527,1.149762320333332,-0.61978875828839397,Reported Kd was interpolated in the examined study at Cw = 5 pM,,,,,,,,,
166,Guelfo,2013,Environmental Science and Technology, 10.1021/es3048043,soil,Loam B,PFHxA,PFCA,C6HF11O2,313.97999999999996,-0.2,-,0,0,0,0.99999999000000006,0,9.9999999000000002E-9,1,0,-0.99999999000000006,312.98000000999991,96485,-308.27848115556026,6,11,0.34449760765550236,66.564749347092175,5,4.4332896851950254,3.6,7.8,not reported,6.14,0.61399999999999999,0.61399999999999999,1.67,0.16699999999999998,0.16699999999999998,CBD,6.4956666666666676,KNN input,33,42,25,not reported,100,4.5,4.4999999999999998E-2,AGW + 1g/L NaN3,375,-,0.5,1000,0.36,8,0.90308998699194354,-0.44369749923271273,Reported Kd was interpolated in the examined study at Cw = 5 pM,,,,,,,,,
167,Guelfo,2013,Environmental Science and Technology, 10.1021/es3048043,soil,Sandy Clay Loam C,PFHxA,PFCA,C6HF11O2,313.97999999999996,-0.2,-,0,0,0,0.99999601894414336,0,3.981055856666137E-6,1,0,-0.99999601894414336,312.98000398105586,96485,-308.27725305309195,6,11,0.34449760765550236,66.564749347092175,5,4.4332896851950254,3.6,5.2,not reported,24.17,432.80508550452146,2.4170000000000003,3.99,147.88732394366198,0.39900000000000002,CBD,12.009766666666669,KNN input,47,20,33,not reported,100,0.8,8.0000000000000002E-3,AGW + 1g/L NaN3,375,-,0.5,1000,0.53,66.25,1.8211858826088454,-0.27572413039921095,Reported Kd was interpolated in the examined study at Cw = 5 pM,,,,,,,,,
168,Gredelj,2020,Science of the Total Environment, 10.1016/j.scitotenv.2019.134766,soil,Agripolis soil,PFHxA,PFCA,C6HF11O2,313.97999999999996,-0.2,-,0,0,0,0.99999999000000006,0,9.9999999000000002E-9,1,0,-0.99999999000000006,312.98000000999991,96485,-308.27848115556026,6,11,0.34449760765550236,66.564749347092175,5,4.4332896851950254,3.6,7.8,not reported,not reported,not reported,not reported,not reported,not reported,not reported,not reported,11.17476666666666,KNN input,47,38,15,not reported,100,1.43,1.43E-2,"0,01 M CaCl2 + 1 g/L NaN3",200,-,10,100,0.96,67.132867132867133,1.8269351955745066,-1.7728766960431602E-2,Kd value reported from resulting Reported Kd originated from a linear isotherm,,,,,,,,,
169,Fabregat-Palau,2021,Science of the Total Environment, 10.1016/j.scitotenv.2021.149343,soil,ALM,PFHxA,PFCA,C6HF11O2,313.97999999999996,-0.2,-,0,0,0,0.99999800474166611,0,1.9952583339051124E-6,1,0,-0.99999800474166611,312.98000199525831,96485,-308.27786718769789,6,11,0.34449760765550236,66.564749347092175,5,4.4332896851950254,3.6,5.5,1:25 deionized water,1.0129999999999999,18.13949324021846,0.10129999999999999,0.40400000000000003,14.974054855448481,4.0400000000000005E-2,Asc / OA,23.4,BaCl2-TEA (pH 8.2),54.4,35,10.6,Pipette,100,1.6,1.6E-2,"0,01 M CaCl2 + 0,1 % NaN3",100,-,30,-,2.9,181.25,2.2582780152430315,0.46239799789895608,Reported Kd originated from a single spiked concentration,,,,,,,,,
170,Fabregat-Palau,2021,Science of the Total Environment, 10.1016/j.scitotenv.2021.149343,soil,DELTA2,PFHxA,PFCA,C6HF11O2,313.97999999999996,-0.2,-,0,0,0,0.99999999369042658,0,6.3095734049912165E-9,1,0,-0.99999999369042658,312.98000000630952,96485,-308.2784822968743,6,11,0.34449760765550236,66.564749347092175,5,4.4332896851950254,3.6,8,1:25 deionized water,2.9660000000000002,53.111290178171728,0.29660000000000003,0.23,8.5248332097850259,2.3E-2,Asc / OA,87.3,BaCl2-TEA (pH 8.2),12.2,54.3,33.5,Pipette,100,7.7,7.6999999999999999E-2,"0,01 M CaCl2 + 0,1 % NaN3",100,-,30,-,2.5,32.467532467532465,1.5114492834995557,0.3979400086720376,Reported Kd originated from a single spiked concentration,,,,,,,,,
171,Fabregat-Palau,2021,Science of the Total Environment, 10.1016/j.scitotenv.2021.149343,soil,OVI01,PFHxA,PFCA,C6HF11O2,313.97999999999996,-0.2,-,0,0,0,0.99999601894414336,0,3.981055856666137E-6,1,0,-0.99999601894414336,312.98000398105586,96485,-308.27725305309195,6,11,0.34449760765550236,66.564749347092175,5,4.4332896851950254,3.6,5.2,1:25 deionized water,4.5149999999999997,80.848777867311313,0.45149999999999996,0.377,13.973313565604151,3.7699999999999997E-2,Asc / OA,44.3,BaCl2-TEA (pH 8.2),41.3,39.799999999999997,18.899999999999999,Pipette,100,9.4,9.4E-2,"0,01 M CaCl2 + 0,1 % NaN3",100,-,30,-,1.2,12.76595744680851,1.1060533924479261,7.9181246047624818E-2,Reported Kd originated from a single spiked concentration,,,,,,,,,
172,Fabregat-Palau,2021,Science of the Total Environment, 10.1016/j.scitotenv.2021.149343,soil,UIAR,PFHxA,PFCA,C6HF11O2,313.97999999999996,-0.2,-,0,0,0,0.99999900000099995,0,9.9999900000100006E-7,1,0,-0.99999900000099995,312.98000099999899,96485,-308.27817498504254,6,11,0.34449760765550236,66.564749347092175,5,4.4332896851950254,3.6,5.8,1:25 deionized water,6.5019999999999998,116.42940281135286,0.6502,1.732,64.195700518902896,0.17319999999999999,Asc / OA,90,BaCl2-TEA (pH 8.2),46,51,3,Pipette,100,27,0.27,"0,01 M CaCl2 + 0,1 % NaN3",100,-,50,-,2.6,9.6296296296296298,0.98360958381183061,0.41497334797081797,Reported Kd originated from a single spiked concentration,,,,,,,,,
173,Fabregat-Palau,2021,Science of the Total Environment, 10.1016/j.scitotenv.2021.149343,soil,BRA,PFHxA,PFCA,C6HF11O2,313.97999999999996,-0.2,-,0,0,0,0.99999874107617315,0,1.2589238269029671E-6,1,0,-0.99999874107617315,312.98000125892383,96485,-308.27809490905469,6,11,0.34449760765550236,66.564749347092175,5,4.4332896851950254,3.6,5.7,1:25 deionized water,12.358000000000001,221.29107350702839,1.2358,1.0269999999999999,38.065233506300963,0.10269999999999999,Asc / OA,103,BaCl2-TEA (pH 8.2),35,63,2,Pipette,100,32,0.32,"0,01 M CaCl2 + 0,1 % NaN3",100,-,50,-,5.4,16.875,1.2272437815030626,0.7323937598229685,Reported Kd originated from a single spiked concentration,,,,,,,,,
174,Fabregat-Palau,2021,Science of the Total Environment, 10.1016/j.scitotenv.2021.149343,soil,DUBLIN,PFHxA,PFCA,C6HF11O2,313.97999999999996,-0.2,-,0,0,0,0.99999874107617315,0,1.2589238269029671E-6,1,0,-0.99999874107617315,312.98000125892383,96485,-308.27809490905469,6,11,0.34449760765550236,66.564749347092175,5,4.4332896851950254,3.6,5.7,1:25 deionized water,10.64,190.52735249350883,1.0640000000000001,0.16700000000000001,6.1897702001482582,1.67E-2,Asc / OA,140,BaCl2-TEA (pH 8.2),20.7,78,1.3,Pipette,100,39,0.39,"0,01 M CaCl2 + 0,1 % NaN3",100,-,50,-,5.0999999999999996,13.076923076923075,1.1165055690714372,0.70757017609793638,Reported Kd originated from a single spiked concentration,,,,,,,,,
175,Fabregat-Palau,2021,Science of the Total Environment, 10.1016/j.scitotenv.2021.149343,soil,KOM,PFHxA,PFCA,C6HF11O2,313.97999999999996,-0.2,-,0,0,0,0.99999874107617315,0,1.2589238269029671E-6,1,0,-0.99999874107617315,312.98000125892383,96485,-308.27809490905469,6,11,0.34449760765550236,66.564749347092175,5,4.4332896851950254,3.6,5.7,1:25 deionized water,19.667999999999999,352.18909481600861,1.9667999999999999,0.48099999999999998,17.828020756115642,4.8099999999999997E-2,Asc / OA,114,BaCl2-TEA (pH 8.2),20,78.900000000000006,1.1000000000000001,Pipette,100,41,0.41,"0,01 M CaCl2 + 0,1 % NaN3",100,-,50,-,6.5,15.853658536585368,1.2001294999231202,0.81291335664285558,Reported Kd originated from a single spiked concentration,,,,,,,,,
176,Campos-Pereira,2018,Chemosphere, 10.1016/j.chemosphere.2018.05.012,soil,organic soil horitzon,PFHxA,PFCA,C6HF11O2,313.97999999999996,-0.2,-,0,0,0,0.99998004777494953,0,1.9952225050461341E-5,1,0,-0.99998004777494953,312.98001995222501,96485,-308.2723137543851,6,11,0.34449760765550236,66.564749347092175,5,4.4332896851950254,3.6,4.5,deionized water,5.8637250000000002E-2,1.05,5.8637250000000002E-3,0.18454320000000002,6.84,1.8454320000000003E-2,"0,1 M HNO3",21.496500000000001,KNN input,41.737499999999997,35.036999999999999,21.971,KNN input,98.745499999999993,45,0.45,MIXTURE EXPERIMENTS,11.25,-,1.25,-,7.1320193660750117,15.848931924611136,1.2,0.85321251377534379, Kd is derived in this study from reported Koc at the Ca / pH 4 / 3 mM condition (Table S7),,,,,,,,,
177,Cai,2022,Science of the Total Environment, 10.1016/j.scitotenv.2022.152975,soil,Clarke Hill,PFHxA,PFCA,C6HF11O2,313.97999999999996,-0.2,-,0,0,0,0.99999000009999905,0,9.9999000009999908E-6,1,0,-0.99999000009999905,312.98000999989995,96485,-308.275391644595,6,11,0.34449760765550236,66.564749347092175,5,4.4332896851950254,3.6,4.8,1:5 CaCl2,8.3000000000000007,148.62566030978601,0.83000000000000007,7.85,290.95626389918459,0.78499999999999992,???,15.34083666666667,KNN input,32,40,28,not reported,100,4.9000000000000004,4.9000000000000002E-2,500 mM CaCl2,20,-,10,-,0.42,8.5714285714285712,0.93305321036938682,-0.37675070960209955,Reported Kd at 10 mM Ca condition (from Table S5),,,,,,,,,
178,Cai,2022,Science of the Total Environment, 10.1016/j.scitotenv.2022.152975,soil,Minatoro,PFHxA,PFCA,C6HF11O2,313.97999999999996,-0.2,-,0,0,0,0.9999992056723962,0,7.9432760376743655E-7,1,0,-0.9999992056723962,312.98000079432751,96485,-308.27823859169041,6,11,0.34449760765550236,66.564749347092175,5,4.4332896851950254,3.6,5.9,1:5 CaCl2,1.4,25.069388485988004,0.13999999999999999,0.92,34.099332839140104,9.1999999999999998E-2,???,15.34083666666667,KNN input,37,22,41,not reported,100,2.6,2.6000000000000002E-2,500 mM CaCl2,20,-,10,-,0.17,6.5384615384615383,0.81547557340745591,-0.769551078621726,Reported Kd at 10 mM Ca condition (from Table S5),,,,,,,,,
179,Nguyen,2020,Environmental Science and Technology, 10.1021/acs.est.0c05705,soil,S1,PFHxA,PFCA,C6HF11O2,313.97999999999996,-0.2,-,0,0,0,0.99999998004737722,0,1.995262275158161E-8,1,0,-0.99999998004737722,312.98000001995257,96485,-308.27847807757763,6,11,0.34449760765550236,66.564749347092175,5,4.4332896851950254,3.6,7.5,1:10 CaCl2,not reported,not reported,not reported,not reported,not reported,not reported,not reported,41.4,not reported,16.899999999999999,17.5,65.599999999999994,not reported,100,0.7,6.9999999999999993E-3,10 mM CaCl2,100,-,5,-,0.39,55.714285714285722,1.7459665670122424,-0.40893539297350079,Reported Kd at the soil pH condition ,,,,,,,,,
180,Nguyen,2020,Environmental Science and Technology, 10.1021/acs.est.0c05705,soil,S2,PFHxA,PFCA,C6HF11O2,313.97999999999996,-0.2,-,0,0,0,0.99999990000001004,0,9.9999990000001005E-8,1,0,-0.99999990000001004,312.98000009999993,96485,-308.27845332185171,6,11,0.34449760765550236,66.564749347092175,5,4.4332896851950254,3.6,6.8,1:10 CaCl2,not reported,not reported,not reported,not reported,not reported,not reported,not reported,7.1,not reported,48.9,27,24.2,not reported,100.10000000000001,0.37,3.7000000000000002E-3,10 mM CaCl2,100,-,5,-,0.35,94.594594594594582,1.9758663202832807,-0.45593195564972439,Reported Kd at the soil pH condition ,,,,,,,,,
181,Nguyen,2020,Environmental Science and Technology, 10.1021/acs.est.0c05705,soil,S3,PFHxA,PFCA,C6HF11O2,313.97999999999996,-0.2,-,0,0,0,0.99999960189298798,0,3.9810701206424001E-7,1,0,-0.99999960189298798,312.98000039810699,96485,-308.27836112824195,6,11,0.34449760765550236,66.564749347092175,5,4.4332896851950254,3.6,6.2,1:10 CaCl2,not reported,not reported,not reported,not reported,not reported,not reported,not reported,8,not reported,51.44,10.17,38.380000000000003,not reported,99.990000000000009,0.08,8.0000000000000004E-4,10 mM CaCl2,100,-,5,-,0.24,300,2.4771212547196626,-0.61978875828839397,Reported Kd at the soil pH condition ,,,,,,,,,
182,Nguyen,2020,Environmental Science and Technology, 10.1021/acs.est.0c05705,soil,S4,PFHxA,PFCA,C6HF11O2,313.97999999999996,-0.2,-,0,0,0,0.99999998741074603,0,1.258925395945232E-8,1,0,-0.99999998741074603,312.98000001258924,96485,-308.27848035479849,6,11,0.34449760765550236,66.564749347092175,5,4.4332896851950254,3.6,7.7,1:10 CaCl2,not reported,not reported,not reported,not reported,not reported,not reported,not reported,4.8,not reported,46,37,17,not reported,100,0.25,2.5000000000000001E-3,10 mM CaCl2,100,-,5,-,0.17,68,1.8325089127062364,-0.769551078621726,Reported Kd at the soil pH condition ,,,,,,,,,
183,Nguyen,2020,Environmental Science and Technology, 10.1021/acs.est.0c05705,soil,S5,PFHxA,PFCA,C6HF11O2,313.97999999999996,-0.2,-,0,0,0,0.99999997488113634,0,2.5118863684138424E-8,1,0,-0.99999997488113634,312.98000002511884,96485,-308.27847647984805,6,11,0.34449760765550236,66.564749347092175,5,4.4332896851950254,3.6,7.4,1:10 CaCl2,not reported,not reported,not reported,not reported,not reported,not reported,not reported,29.6,not reported,39.799999999999997,7.7,52.5,not reported,100,2.23,2.23E-2,10 mM CaCl2,100,-,5,-,0.31,13.901345291479821,1.143056830786112,-0.50863830616572736,Reported Kd at the soil pH condition ,,,,,,,,,
184,Nguyen,2020,Environmental Science and Technology, 10.1021/acs.est.0c05705,soil,S6,PFHxA,PFCA,C6HF11O2,313.97999999999996,-0.2,-,0,0,0,0.99999998741074603,0,1.258925395945232E-8,1,0,-0.99999998741074603,312.98000001258924,96485,-308.27848035479849,6,11,0.34449760765550236,66.564749347092175,5,4.4332896851950254,3.6,7.7,1:10 CaCl2,not reported,not reported,not reported,not reported,not reported,not reported,not reported,21.63,not reported,70,11,19,not reported,100,4.9000000000000004,4.9000000000000002E-2,10 mM CaCl2,100,-,5,-,0.52,10.612244897959183,1.0258072636062854,-0.28399665636520083,Reported Kd at the soil pH condition ,,,,,,,,,
185,Nguyen,2020,Environmental Science and Technology, 10.1021/acs.est.0c05705,soil,S7,PFHxA,PFCA,C6HF11O2,313.97999999999996,-0.2,-,0,0,0,0.99999998741074603,0,1.258925395945232E-8,1,0,-0.99999998741074603,312.98000001258924,96485,-308.27848035479849,6,11,0.34449760765550236,66.564749347092175,5,4.4332896851950254,3.6,7.7,1:10 CaCl2,not reported,not reported,not reported,not reported,not reported,not reported,not reported,7.8,not reported,48.9,32.6,18.5,not reported,100,0.13,1.2999999999999999E-3,10 mM CaCl2,100,-,5,-,0.21,161.53846153846155,2.2082759424270826,-0.6777807052660807,Reported Kd at the soil pH condition ,,,,,,,,,
186,Nguyen,2020,Environmental Science and Technology, 10.1021/acs.est.0c05705,soil,S8,PFHxA,PFCA,C6HF11O2,313.97999999999996,-0.2,-,0,0,0,0.99999998004737722,0,1.995262275158161E-8,1,0,-0.99999998004737722,312.98000001995257,96485,-308.27847807757763,6,11,0.34449760765550236,66.564749347092175,5,4.4332896851950254,3.6,7.5,1:10 CaCl2,not reported,not reported,not reported,not reported,not reported,not reported,not reported,2.2799999999999998,not reported,93,1,5,not reported,99,0.4,4.0000000000000001E-3,10 mM CaCl2,100,-,5,-,0.05,12.5,1.0969100130080565,-1.3010299956639813,Reported Kd at the soil pH condition ,,,,,,,,,
187,Nguyen,2020,Environmental Science and Technology, 10.1021/acs.est.0c05705,soil,S9,PFHxA,PFCA,C6HF11O2,313.97999999999996,-0.2,-,0,0,0,0.99999994988127916,0,5.011872085084086E-8,1,0,-0.99999994988127916,312.98000005011869,96485,-308.27846874830567,6,11,0.34449760765550236,66.564749347092175,5,4.4332896851950254,3.6,7.1,1:10 CaCl2,not reported,not reported,not reported,not reported,not reported,not reported,not reported,17.420000000000002,not reported,48.86,16.05,35.090000000000003,not reported,100,1.19,1.1899999999999999E-2,10 mM CaCl2,100,-,5,-,0.22,18.487394957983195,1.2668757194296756,-0.65757731917779372,Reported Kd at the soil pH condition ,,,,,,,,,
188,Nguyen,2020,Environmental Science and Technology, 10.1021/acs.est.0c05705,soil,S10,PFHxA,PFCA,C6HF11O2,313.97999999999996,-0.2,-,0,0,0,0.99999974881141995,0,2.5118858005523878E-7,1,0,-0.99999974881141995,312.98000025118853,96485,-308.2784065647449,6,11,0.34449760765550236,66.564749347092175,5,4.4332896851950254,3.6,6.4,1:10 CaCl2,not reported,not reported,not reported,not reported,not reported,not reported,not reported,16.54,not reported,29.38,13.9,56.71,not reported,99.990000000000009,0.17,1.7000000000000001E-3,10 mM CaCl2,100,-,5,-,0.28999999999999998,170.58823529411762,2.231949076520682,-0.53760200210104392,Reported Kd at the soil pH condition ,,,,,,,,,
189,McLachlan,2019,Chemosphere, 10.1016/j.chemosphere.2019.02.012,soil,Lower Layer,PFHpA,PFCA,C7HF13O2,363.97679999999997,-0.2,-,0,0,0,0.9999964518786969,0,3.5481213031263005E-6,1,0,-0.9999964518786969,362.97680354812127,96485,-265.81494111020987,7,13,0.34008097165991902,67.861468093570807,6,3.5619357633137811,4.3,5.25,not reported,not reported,not reported,not reported,not reported,not reported,not reported,not reported,5.7023166666666656,KNN input,100,0,0,not reported,100,0.4,4.0000000000000001E-3,deionized water,200,-,1,1000,0.56000000000000005,140,2.1461280356782382,-0.25181197299379954,Mean Kd value at the certain condition reported in Table S9,,,,,,,,,
190,McLachlan,2019,Chemosphere, 10.1016/j.chemosphere.2019.02.012,soil,Upper layer,PFHpA,PFCA,C7HF13O2,363.97679999999997,-0.2,-,0,0,0,0.99999865103893715,0,1.3489610628932487E-6,1,0,-0.99999865103893715,362.97680134896103,96485,-265.81552729242492,7,13,0.34008097165991902,67.861468093570807,6,3.5619357633137811,4.3,5.67,not reported,not reported,not reported,not reported,not reported,not reported,not reported,not reported,9.2037666666666649,KNN input,71,24,5,not reported,100,0.93,9.300000000000001E-3,deionized water,200,-,1,1000,2,215.05376344086019,2.332547047110046,0.3010299956639812,Mean Kd value at the certain condition reported in Table S9,,,,,,,,,
191,Guelfo,2013,Environmental Science and Technology, 10.1021/es3048043,soil,Loamy sand A,PFHpA,PFCA,C7HF13O2,363.97679999999997,-0.2,-,0,0,0,0.99999949881301753,0,5.0118698243875488E-7,1,0,-0.99999949881301753,362.97680050118691,96485,-265.81575326508641,7,13,0.34008097165991902,67.861468093570807,6,3.5619357633137811,4.3,6.1,not reported,2.21,39.573820395738203,0.221,0.93,34.469977761304669,9.2999999999999999E-2,CBD,14.27683666666667,KNN input,81,1,9,not reported,91,1.7,1.7000000000000001E-2,AGW + 1g/L NaN3,375,-,0.5,1000,0.19,11.176470588235293,1.048304679574555,-0.72124639904717103,Reported Kd was interpolated in the examined study at Cw = 5 pM,,,,,,,,,
192,Guelfo,2013,Environmental Science and Technology, 10.1021/es3048043,soil,Loam B,PFHpA,PFCA,C7HF13O2,363.97679999999997,-0.2,-,0,0,0,0.99999999000000006,0,9.9999999000000002E-9,1,0,-0.99999999000000006,362.97680000999992,96485,-265.81588419009665,7,13,0.34008097165991902,67.861468093570807,6,3.5619357633137811,4.3,7.8,not reported,6.14,0.61399999999999999,0.61399999999999999,1.67,0.16699999999999998,0.16699999999999998,CBD,6.4956666666666676,KNN input,33,42,25,not reported,100,4.5,4.4999999999999998E-2,AGW + 1g/L NaN3,375,-,0.5,1000,0.49,10.888888888888889,1.0369835662531699,-0.30980391997148632,Reported Kd was interpolated in the examined study at Cw = 5 pM,,,,,,,,,
193,Guelfo,2013,Environmental Science and Technology, 10.1021/es3048043,soil,Sandy Clay Loam C,PFHpA,PFCA,C7HF13O2,363.97679999999997,-0.2,-,0,0,0,0.99999601894414336,0,3.981055856666137E-6,1,0,-0.99999601894414336,362.97680398105581,96485,-265.81482571228247,7,13,0.34008097165991902,67.861468093570807,6,3.5619357633137811,4.3,5.2,not reported,24.17,432.80508550452146,2.4170000000000003,3.99,147.88732394366198,0.39900000000000002,CBD,12.009766666666669,KNN input,47,20,33,not reported,100,0.8,8.0000000000000002E-3,AGW + 1g/L NaN3,375,-,0.5,1000,0.33,41.25,1.615423952885944,-0.48148606012211248,Reported Kd was interpolated in the examined study at Cw = 5 pM,,,,,,,,,
194,Enevoldsen,2010,Analytical Bioanalytical Chemistry,10.1007/s00216-010-4066-0,soil,Sj. Odde,PFHpA,PFCA,C7HF13O2,363.97679999999997,-0.2,-,0,0,0,0.99999998415106828,0,1.5848931673422493E-8,1,0,-0.99999998415106828,362.97680001584894,96485,-265.81588263107426,7,13,0.34008097165991902,67.861468093570807,6,3.5619357633137811,4.3,7.6,not reported,8.1199999999999992,145.40245321873041,0.81199999999999994,1.294,47.961452928094886,0.12940000000000002,CBD,5.6985666666666646,KNN input,41,22,37,not reported,100,0.42,4.1999999999999997E-3,"0,1 M CaCl2",480,-,0.02,1,0.63,150,2.1760912590556813,-0.20065945054641829,Reported Kd originated from a linear isotherm,,,,,,,,,
195,Enevoldsen,2010,Analytical Bioanalytical Chemistry,10.1007/s00216-010-4066-0,soil,Jynnevard,PFHpA,PFCA,C7HF13O2,363.97679999999997,-0.2,-,0,0,0,0.99999949881301753,0,5.0118698243875488E-7,1,0,-0.99999949881301753,362.97680050118691,96485,-265.81575326508641,7,13,0.34008097165991902,67.861468093570807,6,3.5619357633137811,4.3,6.1,not reported,2.73,48.885307547676604,0.27300000000000002,2.6320000000000001,97.553743513713854,0.26319999999999999,CBD,12.81991666666667,KNN input,94,1,5,not reported,100,1,0.01,"0,1 M CaCl2",480,-,0.02,1,0.63,63,1.7993405494535817,-0.20065945054641829,Reported Kd originated from a linear isotherm,,,,,,,,,
196,Campos-Pereira,2018,Chemosphere, 10.1016/j.chemosphere.2018.05.012,soil,organic soil horitzon,PFHpA,PFCA,C7HF13O2,363.97679999999997,-0.2,-,0,0,0,0.99998004777494953,0,1.9952225050461341E-5,1,0,-0.99998004777494953,362.97681995222501,96485,-265.81056862602162,7,13,0.34008097165991902,67.861468093570807,6,3.5619357633137811,4.3,4.5,deionized water,5.8637250000000002E-2,1.05,5.8637250000000002E-3,0.18454320000000002,6.84,1.8454320000000003E-2,"0,1 M HNO3",21.496500000000001,KNN input,41.737499999999997,35.036999999999999,21.971,KNN input,98.745499999999993,45,0.45,MIXTURE EXPERIMENTS,11.25,-,1.25,-,17.914822674907391,39.810717055349755,1.6000000000000003,1.253212513775344, Kd is derived in this study from reported Koc at the Ca / pH 4 / 3 mM condition (Table S7),,,,,,,,,
197,Campos-Pereira,2022,Chemosphere, 10.1016/j.chemosphere.2022.134167,soil,Peat Oi,PFHpA,PFCA,C7HF13O2,363.97679999999997,-0.2,-,0,0,0,0.99984153579563773,0,1.5846420436223696E-4,1,0,-0.99984153579563773,362.97695846420436,96485,-265.77364852418214,7,13,0.34008097165991902,67.861468093570807,6,3.5619357633137811,4.3,3.6,deionized water 40g/L,0.37974599999999997,6.8,3.7974599999999997E-2,0.107928,1.932634971796938,1.07928E-2,OA,21.496500000000001,KNN input,41.737499999999997,35.037000000000013,21.971,KNN input,98.745500000000021,44.9,0.44900000000000001,10 mM  NaNO3,25,-,8.0074895999999995,-,59.189727561182742,131.82567385564084,2.1200000000000006,1.7722463410033236,Kd is derived from reported log Koc at Cw = 10 ,,,,,,,,,
198,Campos-Pereira,2022,Chemosphere, 10.1016/j.chemosphere.2022.134167,soil,Mor Oe,PFHpA,PFCA,C7HF13O2,363.97679999999997,-0.2,-,0,0,0,0.99993690824637249,0,6.3091753627486543E-5,1,0,-0.99993690824637249,362.97686309175356,96485,-265.79906986458042,7,13,0.34008097165991902,67.861468093570807,6,3.5619357633137811,4.3,4,deionized water 40g/L,0.279225,5.0000000000000009,2.7922499999999999E-2,0.40473000000000003,7.2473811442385179,4.0473000000000002E-2,OA,21.496500000000001,KNN input,41.737499999999997,35.036999999999999,21.971,KNN input,98.745499999999993,53.6,0.53600000000000003,10 mM  NaNO3,25,-,8.0074895999999995,-,46.683648421645927,87.096358995608071,1.94,1.6691647896927702,Kd is derived from reported log Koc at Cw = 10 ,,,,,,,,,
199,Aly,2019,Env Sci WR&T,10.1039/c9ew00426b,soil,-,PFHpA,PFCA,C7HF13O2,363.97679999999997,-0.2,-,0,0,0,0.99999993690426958,0,6.3095730466947729E-8,1,0,-0.99999993690426958,362.97680006309571,96485,-265.81587003752475,7,13,0.34008097165991902,67.861468093570807,6,3.5619357633137811,4.3,7,not reported,not reported,not reported,not reported,not reported,not reported,not reported,not reported,26.903333333333332,not reported,31.549399999999999,38.265099999999997,30.404799999999991,KNN input,100.21929999999999,1.4433333333333334,1.4433333333333333E-2,"0,01 M NaHCO3",500,-,10,100,0.43,29.792147806004621,1.4741018139458835,-0.36653154442041347,Reported Kd originated from a linear isotherm,,,,,,,,,
200,Gredelj,2020,Science of the Total Environment, 10.1016/j.scitotenv.2019.134766,soil,Agripolis soil,PFHpA,PFCA,C7HF13O2,363.97679999999997,-0.2,-,0,0,0,0.99999999000000006,0,9.9999999000000002E-9,1,0,-0.99999999000000006,362.97680000999992,96485,-265.81588419009665,7,13,0.34008097165991902,67.861468093570807,6,3.5619357633137811,4.3,7.8,not reported,not reported,not reported,not reported,not reported,not reported,not reported,not reported,11.17476666666666,KNN input,47,38,15,not reported,100,1.43,1.43E-2,"0,01 M CaCl2 + 1 g/L NaN3",200,-,10,100,1.64,114.68531468531468,2.0595078105826361,0.21484384804769785,Reported Kd originated from a linear isotherm,,,,,,,,,
201,Cai,2022,Science of the Total Environment, 10.1016/j.scitotenv.2022.152975,soil,Clarke Hill,PFHpA,PFCA,C7HF13O2,363.97679999999997,-0.2,-,0,0,0,0.99999000009999905,0,9.9999000009999908E-6,1,0,-0.99999000009999905,362.97680999989996,96485,-265.81322140021842,7,13,0.34008097165991902,67.861468093570807,6,3.5619357633137811,4.3,4.8,1:5 CaCl2,8.3000000000000007,148.62566030978601,0.83000000000000007,7.85,290.95626389918459,0.78499999999999992,???,15.34083666666667,KNN input,32,40,28,not reported,100,4.9000000000000004,4.9000000000000002E-2,500 mM CaCl2,20,-,10,-,1.17,23.877551020408159,1.3779897817176479,6.8185861746161619E-2,Reported Kd at 10 mM Ca condition (from Table S5),,,,,,,,,
202,Cai,2022,Science of the Total Environment, 10.1016/j.scitotenv.2022.152975,soil,Minatoro,PFHpA,PFCA,C7HF13O2,363.97679999999997,-0.2,-,0,0,0,0.9999992056723962,0,7.9432760376743655E-7,1,0,-0.9999992056723962,362.97680079432757,96485,-265.81567512897914,7,13,0.34008097165991902,67.861468093570807,6,3.5619357633137811,4.3,5.9,1:5 CaCl2,1.4,25.069388485988004,0.13999999999999999,0.92,34.099332839140104,9.1999999999999998E-2,???,15.34083666666667,KNN input,37,22,41,not reported,100,2.6,2.6000000000000002E-2,500 mM CaCl2,20,-,10,-,0.17,6.5384615384615383,0.81547557340745591,-0.769551078621726,Reported Kd at 10 mM Ca condition (from Table S5),,,,,,,,,
206,Nguyen,2020,Environmental Science and Technology, 10.1021/acs.est.0c05705,soil,S1,PFHpA,PFCA,C7HF13O2,363.97679999999997,-0.2,-,0,0,0,0.99999998004737722,0,1.995262275158161E-8,1,0,-0.99999998004737722,362.97680001995258,96485,-265.81588153724283,7,13,0.34008097165991902,67.861468093570807,6,3.5619357633137811,4.3,7.5,1:10 CaCl2,not reported,not reported,not reported,not reported,not reported,not reported,not reported,41.4,not reported,16.899999999999999,17.5,65.599999999999994,not reported,100,0.7,6.9999999999999993E-3,10 mM CaCl2,100,-,5,-,0.55000000000000004,78.571428571428584,1.8952646494799872,-0.25963731050575611,Reported Kd at the soil pH condition ,,,,,,,,,
207,Nguyen,2020,Environmental Science and Technology, 10.1021/acs.est.0c05705,soil,S2,PFHpA,PFCA,C7HF13O2,363.97679999999997,-0.2,-,0,0,0,0.99999990000001004,0,9.9999990000001005E-8,1,0,-0.99999990000001004,362.97680009999999,96485,-265.81586020076048,7,13,0.34008097165991902,67.861468093570807,6,3.5619357633137811,4.3,6.8,1:10 CaCl2,not reported,not reported,not reported,not reported,not reported,not reported,not reported,7.1,not reported,48.9,27,24.2,not reported,100.10000000000001,0.37,3.7000000000000002E-3,10 mM CaCl2,100,-,5,-,0.61,164.86486486486484,2.2171281109437722,-0.21467016498923297,Reported Kd at the soil pH condition ,,,,,,,,,
208,Nguyen,2020,Environmental Science and Technology, 10.1021/acs.est.0c05705,soil,S3,PFHpA,PFCA,C7HF13O2,363.97679999999997,-0.2,-,0,0,0,0.99999960189298798,0,3.9810701206424001E-7,1,0,-0.99999960189298798,362.97680039810695,96485,-265.81578074086781,7,13,0.34008097165991902,67.861468093570807,6,3.5619357633137811,4.3,6.2,1:10 CaCl2,not reported,not reported,not reported,not reported,not reported,not reported,not reported,8,not reported,51.44,10.17,38.380000000000003,not reported,99.990000000000009,0.08,8.0000000000000004E-4,10 mM CaCl2,100,-,5,-,0.5,625,2.7958800173440754,-0.3010299956639812,Reported Kd at the soil pH condition ,,,,,,,,,
209,Nguyen,2020,Environmental Science and Technology, 10.1021/acs.est.0c05705,soil,S4,PFHpA,PFCA,C7HF13O2,363.97679999999997,-0.2,-,0,0,0,0.99999998741074603,0,1.258925395945232E-8,1,0,-0.99999998741074603,362.97680001258919,96485,-265.81588349993558,7,13,0.34008097165991902,67.861468093570807,6,3.5619357633137811,4.3,7.7,1:10 CaCl2,not reported,not reported,not reported,not reported,not reported,not reported,not reported,4.8,not reported,46,37,17,not reported,100,0.25,2.5000000000000001E-3,10 mM CaCl2,100,-,5,-,0.46,184,2.2648178230095364,-0.33724216831842591,Reported Kd at the soil pH condition ,,,,,,,,,
210,Nguyen,2020,Environmental Science and Technology, 10.1021/acs.est.0c05705,soil,S5,PFHpA,PFCA,C7HF13O2,363.97679999999997,-0.2,-,0,0,0,0.99999997488113634,0,2.5118863684138424E-8,1,0,-0.99999997488113634,362.97680002511885,96485,-265.81588016019055,7,13,0.34008097165991902,67.861468093570807,6,3.5619357633137811,4.3,7.4,1:10 CaCl2,not reported,not reported,not reported,not reported,not reported,not reported,not reported,29.6,not reported,39.799999999999997,7.7,52.5,not reported,100,2.23,2.23E-2,10 mM CaCl2,100,-,5,-,0.55000000000000004,24.663677130044846,1.3920578264460832,-0.25963731050575611,Reported Kd at the soil pH condition ,,,,,,,,,
211,Nguyen,2020,Environmental Science and Technology, 10.1021/acs.est.0c05705,soil,S6,PFHpA,PFCA,C7HF13O2,363.97679999999997,-0.2,-,0,0,0,0.99999998741074603,0,1.258925395945232E-8,1,0,-0.99999998741074603,362.97680001258919,96485,-265.81588349993558,7,13,0.34008097165991902,67.861468093570807,6,3.5619357633137811,4.3,7.7,1:10 CaCl2,not reported,not reported,not reported,not reported,not reported,not reported,not reported,21.63,not reported,70,11,19,not reported,100,4.9000000000000004,4.9000000000000002E-2,10 mM CaCl2,100,-,5,-,1.41,28.77551020408163,1.4590230326268663,0.14921911265537988,Reported Kd at the soil pH condition ,,,,,,,,,
212,Nguyen,2020,Environmental Science and Technology, 10.1021/acs.est.0c05705,soil,S7,PFHpA,PFCA,C7HF13O2,363.97679999999997,-0.2,-,0,0,0,0.99999998741074603,0,1.258925395945232E-8,1,0,-0.99999998741074603,362.97680001258919,96485,-265.81588349993558,7,13,0.34008097165991902,67.861468093570807,6,3.5619357633137811,4.3,7.7,1:10 CaCl2,not reported,not reported,not reported,not reported,not reported,not reported,not reported,7.8,not reported,48.9,32.6,18.5,not reported,100,0.13,1.2999999999999999E-3,10 mM CaCl2,100,-,5,-,0.47,361.53846153846155,2.5581545056288806,-0.32790214206428259,Reported Kd at the soil pH condition ,,,,,,,,,
213,Nguyen,2020,Environmental Science and Technology, 10.1021/acs.est.0c05705,soil,S8,PFHpA,PFCA,C7HF13O2,363.97679999999997,-0.2,-,0,0,0,0.99999998004737722,0,1.995262275158161E-8,1,0,-0.99999998004737722,362.97680001995258,96485,-265.81588153724283,7,13,0.34008097165991902,67.861468093570807,6,3.5619357633137811,4.3,7.5,1:10 CaCl2,not reported,not reported,not reported,not reported,not reported,not reported,not reported,2.2799999999999998,not reported,93,1,5,not reported,99,0.4,4.0000000000000001E-3,10 mM CaCl2,100,-,5,-,0.3,75,1.8750612633917001,-0.52287874528033762,Reported Kd at the soil pH condition ,,,,,,,,,
214,Nguyen,2020,Environmental Science and Technology, 10.1021/acs.est.0c05705,soil,S9,PFHpA,PFCA,C7HF13O2,363.97679999999997,-0.2,-,0,0,0,0.99999994988127916,0,5.011872085084086E-8,1,0,-0.99999994988127916,362.9768000501187,96485,-265.81587349652341,7,13,0.34008097165991902,67.861468093570807,6,3.5619357633137811,4.3,7.1,1:10 CaCl2,not reported,not reported,not reported,not reported,not reported,not reported,not reported,17.420000000000002,not reported,48.86,16.05,35.090000000000003,not reported,100,1.19,1.1899999999999999E-2,10 mM CaCl2,100,-,5,-,1.92,161.34453781512605,2.2077542673110186,0.28330122870354957,Reported Kd at the soil pH condition ,,,,,,,,,
215,Nguyen,2020,Environmental Science and Technology, 10.1021/acs.est.0c05705,soil,S10,PFHpA,PFCA,C7HF13O2,363.97679999999997,-0.2,-,0,0,0,0.99999974881141995,0,2.5118858005523878E-7,1,0,-0.99999974881141995,362.97680025118854,96485,-265.81581990171264,7,13,0.34008097165991902,67.861468093570807,6,3.5619357633137811,4.3,6.4,1:10 CaCl2,not reported,not reported,not reported,not reported,not reported,not reported,not reported,16.54,not reported,29.38,13.9,56.71,not reported,99.990000000000009,0.17,1.7000000000000001E-3,10 mM CaCl2,100,-,5,-,0.84,494.11764705882348,2.6938303646836075,-7.5720713938118356E-2,Reported Kd at the soil pH condition ,,,,,,,,,
216,YanYin Chen,2013,Desalination and Water Treatment,10.1080/19443994.2013.792145,soil,B,PFOA,PFCA,C8HF15O2,413.97359999999998,-0.2,-,0,0,0,0.99999981048223863,0,1.8951776134415075E-7,1,0,-0.99999981048223863,412.9736001895177,96485,-233.63474486044839,8,15,0.33684210526315789,68.844969824162703,7,2.6821450763738319,4.9000000000000004,6.5223499999999994,KNN input,not reported,not reported,not reported,not reported,not reported,not reported,not reported,12.5,not reported,26.547000000000001,46.607999999999997,26.966000000000001,KNN input,100.12100000000001,2.5,2.5000000000000001E-2,Deionized water,100,-,5,100,3.53,141.19999999999999,2.1498346967157849,0.54777470538782258,Reported Kd originated from a linear isotherm,,,,,,,,,
217,YanYin Chen,2013,Desalination and Water Treatment,10.1080/19443994.2013.792145,soil,D,PFOA,PFCA,C8HF15O2,413.97359999999998,-0.2,-,0,0,0,0.99999893891655389,0,1.0610834460811781E-6,1,0,-0.99999893891655389,412.9736010610834,96485,-233.63454073930626,8,15,0.33684210526315789,68.844969824162703,7,2.6821450763738319,4.9000000000000004,5.7742499999999994,KNN input,not reported,not reported,not reported,not reported,not reported,not reported,not reported,3.22,not reported,45.194833330000002,33.740666670000003,20.621500000000001,KNN input,99.557000000000002,5.2,5.2000000000000005E-2,Deionized water,100,-,5,100,5.07,97.5,1.9890046156985368,0.70500795933333604,Reported Kd originated from a linear isotherm,,,,,,,,,
218,YanYin Chen,2013,Desalination and Water Treatment,10.1080/19443994.2013.792145,soil,S,PFOA,PFCA,C8HF15O2,413.97359999999998,-0.2,-,0,0,0,0.99999816431058886,0,1.8356894111370159E-6,1,0,-0.99999816431058886,412.97360183568935,96485,-233.63435932618225,8,15,0.33684210526315789,68.844969824162703,7,2.6821450763738319,4.9000000000000004,5.5362,KNN input,not reported,not reported,not reported,not reported,not reported,not reported,not reported,3.83,not reported,41.968833330000002,36.729166669999998,22.0915,KNN input,100.7895,16,0.16,Deionized water,100,-,5,100,16.100000000000001,100.625,2.002705893375925,1.2068258760318498,Reported Kd originated from a linear isotherm,,,,,,,,,
219,YanYin Chen,2013,Desalination and Water Treatment,10.1080/19443994.2013.792145,soil,K,PFOA,PFCA,C8HF15O2,413.97359999999998,-0.2,-,0,0,0,0.99999985060022789,0,1.4939977214322707E-7,1,0,-0.99999985060022789,412.97360014939977,96485,-233.63475425610258,8,15,0.33684210526315789,68.844969824162703,7,2.6821450763738319,4.9000000000000004,6.6256500000000003,KNN input,not reported,not reported,not reported,not reported,not reported,not reported,not reported,6.13,not reported,40.693150000000003,35.505099999999999,24.210599999999999,KNN input,100.40885,0.52,5.1999999999999998E-3,Deionized water,100,-,5,100,2.33,448.07692307692309,2.6513525773912199,0.36735592102601899,Reported Kd originated from a linear isotherm,,,,,,,,,
220,YanYin Chen,2013,Desalination and Water Treatment,10.1080/19443994.2013.792145,soil,L,PFOA,PFCA,C8HF15O2,413.97359999999998,-0.2,-,0,0,0,0.99999991550131251,0,8.4498687520175583E-8,1,0,-0.99999991550131251,412.97360008449863,96485,-233.63476945597085,8,15,0.33684210526315789,68.844969824162703,7,2.6821450763738319,4.9000000000000004,6.873149999999999,KNN input,not reported,not reported,not reported,not reported,not reported,not reported,not reported,44.5,not reported,34.828400000000002,33.0246,31.369299999999999,KNN input,99.222300000000004,2.1,2.1000000000000001E-2,Deionized water,100,-,5,100,3.08,146.66666666666666,2.1663314217665248,0.48855071650044429,Reported Kd originated from a linear isotherm,,,,,,,,,
221,Enevoldsen,2010,Analytical Bioanalytical Chemistry,10.1007/s00216-010-4066-0,soil,Sj. Odde,PFOA,PFCA,C8HF15O2,413.97359999999998,-0.2,-,0,0,0,0.99999998415106828,0,1.5848931673422493E-8,1,0,-0.99999998415106828,412.97360001584889,96485,-233.63478553377979,8,15,0.33684210526315789,68.844969824162703,7,2.6821450763738319,4.9000000000000004,7.6,not reported,8.1199999999999992,145.40245321873041,0.81199999999999994,1.294,47.961452928094886,0.12940000000000002,CBD,5.6985666666666646,KNN input,41,22,37,not reported,100,0.42,4.1999999999999997E-3,"0,1 M CaCl2",480,-,0.02,1,1.8,428.57142857142861,2.6320232147054057,0.25527250510330607,Reported Kd originated from a linear isotherm,,,,,,,,,
222,Enevoldsen,2010,Analytical Bioanalytical Chemistry,10.1007/s00216-010-4066-0,soil,Jynnevard,PFOA,PFCA,C8HF15O2,413.97359999999998,-0.2,-,0,0,0,0.99999949881301753,0,5.0118698243875488E-7,1,0,-0.99999949881301753,412.97360050118692,96485,-233.63467186735267,8,15,0.33684210526315789,68.844969824162703,7,2.6821450763738319,4.9000000000000004,6.1,not reported,2.73,48.885307547676604,0.27300000000000002,2.6320000000000001,97.553743513713854,0.26319999999999999,CBD,12.81991666666667,KNN input,94,1,5,not reported,100,1,0.01,"0,1 M CaCl2",480,-,0.02,1,1.5,150,2.1760912590556813,0.17609125905568124,Reported Kd originated from a linear isotherm,,,,,,,,,
223,Chao Yin,2022,Environmental Pollution, 10.1016/j.envpol.2022.118957,sediment,sediment,PFOA,PFCA,C8HF15O2,413.97359999999998,-0.2,-,0,0,0,0.9999999939744042,0,6.0255958244357746E-9,1,0,-0.9999999939744042,412.97360000602555,96485,-233.63478783441028,8,15,0.33684210526315789,68.844969824162703,7,2.6821450763738319,4.9000000000000004,8.02,not reported,not reported,not reported,not reported,not reported,not reported,not reported,not reported,11.934691666666669,KNN input,6.34,85.56,8.08,not reported,99.98,0.37,3.7000000000000002E-3,0psu,50,-,10,-,1.2820298578406237,346.49455617314152,2.5396964157370396,0.10789813980403469,Calculated in this study at Cw = 10% S,1.44,(ng/g)/(ng/mL)^N,0.97,1.44,48.1,61.665636162134,1.2820298578406237,,
224,Guelfo,2013,Environmental Science and Technology, 10.1021/es3048043,soil,Loamy sand A,PFOA,PFCA,C8HF15O2,413.97359999999998,-0.2,-,0,0,0,0.99999949881301753,0,5.0118698243875488E-7,1,0,-0.99999949881301753,412.97360050118692,96485,-233.63467186735267,8,15,0.33684210526315789,68.844969824162703,7,2.6821450763738319,4.9000000000000004,6.1,not reported,2.21,39.573820395738203,0.221,0.93,34.469977761304669,9.2999999999999999E-2,CBD,14.27683666666667,KNN input,81,1,9,not reported,91,1.7,1.7000000000000001E-2,AGW + 1g/L NaN3,375,-,0.5,1000,0.74,43.529411764705877,1.6387827983527021,-0.13076828026902382,Reported Kd was interpolated in the examined study at Cw = 5 pM,,,,,,,,,
225,Guelfo,2013,Environmental Science and Technology, 10.1021/es3048043,soil,Loam B,PFOA,PFCA,C8HF15O2,413.97359999999998,-0.2,-,0,0,0,0.99999999000000006,0,9.9999999000000002E-9,1,0,-0.99999999000000006,412.97360000999993,96485,-233.63478690360273,8,15,0.33684210526315789,68.844969824162703,7,2.6821450763738319,4.9000000000000004,7.8,not reported,6.14,0.61399999999999999,0.61399999999999999,1.67,0.16699999999999998,0.16699999999999998,CBD,6.4956666666666676,KNN input,33,42,25,not reported,100,4.5,4.4999999999999998E-2,AGW + 1g/L NaN3,375,-,0.5,1000,3.48,77.333333333333343,1.8883667301712372,0.54157924394658097,Reported Kd was interpolated in the examined study at Cw = 5 pM,,,,,,,,,
226,Guelfo,2013,Environmental Science and Technology, 10.1021/es3048043,soil,Sandy Clay Loam C,PFOA,PFCA,C8HF15O2,413.97359999999998,-0.2,-,0,0,0,0.99999601894414336,0,3.981055856666137E-6,1,0,-0.99999601894414336,412.97360398105587,96485,-233.63385688023698,8,15,0.33684210526315789,68.844969824162703,7,2.6821450763738319,4.9000000000000004,5.2,not reported,24.17,432.80508550452146,2.4170000000000003,3.99,147.88732394366198,0.39900000000000002,CBD,12.009766666666669,KNN input,47,20,33,not reported,100,0.8,8.0000000000000002E-3,AGW + 1g/L NaN3,375,-,0.5,1000,0.64,80,1.9030899869919435,-0.19382002601611281,Reported Kd was interpolated in the examined study at Cw = 5 pM,,,,,,,,,
227,Higgins and Luthy,2006,Environmental Science and Technology,10.1021/es061000n,sediment,1,PFOA,PFCA,C8HF15O2,413.97359999999998,-0.2,-,0,0,0,0.99999993690426958,0,6.3095730466947729E-8,1,0,-0.99999993690426958,412.97360006309572,96485,-233.63477446855464,8,15,0.33684210526315789,68.844969824162703,7,2.6821450763738319,4.9000000000000004,7,not reported,18.6539,334.0299041991226,1.8653900000000001,1.1061800000000002,41,0.11061800000000002,DCB,38.6,not reported,11,36,53,not reported,100,2.48,2.4799999999999999E-2,"0,5 mM CaCl2",100,-,0.5,100,2.6,104.83870967741936,2.0205216671446018,0.41497334797081797,Reported Kd was interpolated in the examined study at Cw = 5 pM,,,,,,,,,
228,Higgins and Luthy,2006,Environmental Science and Technology,10.1021/es061000n,sediment,5,PFOA,PFCA,C8HF15O2,413.97359999999998,-0.2,-,0,0,0,0.99999874107617315,0,1.2589238269029671E-6,1,0,-0.99999874107617315,412.97360125892379,96485,-233.63449440498505,8,15,0.33684210526315789,68.844969824162703,7,2.6821450763738319,4.9000000000000004,5.7,not reported,14.9678,268.02399498612232,1.49678,2.4281999999999999,89.999999999999986,0.24281999999999998,DCB,22.2,not reported,80,15,5,not reported,100,9.66,9.6600000000000005E-2,"0,5 mM CaCl2",100,-,0.5,100,11.93,123.49896480331262,2.0916633172548487,1.0766404436703418,Reported Kd was interpolated in the examined study at Cw = 5 pM,,,,,,,,,
229,Li,2019,Science of the Total Environment, 10.1016/j.scitotenv.2018.08.209,soil,soil S1,PFOA,PFCA,C8HF15O2,413.97359999999998,-0.2,-,0,0,0,0.9999984511857799,0,1.5488142200832729E-6,1,0,-0.9999984511857799,412.97360154881414,96485,-233.63442651250267,8,15,0.33684210526315789,68.844969824162703,7,2.6821450763738319,4.9000000000000004,5.61,Not reported,6.3647003569415741,113.97081846076773,0.63647003569415739,11.801765398195371,437.42644174185961,1.1801765398195372,CBD,11,Not reported,40.700000000000003,23.3,36,Not reported,100,3.82,3.8199999999999998E-2,10 mM NaN3,125,-,20.69868,413.97359999999998,2.6320763040501265,68.902521048432632,1.8382351124358207,0.42029847534752945,Calculated in this study at Cw = 10% S,67.313163272762523,(nmol/kg)/(nmol/L)^N,0.5504,15.017266975719876,48.1,126.60287022481108,2.6320763040501265,,
230,Li,2019,Science of the Total Environment, 10.1016/j.scitotenv.2018.08.209,soil,soil S2,PFOA,PFCA,C8HF15O2,413.97359999999998,-0.2,-,0,0,0,0.99997048877867123,0,2.9511221328777069E-5,1,0,-0.99997048877867123,412.9736295112213,96485,-233.62787770251197,8,15,0.33684210526315789,68.844969824162703,7,2.6821450763738319,4.9000000000000004,4.33,Not reported,2.9725248919782077,53.228129500908004,0.29725248919782077,2.3762298940761086,88.073754413495507,0.23762298940761087,CBD,19,Not reported,46.7,50,3.3,Not reported,100,0.52,5.1999999999999998E-3,10 mM NaN3,125,-,20.69868,413.97359999999998,2.3146709943277841,445.12903737072776,2.6484859258002582,0.36448926943505727,Calculated in this study at Cw = 10% S,37.887853374843722,(nmol/kg)/(nmol/L)^N,0.61009999999999998,10.479911971727654,48.1,111.33567482716643,2.3146709943277841,,
231,Li,2019,Science of the Total Environment, 10.1016/j.scitotenv.2018.08.209,soil,soil S3,PFOA,PFCA,C8HF15O2,413.97359999999998,-0.2,-,0,0,0,0.99986512190629506,0,1.3487809370495705E-4,1,0,-0.99986512190629506,412.97373487809369,96485,-233.60320073528788,8,15,0.33684210526315789,68.844969824162703,7,2.6821450763738319,4.9000000000000004,3.67,Not reported,1.056120608679316,18.911641305028493,0.1056120608679316,0.53451941938014913,19.811690859160453,5.3451941938014912E-2,CBD,6.57,Not reported,59.3,21.3,19.399999999999999,Not reported,100,0.25800000000000001,2.5800000000000003E-3,10 mM NaN3,125,-,20.69868,413.97359999999998,1.8927048354968559,733.60652538637817,2.8654631857027124,0.27708289166594247,Calculated in this study at Cw = 10% S,12.439416235583078,(nmol/kg)/(nmol/L)^N,0.7036,5.9658275079952503,48.1,91.039102587398773,1.8927048354968559,,
232,Li,2019,Science of the Total Environment, 10.1016/j.scitotenv.2018.08.209,soil,soil S4,PFOA,PFCA,C8HF15O2,413.97359999999998,-0.2,-,0,0,0,0.99998554581121912,0,1.4454188780866098E-5,1,0,-0.99998554581121912,412.97361445418875,96485,-233.63140406709547,8,15,0.33684210526315789,68.844969824162703,7,2.6821450763738319,4.9000000000000004,4.6399999999999997,Not reported,4.6791038887845202,83.787337967311657,0.46791038887845204,7.7796390741467247,288.34837191055317,0.77796390741467247,CBD,19.600000000000001,Not reported,42,36.700000000000003,21.3,Not reported,100,0.92800000000000005,9.2800000000000001E-3,10 mM NaN3,125,-,20.69868,413.97359999999998,2.4071498742100945,259.39115023815674,2.4139551549851568,0.38150313120401869,Calculated in this study at Cw = 10% S,42.923981597047103,(nmol/kg)/(nmol/L)^N,0.59189999999999998,11.694631371037,48.1,115.78390894950556,2.4071498742100945,,
233,Li,2019,Science of the Total Environment, 10.1016/j.scitotenv.2018.08.209,soil,soil S5,PFOA,PFCA,C8HF15O2,413.97359999999998,-0.2,-,0,0,0,0.99995533363595812,0,4.4666364041902332E-5,1,0,-0.99995533363595812,412.97364466636401,96485,-233.62432836073813,8,15,0.33684210526315789,68.844969824162703,7,2.6821450763738319,4.9000000000000004,4.1500000000000004,Not reported,3.9726920909261692,71.137829544742928,0.39726920909261693,5.1758415064731267,191.83993723028641,0.51758415064731267,CBD,9.76,Not reported,49.3,39.4,11.3,Not reported,99.999999999999986,2.48,2.4799999999999999E-2,10 mM NaN3,125,-,20.69868,413.97359999999998,2.1647917891389721,87.289991497539205,1.9409644511904511,0.33541613201666731,Calculated in this study at Cw = 10% S,47.478829094159771,(nmol/kg)/(nmol/L)^N,0.64119999999999999,8.6889997638496261,48.1,104.12648505758456,2.1647917891389721,,
234,Li,2019,Science of the Total Environment, 10.1016/j.scitotenv.2018.08.209,soil,soil S6,PFOA,PFCA,C8HF15O2,413.97359999999998,-0.2,-,0,0,0,0.99991872355478106,0,8.1276445218917993E-5,1,0,-0.99991872355478106,412.97368127644518,96485,-233.61575426304489,8,15,0.33684210526315789,68.844969824162703,7,2.6821450763738319,4.9000000000000004,3.89,Not reported,2.0632819838436971,36.946584006512616,0.20632819838436972,0.33553001176932129,12.436249509611612,3.3553001176932128E-2,CBD,2.89,Not reported,60,16,24,Not reported,100,0.99299999999999999,9.9299999999999996E-3,10 mM NaN3,125,-,20.69868,413.97359999999998,2.2252659618075876,224.09526302191216,2.3504326764137424,0.34738192490912356,Calculated in this study at Cw = 10% S,31.311220745994902,(nmol/kg)/(nmol/L)^N,0.62839999999999996,9.3857079264331134,48.1,107.03529276294496,2.2252659618075876,,
235,Cai,2022,Science of the Total Environment, 10.1016/j.scitotenv.2022.152975,soil,Clarke Hill,PFOA,PFCA,C8HF15O2,413.97359999999998,-0.2,-,0,0,0,0.99999000009999905,0,9.9999000009999908E-6,1,0,-0.99999000009999905,412.97360999990002,96485,-233.6324472638137,8,15,0.33684210526315789,68.844969824162703,7,2.6821450763738319,4.9000000000000004,4.8,1:5 CaCl2,8.3000000000000007,148.62566030978601,0.83000000000000007,7.85,290.95626389918459,0.78499999999999992,???,15.34083666666667,KNN input,32,40,28,not reported,100,4.9000000000000004,4.9000000000000002E-2,500 mM CaCl2,20,-,10,-,4.2699999999999996,87.142857142857125,1.9402317949965102,0.63042787502502384,Reported Kd at 10 mM Ca condition (from Table S5),,,,,,,,,
236,Cai,2022,Science of the Total Environment, 10.1016/j.scitotenv.2022.152975,soil,Minatoro,PFOA,PFCA,C8HF15O2,413.97359999999998,-0.2,-,0,0,0,0.9999992056723962,0,7.9432760376743655E-7,1,0,-0.9999992056723962,412.97360079432758,96485,-233.63460321366483,8,15,0.33684210526315789,68.844969824162703,7,2.6821450763738319,4.9000000000000004,5.9,1:5 CaCl2,1.4,25.069388485988004,0.13999999999999999,0.92,34.099332839140104,9.1999999999999998E-2,???,15.34083666666667,KNN input,37,22,41,not reported,100,2.6,2.6000000000000002E-2,500 mM CaCl2,20,-,10,-,3.43,131.92307692307691,2.1203207720719526,0.53529412004277055,Reported Kd at 10 mM Ca condition (from Table S5),,,,,,,,,
237,Jeon,2011,Journal of Environmental Monitoring,10.1039/c0em00791a,sediment,APH,PFOA,PFCA,C8HF15O2,413.97359999999998,-0.2,-,0,0,0,0.99999986476162572,0,1.352383742358444E-7,1,0,-0.99999986476162572,412.97360013523837,96485,-233.63475757270942,8,15,0.33684210526315789,68.844969824162703,7,2.6821450763738319,4.9000000000000004,6.6688999999999998,KNN input,not reported,not reported,not reported,not reported,not reported,not reported,not reported,11.78125,KNN input,30.648,36.685000000000002,33.302500000000002,KNN input,100.63550000000001,0.21,2.0999999999999999E-3,Commercial ASM,200,-,100,-,1.6,761.90476190476204,2.8819006879220055,0.20411998265592479,Kd extracted in this work from original Figure 3,,,,,,,,,
238,Jeon,2011,Journal of Environmental Monitoring,10.1039/c0em00791a,sediment,YG,PFOA,PFCA,C8HF15O2,413.97359999999998,-0.2,-,0,0,0,0.99999992399363424,0,7.6006365712330383E-8,1,0,-0.99999992399363424,412.97360007600628,96485,-233.63477144487709,8,15,0.33684210526315789,68.844969824162703,7,2.6821450763738319,4.9000000000000004,6.919150000000001,KNN input,not reported,not reported,not reported,not reported,not reported,not reported,not reported,12.094250000000001,KNN input,38.112499999999997,31.469200000000001,29.446650000000002,KNN input,99.028350000000003,0.43,4.3E-3,Commercial ASM,200,-,100,-,1.8,418.60465116279073,2.6218040495237194,0.25527250510330607,Kd extracted in this work from original Figure 3,,,,,,,,,
239,Jeon,2011,Journal of Environmental Monitoring,10.1039/c0em00791a,sediment,WD,PFOA,PFCA,C8HF15O2,413.97359999999998,-0.2,-,0,0,0,0.99999993076113025,0,6.92388697593328E-8,1,0,-0.99999993076113025,412.9736000692389,96485,-233.63477302982812,8,15,0.33684210526315789,68.844969824162703,7,2.6821450763738319,4.9000000000000004,6.959649999999999,KNN input,not reported,not reported,not reported,not reported,not reported,not reported,not reported,10.6485,KNN input,38.113900000000001,32.762700000000002,28.4998,KNN input,99.37639999999999,0.54999999999999993,5.4999999999999997E-3,Commercial ASM,200,-,100,-,2.65,481.81818181818181,2.6828831844425638,0.42324587393680785,Kd extracted in this work from original Figure 3,,,,,,,,,
240,Miao,2017,Ecotoxicology & Environmental Safety, 10.1016/j.ecoenv.2017.01.022,soil,S10,PFOA,PFCA,C8HF15O2,413.97359999999998,-0.2,-,0,0,0,0.99999912903716859,0,8.709628313791642E-7,1,0,-0.99999912903716859,412.9736008709628,96485,-233.63458526565421,8,15,0.33684210526315789,68.844969824162703,7,2.6821450763738319,4.9000000000000004,5.86,not reported,22.449295510050725,401.99293598443415,2.2449295510050726,40.846153846153847,1513.9419513029593,4.0846153846153843,XRD,10.3,BaCl2-TEA (pH 8.2),36.9,27.7,35.4,Pipette,100,0.52,5.1999999999999998E-3,"0,01 M KNO3 + 0,001 M NaN3",2.5,-,10,500,0.48699999999999999,93.65384615384616,1.9715256175798352,-0.3124710387853657,Reported Kd originated from a linear isotherm,,,,,,,,,
241,Miao,2017,Ecotoxicology & Environmental Safety, 10.1016/j.ecoenv.2017.01.022,soil,S09,PFOA,PFCA,C8HF15O2,413.97359999999998,-0.2,-,0,0,0,0.99999994751925669,0,5.2480743270748622E-8,1,0,-0.99999994751925669,412.97360005248072,96485,-233.63477695459025,8,15,0.33684210526315789,68.844969824162703,7,2.6821450763738319,4.9000000000000004,7.08,not reported,58.116400526019163,1040.67330156718,5.8116400526019163,74.07692307692308,2745.6235388036721,7.407692307692308,XRD,7.26,BaCl2-TEA (pH 8.2),59.5,29.9,10.7,Pipette,100.10000000000001,1.05,1.0500000000000001E-2,"0,01 M KNO3 + 0,001 M NaN3",2.5,-,10,500,0.63900000000000001,60.857142857142854,1.7843115590884622,-0.19449914184159983,Reported Kd originated from a linear isotherm,,,,,,,,,
242,Miao,2017,Ecotoxicology & Environmental Safety, 10.1016/j.ecoenv.2017.01.022,soil,S08,PFOA,PFCA,C8HF15O2,413.97359999999998,-0.2,-,0,0,0,0.99999999837818987,0,1.6218100947286599E-9,1,0,-0.99999999837818987,412.97360000162178,96485,-233.63478886577917,8,15,0.33684210526315789,68.844969824162703,7,2.6821450763738319,4.9000000000000004,8.59,not reported,31.12129751393325,557.27992683200375,3.1121297513933248,41.884615384615387,1552.4320009123569,4.1884615384615387,XRD,9.41,BaCl2-TEA (pH 8.2),30.3,58.2,11.5,Pipette,100,1.48,1.4800000000000001E-2,"0,01 M KNO3 + 0,001 M NaN3",2.5,-,10,500,0.66100000000000003,44.662162162162161,1.6499397440906829,-0.17979854051435976,Reported Kd originated from a linear isotherm,,,,,,,,,
243,Miao,2017,Ecotoxicology & Environmental Safety, 10.1016/j.ecoenv.2017.01.022,soil,S07,PFOA,PFCA,C8HF15O2,413.97359999999998,-0.2,-,0,0,0,0.99999087997478209,0,9.1200252179405431E-6,1,0,-0.99999087997478209,412.97360912002517,96485,-233.63265333094216,8,15,0.33684210526315789,68.844969824162703,7,2.6821450763738319,4.9000000000000004,4.84,not reported,45.108397520195382,807.74281529582561,4.510839752019538,55.384615384615387,2052.8026458345216,5.5384615384615383,XRD,11.8,BaCl2-TEA (pH 8.2),37.6,39.700000000000003,22.7,Pipette,100.00000000000001,1.7,1.7000000000000001E-2,"0,01 M KNO3 + 0,001 M NaN3",2.5,-,10,500,0.77,45.294117647058819,1.656041803794208,-0.11350927482751812,Reported Kd originated from a linear isotherm,,,,,,,,,
244,Miao,2017,Ecotoxicology & Environmental Safety, 10.1016/j.ecoenv.2017.01.022,soil,S06,PFOA,PFCA,C8HF15O2,413.97359999999998,-0.2,-,0,0,0,0.99999997655771244,0,2.344228760365832E-8,1,0,-0.99999997655771244,412.97360002344232,96485,-233.63478375541186,8,15,0.33684210526315789,68.844969824162703,7,2.6821450763738319,4.9000000000000004,7.43,not reported,39.093944517502656,700.04377325638211,3.9093944517502655,48.46153846153846,1796.202315105206,4.8461538461538458,XRD,14.2,BaCl2-TEA (pH 8.2),30.1,51.2,18.7,Pipette,100.00000000000001,2.4700000000000002,2.4700000000000003E-2,"0,01 M KNO3 + 0,001 M NaN3",2.5,-,10,500,0.89100000000000001,36.072874493927124,1.5571807507772091,-5.0122295963125202E-2,Reported Kd originated from a linear isotherm,,,,,,,,,
245,Miao,2017,Ecotoxicology & Environmental Safety, 10.1016/j.ecoenv.2017.01.022,soil,S05,PFOA,PFCA,C8HF15O2,413.97359999999998,-0.2,-,0,0,0,0.9999999858746248,0,1.4125375246701269E-8,1,0,-0.9999999858746248,412.9736000141254,96485,-233.63478593743764,8,15,0.33684210526315789,68.844969824162703,7,2.6821450763738319,4.9000000000000004,7.65,not reported,18.672778508359951,334.36795609920227,1.8672778508359951,39.46153846153846,1462.6218851570964,3.9461538461538459,XRD,9.4440000000000008,BaCl2-TEA (pH 8.2),34.1,40.799999999999997,25.1,Pipette,100,3.02,3.0200000000000001E-2,"0,01 M KNO3 + 0,001 M NaN3",2.5,-,10,500,0.91900000000000004,30.430463576158939,1.4833085684289606,-3.6684488613888719E-2,Reported Kd originated from a linear isotherm,,,,,,,,,
246,Miao,2017,Ecotoxicology & Environmental Safety, 10.1016/j.ecoenv.2017.01.022,soil,S04,PFOA,PFCA,C8HF15O2,413.97359999999998,-0.2,-,0,0,0,0.99999462971087649,0,5.3702891235423617E-6,1,0,-0.99999462971087649,412.97360537028908,96485,-233.63353152108104,8,15,0.33684210526315789,68.844969824162703,7,2.6821450763738319,4.9000000000000004,5.07,not reported,17.833552507984219,319.34018279137291,1.7833552507984218,35.653846153846153,1321.4917032559731,3.5653846153846152,XRD,8.5,BaCl2-TEA (pH 8.2),46.4,37.200000000000003,16.399999999999999,Pipette,100,3.61,3.61E-2,"0,01 M KNO3 + 0,001 M NaN3",2.5,-,10,500,1.1499999999999999,31.855955678670359,1.5031906384479536,6.069784035361165E-2,Reported Kd originated from a linear isotherm,,,,,,,,,
247,Miao,2017,Ecotoxicology & Environmental Safety, 10.1016/j.ecoenv.2017.01.022,soil,S03,PFOA,PFCA,C8HF15O2,413.97359999999998,-0.2,-,0,0,0,0.9999999989528715,0,1.0471285469544217E-9,1,0,-0.9999999989528715,412.97360000104715,96485,-233.63478900036989,8,15,0.33684210526315789,68.844969824162703,7,2.6821450763738319,4.9000000000000004,8.7799999999999994,not reported,26.225812511741498,469.61791586966604,2.6225812511741498,41.53846153846154,1539.6019843758909,4.1538461538461542,XRD,7.62,BaCl2-TEA (pH 8.2),38.700000000000003,42.1,19.2,Pipette,100.00000000000001,4.8,4.8000000000000001E-2,"0,01 M KNO3 + 0,001 M NaN3",2.5,-,10,500,1.2,25,1.3979400086720377,7.9181246047624818E-2,Reported Kd originated from a linear isotherm,,,,,,,,,
248,Miao,2017,Ecotoxicology & Environmental Safety, 10.1016/j.ecoenv.2017.01.022,soil,S02,PFOA,PFCA,C8HF15O2,413.97359999999998,-0.2,-,0,0,0,0.9999999939744042,0,6.0255958244357746E-9,1,0,-0.9999999939744042,412.97360000602555,96485,-233.63478783441028,8,15,0.33684210526315789,68.844969824162703,7,2.6821450763738319,4.9000000000000004,8.02,not reported,37.275621516688588,667.48359775608537,3.7275621516688586,47.769230769230766,1770.5422820322744,4.7769230769230768,XRD,12.5,BaCl2-TEA (pH 8.2),33.1,29.8,37.1,Pipette,100,5.0599999999999996,5.0599999999999999E-2,"0,01 M KNO3 + 0,001 M NaN3",2.5,-,10,500,1.28,25.296442687747035,1.4030594528080693,0.10720996964786837,Reported Kd originated from a linear isotherm,,,,,,,,,
249,Miao,2017,Ecotoxicology & Environmental Safety, 10.1016/j.ecoenv.2017.01.022,soil,S01,PFOA,PFCA,C8HF15O2,413.97359999999998,-0.2,-,0,0,0,0.99999993081690774,0,6.9183092305592872E-8,1,0,-0.99999993081690774,412.97360006918308,96485,-233.63477304289128,8,15,0.33684210526315789,68.844969824162703,7,2.6821450763738319,4.9000000000000004,6.96,not reported,30.352007013588828,543.50446796649351,3.0352007013588826,46.03846153846154,1706.3921993499457,4.6038461538461544,XRD,25.3,BaCl2-TEA (pH 8.2),23.6,30.3,46.2,Pipette,100.10000000000001,5.76,5.7599999999999998E-2,"0,01 M KNO3 + 0,001 M NaN3",2.5,-,10,500,1.48,25.694444444444446,1.4098392319717454,0.17026171539495738,Reported Kd originated from a linear isotherm,,,,,,,,,
250,Campos-Pereira,2018,Chemosphere, 10.1016/j.chemosphere.2018.05.012,soil,organic soil horitzon,PFOA,PFCA,C8HF15O2,413.97359999999998,-0.2,-,0,0,0,0.99998004777494953,0,1.9952225050461341E-5,1,0,-0.99998004777494953,412.97361995222502,96485,-233.63011642421051,8,15,0.33684210526315789,68.844969824162703,7,2.6821450763738319,4.9000000000000004,4.5,deionized water,5.8637250000000002E-2,1.05,5.8637250000000002E-3,0.18454320000000002,6.84,1.8454320000000003E-2,"0,1 M HNO3",21.496500000000001,KNN input,41.737499999999997,35.036999999999999,21.971,KNN input,98.745499999999993,45,0.45,MIXTURE EXPERIMENTS,11.25,-,1.25,-,62.117291907129875,138.0384264602886,2.1400000000000006,1.7932125137753441, Kd is derived in this study from reported Koc at the Ca / pH 3 condition,,,,,,,,,
251,Campos-Pereira,2022,Chemosphere, 10.1016/j.chemosphere.2022.134167,soil,Peat Oi,PFOA,PFCA,C8HF15O2,413.97359999999998,-0.2,-,0,0,0,0.99984153579563773,0,1.5846420436223696E-4,1,0,-0.99984153579563773,412.97375846420431,96485,-233.59767685966392,8,15,0.33684210526315789,68.844969824162703,7,2.6821450763738319,4.9000000000000004,3.6,deionized water 40g/L,0.37974599999999997,6.8,3.7974599999999997E-2,0.107928,1.932634971796938,1.07928E-2,OA,21.496500000000001,KNN input,41.737499999999997,35.036999999999999,21.971,KNN input,98.745499999999993,44.9,0.44900000000000001,10 mM  NaNO3,25,-,19.042785599999998,-,126.54539361377405,281.83829312644554,2.4500000000000002,2.1022463410033234, Kd is derived in this study from reported Koc at the Ca / pH 3 condition,,,,,,,,,
252,Campos-Pereira,2022,Chemosphere, 10.1016/j.chemosphere.2022.134167,soil,Mor Oe,PFOA,PFCA,C8HF15O2,413.97359999999998,-0.2,-,0,0,0,0.99993690824637249,0,6.3091753627486543E-5,1,0,-0.99993690824637249,412.97366309175362,96485,-233.62001312591153,8,15,0.33684210526315789,68.844969824162703,7,2.6821450763738319,4.9000000000000004,4,deionized water 40g/L,0.279225,5.0000000000000009,2.7922499999999999E-2,0.40473000000000003,7.2473811442385179,4.0473000000000002E-2,OA,21.496500000000001,KNN input,41.737499999999997,35.036999999999999,21.971,KNN input,98.745499999999993,53.6,0.53600000000000003,10 mM  NaNO3,25,-,19.042785599999998,-,102.1326944828301,190.54607179632481,2.2800000000000002,2.0091647896927705, Kd is derived in this study from reported Koc at the Ca / pH 3 condition,,,,,,,,,
253,Knight,2019,Science of the Total Environment, 10.1016/j.scitotenv.2019.05.339,soil,1,PFOA,PFCA,C8HF15O2,413.97359999999998,-0.2,-,0,0,0,0.9999992056723962,0,7.9432760376743655E-7,1,0,-0.9999992056723962,412.97360079432758,96485,-233.63460321366483,8,15,0.33684210526315789,68.844969824162703,7,2.6821450763738319,4.9000000000000004,5.9,CaCl2,not reported,not reported,not reported,not reported,not reported,not reported,not reported,17.899999999999999,not reported,47.2,19.299999999999997,33.5,not reported,100,1.6,1.6E-2,"0,01 M CaCl2",100,-,2.2999999999999998,-,11.8,737.5,2.8677620246502005,1.0718820073061255,Reported Kd originated from a single spiked concentration,,,,,,,,,
254,Knight,2019,Science of the Total Environment, 10.1016/j.scitotenv.2019.05.339,soil,2,PFOA,PFCA,C8HF15O2,413.97359999999998,-0.2,-,0,0,0,0.99999990000001004,0,9.9999990000001005E-8,1,0,-0.99999990000001004,412.9736001,96485,-233.63476582555762,8,15,0.33684210526315789,68.844969824162703,7,2.6821450763738319,4.9000000000000004,6.8,CaCl2,not reported,not reported,not reported,not reported,not reported,not reported,not reported,14.9,not reported,27.4,12.399999999999991,60.2,not reported,100,0.3,3.0000000000000001E-3,"0,01 M CaCl2",100,-,2.2999999999999998,-,5.8,1933.3333333333333,3.2863067388432747,0.76342799356293722,Reported Kd originated from a single spiked concentration,,,,,,,,,
255,Knight,2019,Science of the Total Environment, 10.1016/j.scitotenv.2019.05.339,soil,3,PFOA,PFCA,C8HF15O2,413.97359999999998,-0.2,-,0,0,0,0.99999984151070587,0,1.5848929412725089E-7,1,0,-0.99999984151070587,412.97360015848926,96485,-233.63475212733178,8,15,0.33684210526315789,68.844969824162703,7,2.6821450763738319,4.9000000000000004,6.6,CaCl2,not reported,not reported,not reported,not reported,not reported,not reported,not reported,16.5,not reported,29.4,13.899999999999991,56.7,not reported,100,0.2,2E-3,"0,01 M CaCl2",100,-,2.2999999999999998,-,4.9000000000000004,2450,3.3891660843645326,0.69019608002851374,Reported Kd originated from a single spiked concentration,,,,,,,,,
256,Knight,2019,Science of the Total Environment, 10.1016/j.scitotenv.2019.05.339,soil,4,PFOA,PFCA,C8HF15O2,413.97359999999998,-0.2,-,0,0,0,0.99999900000099995,0,9.9999900000100006E-7,1,0,-0.99999900000099995,412.97360099999895,96485,-233.63455504531566,8,15,0.33684210526315789,68.844969824162703,7,2.6821450763738319,4.9000000000000004,5.8,CaCl2,not reported,not reported,not reported,not reported,not reported,not reported,not reported,9,not reported,44.4,12.300000000000004,43.3,not reported,100,0.1,1E-3,"0,01 M CaCl2",100,-,2.2999999999999998,-,3.9,3900,3.5910646070264991,0.59106460702649921,Reported Kd originated from a single spiked concentration,,,,,,,,,
257,Knight,2019,Science of the Total Environment, 10.1016/j.scitotenv.2019.05.339,soil,5,PFOA,PFCA,C8HF15O2,413.97359999999998,-0.2,-,0,0,0,0.99999800474166611,0,1.9952583339051124E-6,1,0,-0.99999800474166611,412.97360199525832,96485,-233.63432195505678,8,15,0.33684210526315789,68.844969824162703,7,2.6821450763738319,4.9000000000000004,5.5,CaCl2,not reported,not reported,not reported,not reported,not reported,not reported,not reported,8,not reported,51.4,10.200000000000003,38.4,not reported,100,0.1,1E-3,"0,01 M CaCl2",100,-,2.2999999999999998,-,4.2,4200,3.6232492903979003,0.62324929039790045,Reported Kd originated from a single spiked concentration,,,,,,,,,
258,Knight,2019,Science of the Total Environment, 10.1016/j.scitotenv.2019.05.339,soil,6,PFOA,PFCA,C8HF15O2,413.97359999999998,-0.2,-,0,0,0,0.99999992056718279,0,7.9432817162854954E-8,1,0,-0.99999992056718279,412.97360007943274,96485,-233.63477064240035,8,15,0.33684210526315789,68.844969824162703,7,2.6821450763738319,4.9000000000000004,6.9,CaCl2,not reported,not reported,not reported,not reported,not reported,not reported,not reported,19.7,not reported,41.6,7.7999999999999972,50.6,not reported,100,0.1,1E-3,"0,01 M CaCl2",100,-,2.2999999999999998,-,1.5,1500,3.1760912590556813,0.17609125905568124,Reported Kd originated from a single spiked concentration,,,,,,,,,
259,Knight,2019,Science of the Total Environment, 10.1016/j.scitotenv.2019.05.339,soil,7,PFOA,PFCA,C8HF15O2,413.97359999999998,-0.2,-,0,0,0,0.99999998004737722,0,1.995262275158161E-8,1,0,-0.99999998004737722,412.97360001995258,96485,-233.63478457269321,8,15,0.33684210526315789,68.844969824162703,7,2.6821450763738319,4.9000000000000004,7.5,CaCl2,not reported,not reported,not reported,not reported,not reported,not reported,not reported,29.1,not reported,46.5,6,47.5,not reported,100,0.6,6.0000000000000001E-3,"0,01 M CaCl2",100,-,2.2999999999999998,-,7.3,1216.6666666666665,3.085171609736812,0.86332286012045589,Reported Kd originated from a single spiked concentration,,,,,,,,,
260,Knight,2019,Science of the Total Environment, 10.1016/j.scitotenv.2019.05.339,soil,8,PFOA,PFCA,C8HF15O2,413.97359999999998,-0.2,-,0,0,0,0.99999968377233395,0,3.1622766601686895E-7,1,0,-0.99999968377233395,412.97360031622759,96485,-233.63471518492202,8,15,0.33684210526315789,68.844969824162703,7,2.6821450763738319,4.9000000000000004,6.3,CaCl2,not reported,not reported,not reported,not reported,not reported,not reported,not reported,13.6,not reported,43.8,36.1,20.100000000000001,not reported,100,1.3,1.3000000000000001E-2,"0,01 M CaCl2",100,-,2.2999999999999998,-,9.3000000000000007,715.38461538461536,2.8545395962470983,0.96848294855393513,Reported Kd originated from a single spiked concentration,,,,,,,,,
261,Knight,2019,Science of the Total Environment, 10.1016/j.scitotenv.2019.05.339,soil,9,PFOA,PFCA,C8HF15O2,413.97359999999998,-0.2,-,0,0,0,0.99999997488113634,0,2.5118863684138424E-8,1,0,-0.99999997488113634,412.97360002511886,96485,-233.63478336275685,8,15,0.33684210526315789,68.844969824162703,7,2.6821450763738319,4.9000000000000004,7.4,CaCl2,not reported,not reported,not reported,not reported,not reported,not reported,not reported,27.2,not reported,30.8,32.300000000000004,36.9,not reported,100,0.2,2E-3,"0,01 M CaCl2",100,-,2.2999999999999998,-,5.2,2600,3.4149733479708178,0.71600334363479923,Reported Kd originated from a single spiked concentration,,,,,,,,,
262,Knight,2019,Science of the Total Environment, 10.1016/j.scitotenv.2019.05.339,soil,10,PFOA,PFCA,C8HF15O2,413.97359999999998,-0.2,-,0,0,0,0.99999996837722438,0,3.1622775601683729E-8,1,0,-0.99999996837722438,412.97360003162271,96485,-233.63478183953725,8,15,0.33684210526315789,68.844969824162703,7,2.6821450763738319,4.9000000000000004,7.3,CaCl2,not reported,not reported,not reported,not reported,not reported,not reported,not reported,17.399999999999999,not reported,48.9,16,35.1,not reported,100,0.8,8.0000000000000002E-3,"0,01 M CaCl2",100,-,2.2999999999999998,-,7.8,975,2.989004615698537,0.89209460269048035,Reported Kd originated from a single spiked concentration,,,,,,,,,
263,Knight,2019,Science of the Total Environment, 10.1016/j.scitotenv.2019.05.339,soil,11,PFOA,PFCA,C8HF15O2,413.97359999999998,-0.2,-,0,0,0,0.99999997488113634,0,2.5118863684138424E-8,1,0,-0.99999997488113634,412.97360002511886,96485,-233.63478336275685,8,15,0.33684210526315789,68.844969824162703,7,2.6821450763738319,4.9000000000000004,7.4,CaCl2,not reported,not reported,not reported,not reported,not reported,not reported,not reported,13.5,not reported,35.5,16.600000000000001,47.9,not reported,100,0.1,1E-3,"0,01 M CaCl2",100,-,2.2999999999999998,-,3.4,3400,3.5314789170422549,0.53147891704225514,Reported Kd originated from a single spiked concentration,,,,,,,,,
264,Knight,2019,Science of the Total Environment, 10.1016/j.scitotenv.2019.05.339,soil,12,PFOA,PFCA,C8HF15O2,413.97359999999998,-0.2,-,0,0,0,0.99999936904305364,0,6.309569463732732E-7,1,0,-0.99999936904305364,412.97360063095692,96485,-233.63464147515879,8,15,0.33684210526315789,68.844969824162703,7,2.6821450763738319,4.9000000000000004,6,CaCl2,not reported,not reported,not reported,not reported,not reported,not reported,not reported,10.3,not reported,50.5,20.9,28.6,not reported,100,0.4,4.0000000000000001E-3,"0,01 M CaCl2",100,-,2.2999999999999998,-,6.2,1550,3.1903316981702914,0.79239168949825389,Reported Kd originated from a single spiked concentration,,,,,,,,,
265,Knight,2019,Science of the Total Environment, 10.1016/j.scitotenv.2019.05.339,soil,13,PFOA,PFCA,C8HF15O2,413.97359999999998,-0.2,-,0,0,0,0.99999968377233395,0,3.1622766601686895E-7,1,0,-0.99999968377233395,412.97360031622759,96485,-233.63471518492202,8,15,0.33684210526315789,68.844969824162703,7,2.6821450763738319,4.9000000000000004,6.3,CaCl2,not reported,not reported,not reported,not reported,not reported,not reported,not reported,16.100000000000001,not reported,52.1,19.5,28.4,not reported,100,0.1,1E-3,"0,01 M CaCl2",100,-,2.2999999999999998,-,3.2,3200,3.5051499783199058,0.50514997831990605,Reported Kd originated from a single spiked concentration,,,,,,,,,
266,Knight,2019,Science of the Total Environment, 10.1016/j.scitotenv.2019.05.339,soil,14,PFOA,PFCA,C8HF15O2,413.97359999999998,-0.2,-,0,0,0,0.99999998741074603,0,1.258925395945232E-8,1,0,-0.99999998741074603,412.9736000125892,96485,-233.63478629719808,8,15,0.33684210526315789,68.844969824162703,7,2.6821450763738319,4.9000000000000004,7.7,CaCl2,not reported,not reported,not reported,not reported,not reported,not reported,not reported,39.5,not reported,38.5,8.8999999999999986,52.6,not reported,100,0.1,1E-3,"0,01 M CaCl2",100,-,2.2999999999999998,-,2.2000000000000002,2200,3.3424226808222062,0.34242268082220628,Reported Kd originated from a single spiked concentration,,,,,,,,,
267,Knight,2019,Science of the Total Environment, 10.1016/j.scitotenv.2019.05.339,soil,15,PFOA,PFCA,C8HF15O2,413.97359999999998,-0.2,-,0,0,0,0.99999999205671775,0,7.9432822841470747E-9,1,0,-0.99999999205671775,412.97360000794328,96485,-233.63478738528704,8,15,0.33684210526315789,68.844969824162703,7,2.6821450763738319,4.9000000000000004,7.9,CaCl2,not reported,not reported,not reported,not reported,not reported,not reported,not reported,28.7,not reported,36.5,9.2999999999999972,54.2,not reported,100,0.1,1E-3,"0,01 M CaCl2",100,-,2.2999999999999998,-,1.5,1500,3.1760912590556813,0.17609125905568124,Reported Kd originated from a single spiked concentration,,,,,,,,,
268,Knight,2019,Science of the Total Environment, 10.1016/j.scitotenv.2019.05.339,soil,16,PFOA,PFCA,C8HF15O2,413.97359999999998,-0.2,-,0,0,0,0.99999998741074603,0,1.258925395945232E-8,1,0,-0.99999998741074603,412.9736000125892,96485,-233.63478629719808,8,15,0.33684210526315789,68.844969824162703,7,2.6821450763738319,4.9000000000000004,7.7,CaCl2,not reported,not reported,not reported,not reported,not reported,not reported,not reported,21.8,not reported,43.2,7.5,49.3,not reported,100,0.1,1E-3,"0,01 M CaCl2",100,-,2.2999999999999998,-,2.7,2700,3.4313637641589874,0.43136376415898736,Reported Kd originated from a single spiked concentration,,,,,,,,,
269,Knight,2019,Science of the Total Environment, 10.1016/j.scitotenv.2019.05.339,soil,17,PFOA,PFCA,C8HF15O2,413.97359999999998,-0.2,-,0,0,0,0.99999874107617315,0,1.2589238269029671E-6,1,0,-0.99999874107617315,412.97360125892379,96485,-233.63449440498505,8,15,0.33684210526315789,68.844969824162703,7,2.6821450763738319,4.9000000000000004,5.7,CaCl2,not reported,not reported,not reported,not reported,not reported,not reported,not reported,8.6999999999999993,not reported,53,8.7000000000000028,38.299999999999997,not reported,100,0.2,2E-3,"0,01 M CaCl2",100,-,2.2999999999999998,-,5.6,2799.9999999999995,3.447158031342219,0.74818802700620035,Reported Kd originated from a single spiked concentration,,,,,,,,,
270,Knight,2019,Science of the Total Environment, 10.1016/j.scitotenv.2019.05.339,soil,18,PFOA,PFCA,C8HF15O2,413.97359999999998,-0.2,-,0,0,0,0.99999960189298798,0,3.9810701206424001E-7,1,0,-0.99999960189298798,412.97360039810701,96485,-233.634696008736,8,15,0.33684210526315789,68.844969824162703,7,2.6821450763738319,4.9000000000000004,6.2,CaCl2,not reported,not reported,not reported,not reported,not reported,not reported,not reported,27.4,not reported,38.700000000000003,10.299999999999997,51,not reported,100,0.1,1E-3,"0,01 M CaCl2",100,-,2.2999999999999998,-,1.2,1200,3.0791812460476247,7.9181246047624818E-2,Reported Kd originated from a single spiked concentration,,,,,,,,,
271,Knight,2019,Science of the Total Environment, 10.1016/j.scitotenv.2019.05.339,soil,19,PFOA,PFCA,C8HF15O2,413.97359999999998,-0.2,-,0,0,0,0.99999936904305364,0,6.309569463732732E-7,1,0,-0.99999936904305364,412.97360063095692,96485,-233.63464147515879,8,15,0.33684210526315789,68.844969824162703,7,2.6821450763738319,4.9000000000000004,6,CaCl2,not reported,not reported,not reported,not reported,not reported,not reported,not reported,8.4,not reported,76.2,3.7999999999999972,20,not reported,100,0.5,5.0000000000000001E-3,"0,01 M CaCl2",100,-,2.2999999999999998,-,6.5,1300,3.1139433523068369,0.81291335664285558,Reported Kd originated from a single spiked concentration,,,,,,,,,
272,Knight,2019,Science of the Total Environment, 10.1016/j.scitotenv.2019.05.339,soil,20,PFOA,PFCA,C8HF15O2,413.97359999999998,-0.2,-,0,0,0,0.99999999205671775,0,7.9432822841470747E-9,1,0,-0.99999999205671775,412.97360000794328,96485,-233.63478738528704,8,15,0.33684210526315789,68.844969824162703,7,2.6821450763738319,4.9000000000000004,7.9,CaCl2,not reported,not reported,not reported,not reported,not reported,not reported,not reported,18.5,not reported,48.2,17.699999999999996,34.1,not reported,100,0.1,1E-3,"0,01 M CaCl2",100,-,2.2999999999999998,-,1.6,1600,3.2041199826559246,0.20411998265592479,Reported Kd originated from a single spiked concentration,,,,,,,,,
273,Knight,2019,Science of the Total Environment, 10.1016/j.scitotenv.2019.05.339,soil,21,PFOA,PFCA,C8HF15O2,413.97359999999998,-0.2,-,0,0,0,0.99999949881301753,0,5.0118698243875488E-7,1,0,-0.99999949881301753,412.97360050118692,96485,-233.63467186735267,8,15,0.33684210526315789,68.844969824162703,7,2.6821450763738319,4.9000000000000004,6.1,CaCl2,not reported,not reported,not reported,not reported,not reported,not reported,not reported,12.3,not reported,53.2,6.7999999999999972,40,not reported,100,0.14000000000000001,1.4000000000000002E-3,"0,01 M CaCl2",100,-,2.2999999999999998,-,3.7,2642.8571428571427,3.4220736883887568,0.56820172406699498,Reported Kd originated from a single spiked concentration,,,,,,,,,
274,Knight,2019,Science of the Total Environment, 10.1016/j.scitotenv.2019.05.339,soil,22,PFOA,PFCA,C8HF15O2,413.97359999999998,-0.2,-,0,0,0,0.99999683773233983,0,3.1622676601999995E-6,1,0,-0.99999683773233983,412.97360316226764,96485,-233.63404864086087,8,15,0.33684210526315789,68.844969824162703,7,2.6821450763738319,4.9000000000000004,5.3,CaCl2,not reported,not reported,not reported,not reported,not reported,not reported,not reported,4.8,not reported,56.9,21.5,21.6,not reported,100,1.1000000000000001,1.1000000000000001E-2,"0,01 M CaCl2",100,-,2.2999999999999998,-,8.4,763.63636363636363,2.8828866009036567,0.9242792860618817,Reported Kd originated from a single spiked concentration,,,,,,,,,
275,Knight,2019,Science of the Total Environment, 10.1016/j.scitotenv.2019.05.339,soil,23,PFOA,PFCA,C8HF15O2,413.97359999999998,-0.2,-,0,0,0,0.9999999601892845,0,3.9810715470456442E-8,1,0,-0.9999999601892845,412.97360003981066,96485,-233.63477992191741,8,15,0.33684210526315789,68.844969824162703,7,2.6821450763738319,4.9000000000000004,7.2,CaCl2,not reported,not reported,not reported,not reported,not reported,not reported,not reported,18.2,not reported,33.200000000000003,1.8999999999999915,64.900000000000006,not reported,100,0.2,2E-3,"0,01 M CaCl2",100,-,2.2999999999999998,-,3.2,1600,3.2041199826559246,0.50514997831990605,Reported Kd originated from a single spiked concentration,,,,,,,,,
276,Knight,2019,Science of the Total Environment, 10.1016/j.scitotenv.2019.05.339,soil,24,PFOA,PFCA,C8HF15O2,413.97359999999998,-0.2,-,0,0,0,0.99999998004737722,0,1.995262275158161E-8,1,0,-0.99999998004737722,412.97360001995258,96485,-233.63478457269321,8,15,0.33684210526315789,68.844969824162703,7,2.6821450763738319,4.9000000000000004,7.5,CaCl2,not reported,not reported,not reported,not reported,not reported,not reported,not reported,13.3,not reported,54,18.3,27.7,not reported,100,0.2,2E-3,"0,01 M CaCl2",100,-,2.2999999999999998,-,2.2000000000000002,1100,3.0413926851582249,0.34242268082220628,Reported Kd originated from a single spiked concentration,,,,,,,,,
277,Knight,2019,Science of the Total Environment, 10.1016/j.scitotenv.2019.05.339,soil,25,PFOA,PFCA,C8HF15O2,413.97359999999998,-0.2,-,0,0,0,0.99999998415106828,0,1.5848931673422493E-8,1,0,-0.99999998415106828,412.97360001584889,96485,-233.63478553377979,8,15,0.33684210526315789,68.844969824162703,7,2.6821450763738319,4.9000000000000004,7.6,CaCl2,not reported,not reported,not reported,not reported,not reported,not reported,not reported,16.399999999999999,not reported,54.8,25.200000000000003,20,not reported,100,0.1,1E-3,"0,01 M CaCl2",100,-,2.2999999999999998,-,1.6,1600,3.2041199826559246,0.20411998265592479,Reported Kd originated from a single spiked concentration,,,,,,,,,
278,Knight,2019,Science of the Total Environment, 10.1016/j.scitotenv.2019.05.339,soil,26,PFOA,PFCA,C8HF15O2,413.97359999999998,-0.2,-,0,0,0,0.99999601894414336,0,3.981055856666137E-6,1,0,-0.99999601894414336,412.97360398105587,96485,-233.63385688023698,8,15,0.33684210526315789,68.844969824162703,7,2.6821450763738319,4.9000000000000004,5.2,CaCl2,not reported,not reported,not reported,not reported,not reported,not reported,not reported,7.6,not reported,69.099999999999994,22.300000000000004,8.6,not reported,100,1.1000000000000001,1.1000000000000001E-2,"0,01 M CaCl2",100,-,2.2999999999999998,-,7.6,690.90909090909076,2.839420907122566,0.88081359228079137,Reported Kd originated from a single spiked concentration,,,,,,,,,
279,Knight,2019,Science of the Total Environment, 10.1016/j.scitotenv.2019.05.339,soil,27,PFOA,PFCA,C8HF15O2,413.97359999999998,-0.2,-,0,0,0,0.99999205678074798,0,7.9432192520095278E-6,1,0,-0.99999205678074798,412.97360794321924,96485,-233.63292893950822,8,15,0.33684210526315789,68.844969824162703,7,2.6821450763738319,4.9000000000000004,4.9000000000000004,CaCl2,not reported,not reported,not reported,not reported,not reported,not reported,not reported,2.9,not reported,65.2,22.999999999999996,11.8,not reported,100,0.1,1E-3,"0,01 M CaCl2",100,-,2.2999999999999998,-,3.3,3299.9999999999995,3.5185139398778875,0.51851393987788741,Reported Kd originated from a single spiked concentration,,,,,,,,,
280,Knight,2019,Science of the Total Environment, 10.1016/j.scitotenv.2019.05.339,soil,28,PFOA,PFCA,C8HF15O2,413.97359999999998,-0.2,-,0,0,0,0.9999974881198781,0,2.5118801219519806E-6,1,0,-0.9999974881198781,412.97360251188013,96485,-233.63420096196302,8,15,0.33684210526315789,68.844969824162703,7,2.6821450763738319,4.9000000000000004,5.4,CaCl2,not reported,not reported,not reported,not reported,not reported,not reported,not reported,8.8000000000000007,not reported,65.7,12.399999999999999,21.9,not reported,100,0.1,1E-3,"0,01 M CaCl2",100,-,2.2999999999999998,-,5,5000,3.6989700043360187,0.69897000433601886,Reported Kd originated from a single spiked concentration,,,,,,,,,
281,Knight,2019,Science of the Total Environment, 10.1016/j.scitotenv.2019.05.339,soil,29,PFOA,PFCA,C8HF15O2,413.97359999999998,-0.2,-,0,0,0,0.99999205678074798,0,7.9432192520095278E-6,1,0,-0.99999205678074798,412.97360794321924,96485,-233.63292893950822,8,15,0.33684210526315789,68.844969824162703,7,2.6821450763738319,4.9000000000000004,4.9000000000000004,CaCl2,not reported,not reported,not reported,not reported,not reported,not reported,not reported,5.6,not reported,73.5,9.8999999999999986,16.600000000000001,not reported,100,0.1,1E-3,"0,01 M CaCl2",100,-,2.2999999999999998,-,3.9,3900,3.5910646070264991,0.59106460702649921,Reported Kd originated from a single spiked concentration,,,,,,,,,
282,Knight,2019,Science of the Total Environment, 10.1016/j.scitotenv.2019.05.339,soil,30,PFOA,PFCA,C8HF15O2,413.97359999999998,-0.2,-,0,0,0,0.99999994988127916,0,5.011872085084086E-8,1,0,-0.99999994988127916,412.9736000501187,96485,-233.6347775077771,8,15,0.33684210526315789,68.844969824162703,7,2.6821450763738319,4.9000000000000004,7.1,CaCl2,not reported,not reported,not reported,not reported,not reported,not reported,not reported,26.1,not reported,30.3,19.100000000000001,50.6,not reported,100,0.5,5.0000000000000001E-3,"0,01 M CaCl2",100,-,2.2999999999999998,-,11.7,2340,3.369215857410143,1.0681858617461617,Reported Kd originated from a single spiked concentration,,,,,,,,,
283,Knight,2019,Science of the Total Environment, 10.1016/j.scitotenv.2019.05.339,soil,31,PFOA,PFCA,C8HF15O2,413.97359999999998,-0.2,-,0,0,0,0.99999601894414336,0,3.981055856666137E-6,1,0,-0.99999601894414336,412.97360398105587,96485,-233.63385688023698,8,15,0.33684210526315789,68.844969824162703,7,2.6821450763738319,4.9000000000000004,5.2,CaCl2,not reported,not reported,not reported,not reported,not reported,not reported,not reported,19,not reported,44.5,12,43.5,not reported,100,1.1000000000000001,1.1000000000000001E-2,"0,01 M CaCl2",100,-,2.2999999999999998,-,10.5,954.5454545454545,2.9797966139117129,1.0211892990699381,Reported Kd originated from a single spiked concentration,,,,,,,,,
284,Knight,2019,Science of the Total Environment, 10.1016/j.scitotenv.2019.05.339,soil,32,PFOA,PFCA,C8HF15O2,413.97359999999998,-0.2,-,0,0,0,0.99999949881301753,0,5.0118698243875488E-7,1,0,-0.99999949881301753,412.97360050118692,96485,-233.63467186735267,8,15,0.33684210526315789,68.844969824162703,7,2.6821450763738319,4.9000000000000004,6.1,CaCl2,not reported,not reported,not reported,not reported,not reported,not reported,not reported,23.4,not reported,38.5,11.200000000000003,50.3,not reported,100,0.2,2E-3,"0,01 M CaCl2",100,-,2.2999999999999998,-,7.7,3850,3.5854607295085006,0.88649072517248184,Reported Kd originated from a single spiked concentration,,,,,,,,,
285,Knight,2019,Science of the Total Environment, 10.1016/j.scitotenv.2019.05.339,soil,33,PFOA,PFCA,C8HF15O2,413.97359999999998,-0.2,-,0,0,0,0.9999999601892845,0,3.9810715470456442E-8,1,0,-0.9999999601892845,412.97360003981066,96485,-233.63477992191741,8,15,0.33684210526315789,68.844969824162703,7,2.6821450763738319,4.9000000000000004,7.2,CaCl2,not reported,not reported,not reported,not reported,not reported,not reported,not reported,19.7,not reported,42,14.399999999999999,43.6,not reported,100,0.1,1E-3,"0,01 M CaCl2",100,-,2.2999999999999998,-,2.9,2900,3.4623979978989561,0.46239799789895608,Reported Kd originated from a single spiked concentration,,,,,,,,,
286,Knight,2019,Science of the Total Environment, 10.1016/j.scitotenv.2019.05.339,soil,34,PFOA,PFCA,C8HF15O2,413.97359999999998,-0.2,-,0,0,0,0.99999993690426958,0,6.3095730466947729E-8,1,0,-0.99999993690426958,412.97360006309572,96485,-233.63477446855464,8,15,0.33684210526315789,68.844969824162703,7,2.6821450763738319,4.9000000000000004,7,CaCl2,not reported,not reported,not reported,not reported,not reported,not reported,not reported,21.6,not reported,70,11,19,not reported,100,3.5,3.5000000000000003E-2,"0,01 M CaCl2",100,-,2.2999999999999998,-,10,285.71428571428567,2.4559319556497243,1,Reported Kd originated from a single spiked concentration,,,,,,,,,
287,Knight,2019,Science of the Total Environment, 10.1016/j.scitotenv.2019.05.339,soil,35,PFOA,PFCA,C8HF15O2,413.97359999999998,-0.2,-,0,0,0,0.99999998004737722,0,1.995262275158161E-8,1,0,-0.99999998004737722,412.97360001995258,96485,-233.63478457269321,8,15,0.33684210526315789,68.844969824162703,7,2.6821450763738319,4.9000000000000004,7.5,CaCl2,not reported,not reported,not reported,not reported,not reported,not reported,not reported,7.7,not reported,81,5,14,not reported,100,0.8,8.0000000000000002E-3,"0,01 M CaCl2",100,-,2.2999999999999998,-,6.7,837.5,2.9229848157088827,0.82607480270082645,Reported Kd originated from a single spiked concentration,,,,,,,,,
288,Knight,2019,Science of the Total Environment, 10.1016/j.scitotenv.2019.05.339,soil,36,PFOA,PFCA,C8HF15O2,413.97359999999998,-0.2,-,0,0,0,0.99999999000000006,0,9.9999999000000002E-9,1,0,-0.99999999000000006,412.97360000999993,96485,-233.63478690360273,8,15,0.33684210526315789,68.844969824162703,7,2.6821450763738319,4.9000000000000004,7.8,CaCl2,not reported,not reported,not reported,not reported,not reported,not reported,not reported,5.3,not reported,84,4,12,not reported,100,0.3,3.0000000000000001E-3,"0,01 M CaCl2",100,-,2.2999999999999998,-,4.2,1400,3.1461280356782382,0.62324929039790045,Reported Kd originated from a single spiked concentration,,,,,,,,,
289,Knight,2019,Science of the Total Environment, 10.1016/j.scitotenv.2019.05.339,soil,37,PFOA,PFCA,C8HF15O2,413.97359999999998,-0.2,-,0,0,0,0.99999998415106828,0,1.5848931673422493E-8,1,0,-0.99999998415106828,412.97360001584889,96485,-233.63478553377979,8,15,0.33684210526315789,68.844969824162703,7,2.6821450763738319,4.9000000000000004,7.6,CaCl2,not reported,not reported,not reported,not reported,not reported,not reported,not reported,1.6,not reported,95,1,4,not reported,100,0.1,1E-3,"0,01 M CaCl2",100,-,2.2999999999999998,-,0.6,600,2.7781512503836434,-0.22184874961635639,Reported Kd originated from a single spiked concentration,,,,,,,,,
290,Knight,2019,Science of the Total Environment, 10.1016/j.scitotenv.2019.05.339,soil,38,PFOA,PFCA,C8HF15O2,413.97359999999998,-0.2,-,0,0,0,0.99999998741074603,0,1.258925395945232E-8,1,0,-0.99999998741074603,412.9736000125892,96485,-233.63478629719808,8,15,0.33684210526315789,68.844969824162703,7,2.6821450763738319,4.9000000000000004,7.7,CaCl2,not reported,not reported,not reported,not reported,not reported,not reported,not reported,9.1999999999999993,not reported,78,2,20,not reported,100,0.1,1E-3,"0,01 M CaCl2",100,-,2.2999999999999998,-,2.6,2600,3.4149733479708178,0.41497334797081797,Reported Kd originated from a single spiked concentration,,,,,,,,,
291,Knight,2019,Science of the Total Environment, 10.1016/j.scitotenv.2019.05.339,soil,39,PFOA,PFCA,C8HF15O2,413.97359999999998,-0.2,-,0,0,0,0.99999992056718279,0,7.9432817162854954E-8,1,0,-0.99999992056718279,412.97360007943274,96485,-233.63477064240035,8,15,0.33684210526315789,68.844969824162703,7,2.6821450763738319,4.9000000000000004,6.9,CaCl2,not reported,not reported,not reported,not reported,not reported,not reported,not reported,2.2999999999999998,not reported,93,2,5,not reported,100,0.3,3.0000000000000001E-3,"0,01 M CaCl2",100,-,2.2999999999999998,-,5.3,1766.6666666666665,3.2471546148811266,0.72427586960078905,Reported Kd originated from a single spiked concentration,,,,,,,,,
292,Knight,2019,Science of the Total Environment, 10.1016/j.scitotenv.2019.05.339,soil,40,PFOA,PFCA,C8HF15O2,413.97359999999998,-0.2,-,0,0,0,0.99999997488113634,0,2.5118863684138424E-8,1,0,-0.99999997488113634,412.97360002511886,96485,-233.63478336275685,8,15,0.33684210526315789,68.844969824162703,7,2.6821450763738319,4.9000000000000004,7.4,CaCl2,not reported,not reported,not reported,not reported,not reported,not reported,not reported,6,not reported,87,1,12,not reported,100,0.1,1E-3,"0,01 M CaCl2",100,-,2.2999999999999998,-,1.6,1600,3.2041199826559246,0.20411998265592479,Reported Kd originated from a single spiked concentration,,,,,,,,,
293,Knight,2019,Science of the Total Environment, 10.1016/j.scitotenv.2019.05.339,soil,41,PFOA,PFCA,C8HF15O2,413.97359999999998,-0.2,-,0,0,0,0.99999993690426958,0,6.3095730466947729E-8,1,0,-0.99999993690426958,412.97360006309572,96485,-233.63477446855464,8,15,0.33684210526315789,68.844969824162703,7,2.6821450763738319,4.9000000000000004,7,CaCl2,not reported,not reported,not reported,not reported,not reported,not reported,not reported,29.3,not reported,62,8.9000000000000057,29.1,not reported,100,1.7,1.7000000000000001E-2,"0,01 M CaCl2",100,-,2.2999999999999998,-,8.8000000000000007,517.64705882352939,2.7140337507718946,0.94448267215016868,Reported Kd originated from a single spiked concentration,,,,,,,,,
294,Knight,2019,Science of the Total Environment, 10.1016/j.scitotenv.2019.05.339,soil,42,PFOA,PFCA,C8HF15O2,413.97359999999998,-0.2,-,0,0,0,0.99999999498812764,0,5.0118723111538642E-9,1,0,-0.99999999498812764,412.9736000050118,96485,-233.63478807182486,8,15,0.33684210526315789,68.844969824162703,7,2.6821450763738319,4.9000000000000004,8.1,CaCl2,not reported,not reported,not reported,not reported,not reported,not reported,not reported,27.4,not reported,60.3,9.1000000000000085,30.6,not reported,100,0.1,1E-3,"0,01 M CaCl2",100,-,2.2999999999999998,-,1.6,1600,3.2041199826559246,0.20411998265592479,Reported Kd originated from a single spiked concentration,,,,,,,,,
295,Knight,2019,Science of the Total Environment, 10.1016/j.scitotenv.2019.05.339,soil,43,PFOA,PFCA,C8HF15O2,413.97359999999998,-0.2,-,0,0,0,0.99999998415106828,0,1.5848931673422493E-8,1,0,-0.99999998415106828,412.97360001584889,96485,-233.63478553377979,8,15,0.33684210526315789,68.844969824162703,7,2.6821450763738319,4.9000000000000004,7.6,CaCl2,not reported,not reported,not reported,not reported,not reported,not reported,not reported,22.1,not reported,49.2,12.399999999999999,38.4,not reported,100,1,0.01,"0,01 M CaCl2",100,-,2.2999999999999998,-,8,800,2.9030899869919438,0.90308998699194354,Reported Kd originated from a single spiked concentration,,,,,,,,,
296,Knight,2019,Science of the Total Environment, 10.1016/j.scitotenv.2019.05.339,soil,44,PFOA,PFCA,C8HF15O2,413.97359999999998,-0.2,-,0,0,0,0.99999999841510678,0,1.5848931899492252E-9,1,0,-0.99999999841510678,412.97360000158488,96485,-233.63478887442511,8,15,0.33684210526315789,68.844969824162703,7,2.6821450763738319,4.9000000000000004,8.6,CaCl2,not reported,not reported,not reported,not reported,not reported,not reported,not reported,23.5,not reported,36.700000000000003,7.5,55.8,not reported,100,0.2,2E-3,"0,01 M CaCl2",100,-,2.2999999999999998,-,14.8,7400,3.8692317197309762,1.1702617153949575,Reported Kd originated from a single spiked concentration,,,,,,,,,
297,Knight,2019,Science of the Total Environment, 10.1016/j.scitotenv.2019.05.339,soil,45,PFOA,PFCA,C8HF15O2,413.97359999999998,-0.2,-,0,0,0,0.99999999841510678,0,1.5848931899492252E-9,1,0,-0.99999999841510678,412.97360000158488,96485,-233.63478887442511,8,15,0.33684210526315789,68.844969824162703,7,2.6821450763738319,4.9000000000000004,8.6,CaCl2,not reported,not reported,not reported,not reported,not reported,not reported,not reported,13.7,not reported,39.799999999999997,4.8000000000000043,55.4,not reported,100,0.2,2E-3,"0,01 M CaCl2",100,-,2.2999999999999998,-,5.0999999999999996,2549.9999999999995,3.406540180433955,0.70757017609793638,Reported Kd originated from a single spiked concentration,,,,,,,,,
298,Knight,2019,Science of the Total Environment, 10.1016/j.scitotenv.2019.05.339,soil,46,PFOA,PFCA,C8HF15O2,413.97359999999998,-0.2,-,0,0,0,0.99999987410747471,0,1.2589252533048661E-7,1,0,-0.99999987410747471,412.97360012589252,96485,-233.63475976151219,8,15,0.33684210526315789,68.844969824162703,7,2.6821450763738319,4.9000000000000004,6.7,CaCl2,not reported,not reported,not reported,not reported,not reported,not reported,not reported,9.1,not reported,90.1,0.40000000000000568,9.5,not reported,100,0.9,9.0000000000000011E-3,"0,01 M CaCl2",100,-,2.2999999999999998,-,7,777.77777777777771,2.8908555305749317,0.84509804001425681,Reported Kd originated from a single spiked concentration,,,,,,,,,
299,Knight,2019,Science of the Total Environment, 10.1016/j.scitotenv.2019.05.339,soil,47,PFOA,PFCA,C8HF15O2,413.97359999999998,-0.2,-,0,0,0,0.99999998415106828,0,1.5848931673422493E-8,1,0,-0.99999998415106828,412.97360001584889,96485,-233.63478553377979,8,15,0.33684210526315789,68.844969824162703,7,2.6821450763738319,4.9000000000000004,7.6,CaCl2,not reported,not reported,not reported,not reported,not reported,not reported,not reported,19.899999999999999,not reported,67.099999999999994,5.3000000000000114,27.6,not reported,100,0.5,5.0000000000000001E-3,"0,01 M CaCl2",100,-,2.2999999999999998,-,4.3,860,2.9344984512435679,0.63346845557958653,Reported Kd originated from a single spiked concentration,,,,,,,,,
300,Knight,2019,Science of the Total Environment, 10.1016/j.scitotenv.2019.05.339,soil,48,PFOA,PFCA,C8HF15O2,413.97359999999998,-0.2,-,0,0,0,0.99999996837722438,0,3.1622775601683729E-8,1,0,-0.99999996837722438,412.97360003162271,96485,-233.63478183953725,8,15,0.33684210526315789,68.844969824162703,7,2.6821450763738319,4.9000000000000004,7.3,CaCl2,not reported,not reported,not reported,not reported,not reported,not reported,not reported,43.4,not reported,62.5,12.099999999999994,25.4,not reported,100,1.7,1.7000000000000001E-2,"0,01 M CaCl2",100,-,2.2999999999999998,-,9.4,552.94117647058818,2.7426789322214247,0.97312785359969867,Reported Kd originated from a single spiked concentration,,,,,,,,,
301,Knight,2019,Science of the Total Environment, 10.1016/j.scitotenv.2019.05.339,soil,49,PFOA,PFCA,C8HF15O2,413.97359999999998,-0.2,-,0,0,0,0.99999999498812764,0,5.0118723111538642E-9,1,0,-0.99999999498812764,412.9736000050118,96485,-233.63478807182486,8,15,0.33684210526315789,68.844969824162703,7,2.6821450763738319,4.9000000000000004,8.1,CaCl2,not reported,not reported,not reported,not reported,not reported,not reported,not reported,34.200000000000003,not reported,22.6,8.1000000000000014,69.3,not reported,100,0.2,2E-3,"0,01 M CaCl2",100,-,2.2999999999999998,-,5,2500,3.3979400086720375,0.69897000433601886,Reported Kd originated from a single spiked concentration,,,,,,,,,
302,Knight,2019,Science of the Total Environment, 10.1016/j.scitotenv.2019.05.339,soil,50,PFOA,PFCA,C8HF15O2,413.97359999999998,-0.2,-,0,0,0,0.99999998004737722,0,1.995262275158161E-8,1,0,-0.99999998004737722,412.97360001995258,96485,-233.63478457269321,8,15,0.33684210526315789,68.844969824162703,7,2.6821450763738319,4.9000000000000004,7.5,CaCl2,not reported,not reported,not reported,not reported,not reported,not reported,not reported,29.6,not reported,39.799999999999997,7.7000000000000028,52.5,not reported,100,0.4,4.0000000000000001E-3,"0,01 M CaCl2",100,-,2.2999999999999998,-,5,1250,3.0969100130080562,0.69897000433601886,Reported Kd originated from a single spiked concentration,,,,,,,,,
303,Knight,2019,Science of the Total Environment, 10.1016/j.scitotenv.2019.05.339,soil,51,PFOA,PFCA,C8HF15O2,413.97359999999998,-0.2,-,0,0,0,0.99999992056718279,0,7.9432817162854954E-8,1,0,-0.99999992056718279,412.97360007943274,96485,-233.63477064240035,8,15,0.33684210526315789,68.844969824162703,7,2.6821450763738319,4.9000000000000004,6.9,CaCl2,not reported,not reported,not reported,not reported,not reported,not reported,not reported,5.7,not reported,76.900000000000006,1.2999999999999972,21.8,not reported,100,0.6,6.0000000000000001E-3,"0,01 M CaCl2",100,-,2.2999999999999998,-,4.5999999999999996,766.66666666666663,2.8846065812979305,0.66275783168157409,Reported Kd originated from a single spiked concentration,,,,,,,,,
304,Knight,2019,Science of the Total Environment, 10.1016/j.scitotenv.2019.05.339,soil,52,PFOA,PFCA,C8HF15O2,413.97359999999998,-0.2,-,0,0,0,0.99999999369042658,0,6.3095734049912165E-9,1,0,-0.99999999369042658,412.97360000630954,96485,-233.63478776790257,8,15,0.33684210526315789,68.844969824162703,7,2.6821450763738319,4.9000000000000004,8,CaCl2,not reported,not reported,not reported,not reported,not reported,not reported,not reported,19.399999999999999,not reported,38.5,12.200000000000003,49.3,not reported,100,0.2,2E-3,"0,01 M CaCl2",100,-,2.2999999999999998,-,1.3,650,2.8129133566428557,0.11394335230683679,Reported Kd originated from a single spiked concentration,,,,,,,,,
305,Knight,2019,Science of the Total Environment, 10.1016/j.scitotenv.2019.05.339,soil,53,PFOA,PFCA,C8HF15O2,413.97359999999998,-0.2,-,0,0,0,0.99999993690426958,0,6.3095730466947729E-8,1,0,-0.99999993690426958,412.97360006309572,96485,-233.63477446855464,8,15,0.33684210526315789,68.844969824162703,7,2.6821450763738319,4.9000000000000004,7,CaCl2,not reported,not reported,not reported,not reported,not reported,not reported,not reported,33.299999999999997,not reported,44,16,40,not reported,100,3.4,3.4000000000000002E-2,"0,01 M CaCl2",100,-,2.2999999999999998,-,10.6,311.76470588235293,2.493826948222515,1.0253058652647702,Reported Kd originated from a single spiked concentration,,,,,,,,,
306,Knight,2019,Science of the Total Environment, 10.1016/j.scitotenv.2019.05.339,soil,54,PFOA,PFCA,C8HF15O2,413.97359999999998,-0.2,-,0,0,0,0.99999998004737722,0,1.995262275158161E-8,1,0,-0.99999998004737722,412.97360001995258,96485,-233.63478457269321,8,15,0.33684210526315789,68.844969824162703,7,2.6821450763738319,4.9000000000000004,7.5,CaCl2,not reported,not reported,not reported,not reported,not reported,not reported,not reported,17.399999999999999,not reported,42,21,37,not reported,100,1,0.01,"0,01 M CaCl2",100,-,2.2999999999999998,-,7.4,740,2.8692317197309762,0.86923171973097624,Reported Kd originated from a single spiked concentration,,,,,,,,,
307,Knight,2019,Science of the Total Environment, 10.1016/j.scitotenv.2019.05.339,soil,55,PFOA,PFCA,C8HF15O2,413.97359999999998,-0.2,-,0,0,0,0.99999998004737722,0,1.995262275158161E-8,1,0,-0.99999998004737722,412.97360001995258,96485,-233.63478457269321,8,15,0.33684210526315789,68.844969824162703,7,2.6821450763738319,4.9000000000000004,7.5,CaCl2,not reported,not reported,not reported,not reported,not reported,not reported,not reported,33.799999999999997,not reported,34,16,50,not reported,100,0.6,6.0000000000000001E-3,"0,01 M CaCl2",100,-,2.2999999999999998,-,10.3,1716.6666666666667,3.2346859743215286,1.0128372247051722,Reported Kd originated from a single spiked concentration,,,,,,,,,
308,Knight,2019,Science of the Total Environment, 10.1016/j.scitotenv.2019.05.339,soil,56,PFOA,PFCA,C8HF15O2,413.97359999999998,-0.2,-,0,0,0,0.99999999369042658,0,6.3095734049912165E-9,1,0,-0.99999999369042658,412.97360000630954,96485,-233.63478776790257,8,15,0.33684210526315789,68.844969824162703,7,2.6821450763738319,4.9000000000000004,8,CaCl2,not reported,not reported,not reported,not reported,not reported,not reported,not reported,27.1,not reported,25,20,55,not reported,100,0.3,3.0000000000000001E-3,"0,01 M CaCl2",100,-,2.2999999999999998,-,5.4,1800,3.255272505103306,0.7323937598229685,Reported Kd originated from a single spiked concentration,,,,,,,,,
309,Knight,2019,Science of the Total Environment, 10.1016/j.scitotenv.2019.05.339,soil,57,PFOA,PFCA,C8HF15O2,413.97359999999998,-0.2,-,0,0,0,0.99999998415106828,0,1.5848931673422493E-8,1,0,-0.99999998415106828,412.97360001584889,96485,-233.63478553377979,8,15,0.33684210526315789,68.844969824162703,7,2.6821450763738319,4.9000000000000004,7.6,CaCl2,not reported,not reported,not reported,not reported,not reported,not reported,not reported,24.1,not reported,46,14,40,not reported,100,0.7,6.9999999999999993E-3,"0,01 M CaCl2",100,-,2.2999999999999998,-,9,1285.7142857142858,3.1091444694250683,0.95424250943932487,Reported Kd originated from a single spiked concentration,,,,,,,,,
310,Knight,2019,Science of the Total Environment, 10.1016/j.scitotenv.2019.05.339,soil,58,PFOA,PFCA,C8HF15O2,413.97359999999998,-0.2,-,0,0,0,0.99999998741074603,0,1.258925395945232E-8,1,0,-0.99999998741074603,412.9736000125892,96485,-233.63478629719808,8,15,0.33684210526315789,68.844969824162703,7,2.6821450763738319,4.9000000000000004,7.7,CaCl2,not reported,not reported,not reported,not reported,not reported,not reported,not reported,14.2,not reported,29.8888,44.728099999999998,26.741849999999999,KNN input,101.35875,0.4,4.0000000000000001E-3,"0,01 M CaCl2",100,-,2.2999999999999998,-,6.8,1700,3.2304489213782741,0.83250891270623628,Reported Kd originated from a single spiked concentration,,,,,,,,,
311,Knight,2019,Science of the Total Environment, 10.1016/j.scitotenv.2019.05.339,soil,59,PFOA,PFCA,C8HF15O2,413.97359999999998,-0.2,-,0,0,0,0.99999998741074603,0,1.258925395945232E-8,1,0,-0.99999998741074603,412.9736000125892,96485,-233.63478629719808,8,15,0.33684210526315789,68.844969824162703,7,2.6821450763738319,4.9000000000000004,7.7,CaCl2,not reported,not reported,not reported,not reported,not reported,not reported,not reported,21,not reported,45.6,11.5,42.9,not reported,100,0.5,5.0000000000000001E-3,"0,01 M CaCl2",100,-,2.2999999999999998,-,6.8,1360,3.1335389083702174,0.83250891270623628,Reported Kd originated from a single spiked concentration,,,,,,,,,
312,Knight,2019,Science of the Total Environment, 10.1016/j.scitotenv.2019.05.339,soil,60,PFOA,PFCA,C8HF15O2,413.97359999999998,-0.2,-,0,0,0,0.99999999601892831,0,3.9810716896860486E-9,1,0,-0.99999999601892831,412.97360000398106,96485,-233.63478831323886,8,15,0.33684210526315789,68.844969824162703,7,2.6821450763738319,4.9000000000000004,8.1999999999999993,CaCl2,not reported,not reported,not reported,not reported,not reported,not reported,not reported,26.8,not reported,45.6,6.1000000000000014,48.3,not reported,100,0.1,1E-3,"0,01 M CaCl2",100,-,2.2999999999999998,-,3.9,3900,3.5910646070264991,0.59106460702649921,Reported Kd originated from a single spiked concentration,,,,,,,,,
313,Knight,2019,Science of the Total Environment, 10.1016/j.scitotenv.2019.05.339,soil,61,PFOA,PFCA,C8HF15O2,413.97359999999998,-0.2,-,0,0,0,0.99999999601892831,0,3.9810716896860486E-9,1,0,-0.99999999601892831,412.97360000398106,96485,-233.63478831323886,8,15,0.33684210526315789,68.844969824162703,7,2.6821450763738319,4.9000000000000004,8.1999999999999993,CaCl2,not reported,not reported,not reported,not reported,not reported,not reported,not reported,27.3,not reported,39,11,50,not reported,100,0.1,1E-3,"0,01 M CaCl2",100,-,2.2999999999999998,-,1.9,1899.9999999999998,3.2787536009528289,0.27875360095282892,Reported Kd originated from a single spiked concentration,,,,,,,,,
314,Knight,2019,Science of the Total Environment, 10.1016/j.scitotenv.2019.05.339,soil,62,PFOA,PFCA,C8HF15O2,413.97359999999998,-0.2,-,0,0,0,0.99999990000001004,0,9.9999990000001005E-8,1,0,-0.99999990000001004,412.9736001,96485,-233.63476582555762,8,15,0.33684210526315789,68.844969824162703,7,2.6821450763738319,4.9000000000000004,6.8,CaCl2,not reported,not reported,not reported,not reported,not reported,not reported,not reported,18.7,not reported,58,9,33,not reported,100,1.5,1.4999999999999999E-2,"0,01 M CaCl2",100,-,2.2999999999999998,-,9.8000000000000007,653.33333333333337,2.8151348166368138,0.99122607569249488,Reported Kd originated from a single spiked concentration,,,,,,,,,
315,Knight,2019,Science of the Total Environment, 10.1016/j.scitotenv.2019.05.339,soil,63,PFOA,PFCA,C8HF15O2,413.97359999999998,-0.2,-,0,0,0,0.99999998004737722,0,1.995262275158161E-8,1,0,-0.99999998004737722,412.97360001995258,96485,-233.63478457269321,8,15,0.33684210526315789,68.844969824162703,7,2.6821450763738319,4.9000000000000004,7.5,CaCl2,not reported,not reported,not reported,not reported,not reported,not reported,not reported,25.3,not reported,48,12,40,not reported,100,0.6,6.0000000000000001E-3,"0,01 M CaCl2",100,-,2.2999999999999998,-,5.7,950,2.9777236052888476,0.75587485567249146,Reported Kd originated from a single spiked concentration,,,,,,,,,
316,Knight,2019,Science of the Total Environment, 10.1016/j.scitotenv.2019.05.339,soil,64,PFOA,PFCA,C8HF15O2,413.97359999999998,-0.2,-,0,0,0,0.9999999601892845,0,3.9810715470456442E-8,1,0,-0.9999999601892845,412.97360003981066,96485,-233.63477992191741,8,15,0.33684210526315789,68.844969824162703,7,2.6821450763738319,4.9000000000000004,7.2,CaCl2,not reported,not reported,not reported,not reported,not reported,not reported,not reported,18,not reported,83,2,15,not reported,100,0.9,9.0000000000000011E-3,"0,01 M CaCl2",100,-,2.2999999999999998,-,6.6,733.33333333333326,2.8653014261025436,0.81954393554186866,Reported Kd originated from a single spiked concentration,,,,,,,,,
317,Knight,2019,Science of the Total Environment, 10.1016/j.scitotenv.2019.05.339,soil,65,PFOA,PFCA,C8HF15O2,413.97359999999998,-0.2,-,0,0,0,0.99999999498812764,0,5.0118723111538642E-9,1,0,-0.99999999498812764,412.9736000050118,96485,-233.63478807182486,8,15,0.33684210526315789,68.844969824162703,7,2.6821450763738319,4.9000000000000004,8.1,CaCl2,not reported,not reported,not reported,not reported,not reported,not reported,not reported,15.9,not reported,76,5,19,not reported,100,0.2,2E-3,"0,01 M CaCl2",100,-,2.2999999999999998,-,1.7,850,2.9294189257142929,0.23044892137827391,Reported Kd originated from a single spiked concentration,,,,,,,,,
318,Knight,2019,Science of the Total Environment, 10.1016/j.scitotenv.2019.05.339,soil,66,PFOA,PFCA,C8HF15O2,413.97359999999998,-0.2,-,0,0,0,0.99999987410747471,0,1.2589252533048661E-7,1,0,-0.99999987410747471,412.97360012589252,96485,-233.63475976151219,8,15,0.33684210526315789,68.844969824162703,7,2.6821450763738319,4.9000000000000004,6.7,CaCl2,not reported,not reported,not reported,not reported,not reported,not reported,not reported,4.4000000000000004,not reported,89,1,10,not reported,100,0.4,4.0000000000000001E-3,"0,01 M CaCl2",100,-,2.2999999999999998,-,6,1500,3.1760912590556813,0.77815125038364363,Reported Kd originated from a single spiked concentration,,,,,,,,,
319,Knight,2019,Science of the Total Environment, 10.1016/j.scitotenv.2019.05.339,soil,67,PFOA,PFCA,C8HF15O2,413.97359999999998,-0.2,-,0,0,0,0.99999999205671775,0,7.9432822841470747E-9,1,0,-0.99999999205671775,412.97360000794328,96485,-233.63478738528704,8,15,0.33684210526315789,68.844969824162703,7,2.6821450763738319,4.9000000000000004,7.9,CaCl2,not reported,not reported,not reported,not reported,not reported,not reported,not reported,20.100000000000001,not reported,12,27,61,not reported,100,0.2,2E-3,"0,01 M CaCl2",100,-,2.2999999999999998,-,2.9,1450,3.1613680022349748,0.46239799789895608,Reported Kd originated from a single spiked concentration,,,,,,,,,
320,Knight,2019,Science of the Total Environment, 10.1016/j.scitotenv.2019.05.339,soil,68,PFOA,PFCA,C8HF15O2,413.97359999999998,-0.2,-,0,0,0,0.99999999369042658,0,6.3095734049912165E-9,1,0,-0.99999999369042658,412.97360000630954,96485,-233.63478776790257,8,15,0.33684210526315789,68.844969824162703,7,2.6821450763738319,4.9000000000000004,8,CaCl2,not reported,not reported,not reported,not reported,not reported,not reported,not reported,18.5,not reported,15,35,50,not reported,100,0.2,2E-3,"0,01 M CaCl2",100,-,2.2999999999999998,-,2.2999999999999998,1150,3.0606978403536118,0.36172783601759284,Reported Kd originated from a single spiked concentration,,,,,,,,,
321,Knight,2019,Science of the Total Environment, 10.1016/j.scitotenv.2019.05.339,soil,69,PFOA,PFCA,C8HF15O2,413.97359999999998,-0.2,-,0,0,0,0.99999998004737722,0,1.995262275158161E-8,1,0,-0.99999998004737722,412.97360001995258,96485,-233.63478457269321,8,15,0.33684210526315789,68.844969824162703,7,2.6821450763738319,4.9000000000000004,7.5,CaCl2,not reported,not reported,not reported,not reported,not reported,not reported,not reported,41.4,not reported,16.899999999999999,17.500000000000007,65.599999999999994,not reported,100,0.7,6.9999999999999993E-3,"0,01 M CaCl2",100,-,2.2999999999999998,-,11.7,1671.4285714285716,3.2230878217319048,1.0681858617461617,Reported Kd originated from a single spiked concentration,,,,,,,,,
322,Knight,2019,Science of the Total Environment, 10.1016/j.scitotenv.2019.05.339,soil,70,PFOA,PFCA,C8HF15O2,413.97359999999998,-0.2,-,0,0,0,0.99999999000000006,0,9.9999999000000002E-9,1,0,-0.99999999000000006,412.97360000999993,96485,-233.63478690360273,8,15,0.33684210526315789,68.844969824162703,7,2.6821450763738319,4.9000000000000004,7.8,CaCl2,not reported,not reported,not reported,not reported,not reported,not reported,not reported,39.6,not reported,13.3,18.799999999999994,67.900000000000006,not reported,100,0.4,4.0000000000000001E-3,"0,01 M CaCl2",100,-,2.2999999999999998,-,6.3,1575,3.1972805581256192,0.79934054945358168,Reported Kd originated from a single spiked concentration,,,,,,,,,
323,Knight,2019,Science of the Total Environment, 10.1016/j.scitotenv.2019.05.339,soil,71,PFOA,PFCA,C8HF15O2,413.97359999999998,-0.2,-,0,0,0,0.99999987410747471,0,1.2589252533048661E-7,1,0,-0.99999987410747471,412.97360012589252,96485,-233.63475976151219,8,15,0.33684210526315789,68.844969824162703,7,2.6821450763738319,4.9000000000000004,6.7,CaCl2,not reported,not reported,not reported,not reported,not reported,not reported,not reported,7.1,not reported,48.9,26.9,24.2,not reported,100,0.3,3.0000000000000001E-3,"0,01 M CaCl2",100,-,2.2999999999999998,-,6,2000,3.3010299956639813,0.77815125038364363,Reported Kd originated from a single spiked concentration,,,,,,,,,
324,Knight,2019,Science of the Total Environment, 10.1016/j.scitotenv.2019.05.339,soil,72,PFOA,PFCA,C8HF15O2,413.97359999999998,-0.2,-,0,0,0,0.99999996837722438,0,3.1622775601683729E-8,1,0,-0.99999996837722438,412.97360003162271,96485,-233.63478183953725,8,15,0.33684210526315789,68.844969824162703,7,2.6821450763738319,4.9000000000000004,7.3,CaCl2,not reported,not reported,not reported,not reported,not reported,not reported,not reported,35.299999999999997,not reported,43.1,6.5,50.4,not reported,100,0.6,6.0000000000000001E-3,"0,01 M CaCl2",100,-,2.2999999999999998,-,7,1166.6666666666667,3.0669467896306131,0.84509804001425681,Reported Kd originated from a single spiked concentration,,,,,,,,,
325,Knight,2019,Science of the Total Environment, 10.1016/j.scitotenv.2019.05.339,soil,73,PFOA,PFCA,C8HF15O2,413.97359999999998,-0.2,-,0,0,0,0.99999998004737722,0,1.995262275158161E-8,1,0,-0.99999998004737722,412.97360001995258,96485,-233.63478457269321,8,15,0.33684210526315789,68.844969824162703,7,2.6821450763738319,4.9000000000000004,7.5,CaCl2,not reported,not reported,not reported,not reported,not reported,not reported,not reported,22.9,not reported,49,10,41,not reported,100,0.4,4.0000000000000001E-3,"0,01 M CaCl2",100,-,2.2999999999999998,-,3.4,850,2.9294189257142929,0.53147891704225514,Reported Kd originated from a single spiked concentration,,,,,,,,,
326,Knight,2019,Science of the Total Environment, 10.1016/j.scitotenv.2019.05.339,soil,74,PFOA,PFCA,C8HF15O2,413.97359999999998,-0.2,-,0,0,0,0.9999999601892845,0,3.9810715470456442E-8,1,0,-0.9999999601892845,412.97360003981066,96485,-233.63477992191741,8,15,0.33684210526315789,68.844969824162703,7,2.6821450763738319,4.9000000000000004,7.2,CaCl2,not reported,not reported,not reported,not reported,not reported,not reported,not reported,37.1,not reported,50,10,40,not reported,100,1.3,1.3000000000000001E-2,"0,01 M CaCl2",100,-,2.2999999999999998,-,9,692.30769230769226,2.8402991571324883,0.95424250943932487,Reported Kd originated from a single spiked concentration,,,,,,,,,
327,Knight,2019,Science of the Total Environment, 10.1016/j.scitotenv.2019.05.339,soil,75,PFOA,PFCA,C8HF15O2,413.97359999999998,-0.2,-,0,0,0,0.9999992056723962,0,7.9432760376743655E-7,1,0,-0.9999992056723962,412.97360079432758,96485,-233.63460321366483,8,15,0.33684210526315789,68.844969824162703,7,2.6821450763738319,4.9000000000000004,5.9,CaCl2,not reported,not reported,not reported,not reported,not reported,not reported,not reported,17.100000000000001,not reported,68,8,24,not reported,100,0.9,9.0000000000000011E-3,"0,01 M CaCl2",100,-,2.2999999999999998,-,8.6999999999999993,966.66666666666652,2.9852767431792935,0.93951925261861846,Reported Kd originated from a single spiked concentration,,,,,,,,,
328,Knight,2019,Science of the Total Environment, 10.1016/j.scitotenv.2019.05.339,soil,76,PFOA,PFCA,C8HF15O2,413.97359999999998,-0.2,-,0,0,0,0.99999998004737722,0,1.995262275158161E-8,1,0,-0.99999998004737722,412.97360001995258,96485,-233.63478457269321,8,15,0.33684210526315789,68.844969824162703,7,2.6821450763738319,4.9000000000000004,7.5,CaCl2,not reported,not reported,not reported,not reported,not reported,not reported,not reported,29.3,not reported,46,13,41,not reported,100,0.2,2E-3,"0,01 M CaCl2",100,-,2.2999999999999998,-,3.7,1850,3.2671717284030137,0.56820172406699498,Reported Kd originated from a single spiked concentration,,,,,,,,,
329,Knight,2019,Science of the Total Environment, 10.1016/j.scitotenv.2019.05.339,soil,77,PFOA,PFCA,C8HF15O2,413.97359999999998,-0.2,-,0,0,0,0.99999980047380832,0,1.9952619168617852E-7,1,0,-0.99999980047380832,412.97360019952617,96485,-233.63474251646872,8,15,0.33684210526315789,68.844969824162703,7,2.6821450763738319,4.9000000000000004,6.5,CaCl2,not reported,not reported,not reported,not reported,not reported,not reported,not reported,30.4,not reported,55,7,38,not reported,100,0.5,5.0000000000000001E-3,"0,01 M CaCl2",100,-,2.2999999999999998,-,7.8,1560,3.1931245983544616,0.89209460269048035,Reported Kd originated from a single spiked concentration,,,,,,,,,
330,Knight,2019,Science of the Total Environment, 10.1016/j.scitotenv.2019.05.339,soil,78,PFOA,PFCA,C8HF15O2,413.97359999999998,-0.2,-,0,0,0,0.99999984151070587,0,1.5848929412725089E-7,1,0,-0.99999984151070587,412.97360015848926,96485,-233.63475212733178,8,15,0.33684210526315789,68.844969824162703,7,2.6821450763738319,4.9000000000000004,6.6,CaCl2,not reported,not reported,not reported,not reported,not reported,not reported,not reported,45.7,not reported,27,14,59,not reported,100,1.1000000000000001,1.1000000000000001E-2,"0,01 M CaCl2",100,-,2.2999999999999998,-,10.3,936.36363636363637,2.9714445395469471,1.0128372247051722,Reported Kd originated from a single spiked concentration,,,,,,,,,
331,Knight,2019,Science of the Total Environment, 10.1016/j.scitotenv.2019.05.339,soil,79,PFOA,PFCA,C8HF15O2,413.97359999999998,-0.2,-,0,0,0,0.99999997488113634,0,2.5118863684138424E-8,1,0,-0.99999997488113634,412.97360002511886,96485,-233.63478336275685,8,15,0.33684210526315789,68.844969824162703,7,2.6821450763738319,4.9000000000000004,7.4,CaCl2,not reported,not reported,not reported,not reported,not reported,not reported,not reported,44.4,not reported,22,14,64,not reported,100,0.4,4.0000000000000001E-3,"0,01 M CaCl2",100,-,2.2999999999999998,-,7.9,1975,3.2955670999624789,0.89762709129044149,Reported Kd originated from a single spiked concentration,,,,,,,,,
332,Knight,2019,Science of the Total Environment, 10.1016/j.scitotenv.2019.05.339,soil,80,PFOA,PFCA,C8HF15O2,413.97359999999998,-0.2,-,0,0,0,0.99999999498812764,0,5.0118723111538642E-9,1,0,-0.99999999498812764,412.9736000050118,96485,-233.63478807182486,8,15,0.33684210526315789,68.844969824162703,7,2.6821450763738319,4.9000000000000004,8.1,CaCl2,not reported,not reported,not reported,not reported,not reported,not reported,not reported,36.5,not reported,33,7,60,not reported,100,0.2,2E-3,"0,01 M CaCl2",100,-,2.2999999999999998,-,2.2999999999999998,1150,3.0606978403536118,0.36172783601759284,Reported Kd originated from a single spiked concentration,,,,,,,,,
333,Knight,2019,Science of the Total Environment, 10.1016/j.scitotenv.2019.05.339,soil,81,PFOA,PFCA,C8HF15O2,413.97359999999998,-0.2,-,0,0,0,0.99999998741074603,0,1.258925395945232E-8,1,0,-0.99999998741074603,412.9736000125892,96485,-233.63478629719808,8,15,0.33684210526315789,68.844969824162703,7,2.6821450763738319,4.9000000000000004,7.7,CaCl2,not reported,not reported,not reported,not reported,not reported,not reported,not reported,18.3,not reported,61,6,33,not reported,100,0.4,4.0000000000000001E-3,"0,01 M CaCl2",100,-,2.2999999999999998,-,3.3,824.99999999999989,2.916453948549925,0.51851393987788741,Reported Kd originated from a single spiked concentration,,,,,,,,,
334,Knight,2019,Science of the Total Environment, 10.1016/j.scitotenv.2019.05.339,soil,82,PFOA,PFCA,C8HF15O2,413.97359999999998,-0.2,-,0,0,0,0.99999999369042658,0,6.3095734049912165E-9,1,0,-0.99999999369042658,412.97360000630954,96485,-233.63478776790257,8,15,0.33684210526315789,68.844969824162703,7,2.6821450763738319,4.9000000000000004,8,CaCl2,not reported,not reported,not reported,not reported,not reported,not reported,not reported,16.100000000000001,not reported,61,6,33,not reported,100,0.2,2E-3,"0,01 M CaCl2",100,-,2.2999999999999998,-,1.5,750,2.8750612633917001,0.17609125905568124,Reported Kd originated from a single spiked concentration,,,,,,,,,
335,Knight,2019,Science of the Total Environment, 10.1016/j.scitotenv.2019.05.339,soil,83,PFOA,PFCA,C8HF15O2,413.97359999999998,-0.2,-,0,0,0,0.99999990000001004,0,9.9999990000001005E-8,1,0,-0.99999990000001004,412.9736001,96485,-233.63476582555762,8,15,0.33684210526315789,68.844969824162703,7,2.6821450763738319,4.9000000000000004,6.8,CaCl2,not reported,not reported,not reported,not reported,not reported,not reported,not reported,16.2,not reported,50,30,20,not reported,100,1.6,1.6E-2,"0,01 M CaCl2",100,-,2.2999999999999998,-,8.4,525,2.720159303405957,0.9242792860618817,Reported Kd originated from a single spiked concentration,,,,,,,,,
336,Knight,2019,Science of the Total Environment, 10.1016/j.scitotenv.2019.05.339,soil,84,PFOA,PFCA,C8HF15O2,413.97359999999998,-0.2,-,0,0,0,0.99999999000000006,0,9.9999999000000002E-9,1,0,-0.99999999000000006,412.97360000999993,96485,-233.63478690360273,8,15,0.33684210526315789,68.844969824162703,7,2.6821450763738319,4.9000000000000004,7.8,CaCl2,not reported,not reported,not reported,not reported,not reported,not reported,not reported,4.8,not reported,46,37,17,not reported,100,0.3,3.0000000000000001E-3,"0,01 M CaCl2",100,-,2.2999999999999998,-,8.8000000000000007,2933.3333333333335,3.4673614174305061,0.94448267215016868,Reported Kd originated from a single spiked concentration,,,,,,,,,
337,Knight,2019,Science of the Total Environment, 10.1016/j.scitotenv.2019.05.339,soil,85,PFOA,PFCA,C8HF15O2,413.97359999999998,-0.2,-,0,0,0,0.99999999000000006,0,9.9999999000000002E-9,1,0,-0.99999999000000006,412.97360000999993,96485,-233.63478690360273,8,15,0.33684210526315789,68.844969824162703,7,2.6821450763738319,4.9000000000000004,7.8,CaCl2,not reported,not reported,not reported,not reported,not reported,not reported,not reported,42.4,not reported,48,10,42,not reported,100,0.2,2E-3,"0,01 M CaCl2",100,-,2.2999999999999998,-,3.8,1899.9999999999998,3.2787536009528289,0.57978359661681012,Reported Kd originated from a single spiked concentration,,,,,,,,,
338,Knight,2019,Science of the Total Environment, 10.1016/j.scitotenv.2019.05.339,soil,86,PFOA,PFCA,C8HF15O2,413.97359999999998,-0.2,-,0,0,0,0.99999999601892831,0,3.9810716896860486E-9,1,0,-0.99999999601892831,412.97360000398106,96485,-233.63478831323886,8,15,0.33684210526315789,68.844969824162703,7,2.6821450763738319,4.9000000000000004,8.1999999999999993,CaCl2,not reported,not reported,not reported,not reported,not reported,not reported,not reported,26.1,not reported,48,7,45,not reported,100,0.1,1E-3,"0,01 M CaCl2",100,-,2.2999999999999998,-,5,5000,3.6989700043360187,0.69897000433601886,Reported Kd originated from a single spiked concentration,,,,,,,,,
339,Knight,2019,Science of the Total Environment, 10.1016/j.scitotenv.2019.05.339,soil,87,PFOA,PFCA,C8HF15O2,413.97359999999998,-0.2,-,0,0,0,0.99999999205671775,0,7.9432822841470747E-9,1,0,-0.99999999205671775,412.97360000794328,96485,-233.63478738528704,8,15,0.33684210526315789,68.844969824162703,7,2.6821450763738319,4.9000000000000004,7.9,CaCl2,not reported,not reported,not reported,not reported,not reported,not reported,not reported,10.4,not reported,60.5,18.299999999999997,21.2,not reported,100,0.1,1E-3,"0,01 M CaCl2",100,-,2.2999999999999998,-,2.9,2900,3.4623979978989561,0.46239799789895608,Reported Kd originated from a single spiked concentration,,,,,,,,,
340,Knight,2019,Science of the Total Environment, 10.1016/j.scitotenv.2019.05.339,soil,88,PFOA,PFCA,C8HF15O2,413.97359999999998,-0.2,-,0,0,0,0.99999998415106828,0,1.5848931673422493E-8,1,0,-0.99999998415106828,412.97360001584889,96485,-233.63478553377979,8,15,0.33684210526315789,68.844969824162703,7,2.6821450763738319,4.9000000000000004,7.6,CaCl2,not reported,not reported,not reported,not reported,not reported,not reported,not reported,9.6999999999999993,not reported,80.5,4.7999999999999972,14.7,not reported,100,0.2,2E-3,"0,01 M CaCl2",100,-,2.2999999999999998,-,4,2000,3.3010299956639813,0.6020599913279624,Reported Kd originated from a single spiked concentration,,,,,,,,,
341,Knight,2019,Science of the Total Environment, 10.1016/j.scitotenv.2019.05.339,soil,89,PFOA,PFCA,C8HF15O2,413.97359999999998,-0.2,-,0,0,0,0.99999998415106828,0,1.5848931673422493E-8,1,0,-0.99999998415106828,412.97360001584889,96485,-233.63478553377979,8,15,0.33684210526315789,68.844969824162703,7,2.6821450763738319,4.9000000000000004,7.6,CaCl2,not reported,not reported,not reported,not reported,not reported,not reported,not reported,13.1,not reported,67.599999999999994,6.8000000000000114,25.6,not reported,100,0.2,2E-3,"0,01 M CaCl2",100,-,2.2999999999999998,-,3.4,1700,3.2304489213782741,0.53147891704225514,Reported Kd originated from a single spiked concentration,,,,,,,,,
342,Knight,2019,Science of the Total Environment, 10.1016/j.scitotenv.2019.05.339,soil,90,PFOA,PFCA,C8HF15O2,413.97359999999998,-0.2,-,0,0,0,0.99999998741074603,0,1.258925395945232E-8,1,0,-0.99999998741074603,412.9736000125892,96485,-233.63478629719808,8,15,0.33684210526315789,68.844969824162703,7,2.6821450763738319,4.9000000000000004,7.7,CaCl2,not reported,not reported,not reported,not reported,not reported,not reported,not reported,13.1,not reported,53.9,16.399999999999999,29.7,not reported,100,0.1,1E-3,"0,01 M CaCl2",100,-,2.2999999999999998,-,3,3000,3.4771212547196626,0.47712125471966244,Reported Kd originated from a single spiked concentration,,,,,,,,,
343,Knight,2019,Science of the Total Environment, 10.1016/j.scitotenv.2019.05.339,soil,91,PFOA,PFCA,C8HF15O2,413.97359999999998,-0.2,-,0,0,0,0.99999998741074603,0,1.258925395945232E-8,1,0,-0.99999998741074603,412.9736000125892,96485,-233.63478629719808,8,15,0.33684210526315789,68.844969824162703,7,2.6821450763738319,4.9000000000000004,7.7,CaCl2,not reported,not reported,not reported,not reported,not reported,not reported,not reported,13.3,not reported,43.6,26.300000000000004,30.1,not reported,100,0.6,6.0000000000000001E-3,"0,01 M CaCl2",100,-,2.2999999999999998,-,3.9,650,2.8129133566428557,0.59106460702649921,Reported Kd originated from a single spiked concentration,,,,,,,,,
344,Knight,2019,Science of the Total Environment, 10.1016/j.scitotenv.2019.05.339,soil,92,PFOA,PFCA,C8HF15O2,413.97359999999998,-0.2,-,0,0,0,0.99999999369042658,0,6.3095734049912165E-9,1,0,-0.99999999369042658,412.97360000630954,96485,-233.63478776790257,8,15,0.33684210526315789,68.844969824162703,7,2.6821450763738319,4.9000000000000004,8,CaCl2,not reported,not reported,not reported,not reported,not reported,not reported,not reported,7.8,not reported,48.9,32.6,18.5,not reported,100,0.2,2E-3,"0,01 M CaCl2",100,-,2.2999999999999998,-,2.8,1399.9999999999998,3.1461280356782382,0.44715803134221921,Reported Kd originated from a single spiked concentration,,,,,,,,,
345,Knight,2019,Science of the Total Environment, 10.1016/j.scitotenv.2019.05.339,soil,93,PFOA,PFCA,C8HF15O2,413.97359999999998,-0.2,-,0,0,0,0.99999996837722438,0,3.1622775601683729E-8,1,0,-0.99999996837722438,412.97360003162271,96485,-233.63478183953725,8,15,0.33684210526315789,68.844969824162703,7,2.6821450763738319,4.9000000000000004,7.3,CaCl2,not reported,not reported,not reported,not reported,not reported,not reported,not reported,32.9,not reported,40.799999999999997,12.600000000000001,46.6,not reported,100,0.7,6.9999999999999993E-3,"0,01 M CaCl2",100,-,2.2999999999999998,-,11.4,1628.5714285714289,3.2118068113222158,1.0569048513364727,Reported Kd originated from a single spiked concentration,,,,,,,,,
346,Knight,2019,Science of the Total Environment, 10.1016/j.scitotenv.2019.05.339,soil,94,PFOA,PFCA,C8HF15O2,413.97359999999998,-0.2,-,0,0,0,0.99999999000000006,0,9.9999999000000002E-9,1,0,-0.99999999000000006,412.97360000999993,96485,-233.63478690360273,8,15,0.33684210526315789,68.844969824162703,7,2.6821450763738319,4.9000000000000004,7.8,CaCl2,not reported,not reported,not reported,not reported,not reported,not reported,not reported,39.4,not reported,28.1,12.600000000000001,59.3,not reported,100,0.2,2E-3,"0,01 M CaCl2",100,-,2.2999999999999998,-,3.3,1649.9999999999998,3.2174839442139063,0.51851393987788741,Reported Kd originated from a single spiked concentration,,,,,,,,,
347,Knight,2019,Science of the Total Environment, 10.1016/j.scitotenv.2019.05.339,soil,95,PFOA,PFCA,C8HF15O2,413.97359999999998,-0.2,-,0,0,0,0.9999999601892845,0,3.9810715470456442E-8,1,0,-0.9999999601892845,412.97360003981066,96485,-233.63477992191741,8,15,0.33684210526315789,68.844969824162703,7,2.6821450763738319,4.9000000000000004,7.2,CaCl2,not reported,not reported,not reported,not reported,not reported,not reported,not reported,10.3,not reported,85.4,3.8999999999999915,10.7,not reported,100,0.5,5.0000000000000001E-3,"0,01 M CaCl2",100,-,2.2999999999999998,-,5.7,1140,3.0569048513364727,0.75587485567249146,Reported Kd originated from a single spiked concentration,,,,,,,,,
348,Knight,2019,Science of the Total Environment, 10.1016/j.scitotenv.2019.05.339,soil,96,PFOA,PFCA,C8HF15O2,413.97359999999998,-0.2,-,0,0,0,0.99999998415106828,0,1.5848931673422493E-8,1,0,-0.99999998415106828,412.97360001584889,96485,-233.63478553377979,8,15,0.33684210526315789,68.844969824162703,7,2.6821450763738319,4.9000000000000004,7.6,CaCl2,not reported,not reported,not reported,not reported,not reported,not reported,not reported,9.6999999999999993,not reported,77.8,4.7999999999999972,17.399999999999999,not reported,100,0.3,3.0000000000000001E-3,"0,01 M CaCl2",100,-,2.2999999999999998,-,4.0999999999999996,1366.6666666666665,3.1356626020000729,0.61278385671973545,Reported Kd originated from a single spiked concentration,,,,,,,,,
349,Knight,2019,Science of the Total Environment, 10.1016/j.scitotenv.2019.05.339,soil,97,PFOA,PFCA,C8HF15O2,413.97359999999998,-0.2,-,0,0,0,0.99999996837722438,0,3.1622775601683729E-8,1,0,-0.99999996837722438,412.97360003162271,96485,-233.63478183953725,8,15,0.33684210526315789,68.844969824162703,7,2.6821450763738319,4.9000000000000004,7.3,CaCl2,not reported,not reported,not reported,not reported,not reported,not reported,not reported,22.4,not reported,24.2,24.400000000000002,51.4,not reported,100,0.4,4.0000000000000001E-3,"0,01 M CaCl2",100,-,2.2999999999999998,-,8.8000000000000007,2200,3.3424226808222062,0.94448267215016868,Reported Kd originated from a single spiked concentration,,,,,,,,,
350,Knight,2019,Science of the Total Environment, 10.1016/j.scitotenv.2019.05.339,soil,98,PFOA,PFCA,C8HF15O2,413.97359999999998,-0.2,-,0,0,0,0.99999999601892831,0,3.9810716896860486E-9,1,0,-0.99999999601892831,412.97360000398106,96485,-233.63478831323886,8,15,0.33684210526315789,68.844969824162703,7,2.6821450763738319,4.9000000000000004,8.1999999999999993,CaCl2,not reported,not reported,not reported,not reported,not reported,not reported,not reported,12.6,not reported,53.2,13,33.799999999999997,not reported,100,0.2,2E-3,"0,01 M CaCl2",100,-,2.2999999999999998,-,2.9,1450,3.1613680022349748,0.46239799789895608,Reported Kd originated from a single spiked concentration,,,,,,,,,
351,Knight,2019,Science of the Total Environment, 10.1016/j.scitotenv.2019.05.339,soil,99,PFOA,PFCA,C8HF15O2,413.97359999999998,-0.2,-,0,0,0,0.99999996837722438,0,3.1622775601683729E-8,1,0,-0.99999996837722438,412.97360003162271,96485,-233.63478183953725,8,15,0.33684210526315789,68.844969824162703,7,2.6821450763738319,4.9000000000000004,7.3,CaCl2,not reported,not reported,not reported,not reported,not reported,not reported,not reported,24.2,not reported,24.6,10.199999999999996,65.2,not reported,100,0.7,6.9999999999999993E-3,"0,01 M CaCl2",100,-,2.2999999999999998,-,9.4,1342.8571428571431,3.1280298135854419,0.97312785359969867,Reported Kd originated from a single spiked concentration,,,,,,,,,
352,Knight,2019,Science of the Total Environment, 10.1016/j.scitotenv.2019.05.339,soil,100,PFOA,PFCA,C8HF15O2,413.97359999999998,-0.2,-,0,0,0,0.99999999205671775,0,7.9432822841470747E-9,1,0,-0.99999999205671775,412.97360000794328,96485,-233.63478738528704,8,15,0.33684210526315789,68.844969824162703,7,2.6821450763738319,4.9000000000000004,7.9,CaCl2,not reported,not reported,not reported,not reported,not reported,not reported,not reported,10.1,not reported,45.8,24.400000000000006,29.8,not reported,100,0.2,2E-3,"0,01 M CaCl2",100,-,2.2999999999999998,-,14.8,7400,3.8692317197309762,1.1702617153949575,Reported Kd originated from a single spiked concentration,,,,,,,,,
353,Nguyen,2020,Environmental Science and Technology, 10.1021/acs.est.0c05705,soil,S1,PFOA,PFCA,C8HF15O2,413.97359999999998,-0.2,-,0,0,0,0.99999998004737722,0,1.995262275158161E-8,1,0,-0.99999998004737722,412.97360001995258,96485,-233.63478457269321,8,15,0.33684210526315789,68.844969824162703,7,2.6821450763738319,4.9000000000000004,7.5,1:10 CaCl2,not reported,not reported,not reported,not reported,not reported,not reported,not reported,41.4,not reported,16.899999999999999,17.5,65.599999999999994,not reported,100,0.7,6.9999999999999993E-3,10 mM CaCl2,100,-,5,-,1.04,148.57142857142858,2.1719352992845238,1.703333929878037E-2,Reported Kd originated from a single spiked concentration,,,,,,,,,
354,Nguyen,2020,Environmental Science and Technology, 10.1021/acs.est.0c05705,soil,S2,PFOA,PFCA,C8HF15O2,413.97359999999998,-0.2,-,0,0,0,0.99999990000001004,0,9.9999990000001005E-8,1,0,-0.99999990000001004,412.9736001,96485,-233.63476582555762,8,15,0.33684210526315789,68.844969824162703,7,2.6821450763738319,4.9000000000000004,6.8,1:10 CaCl2,not reported,not reported,not reported,not reported,not reported,not reported,not reported,7.1,not reported,48.9,27,24.2,not reported,100.10000000000001,0.37,3.7000000000000002E-3,10 mM CaCl2,100,-,5,-,0.68,183.78378378378378,2.2643071886392412,-0.16749108729376366,Reported Kd originated from a single spiked concentration,,,,,,,,,
355,Nguyen,2020,Environmental Science and Technology, 10.1021/acs.est.0c05705,soil,S3,PFOA,PFCA,C8HF15O2,413.97359999999998,-0.2,-,0,0,0,0.99999960189298798,0,3.9810701206424001E-7,1,0,-0.99999960189298798,412.97360039810701,96485,-233.634696008736,8,15,0.33684210526315789,68.844969824162703,7,2.6821450763738319,4.9000000000000004,6.2,1:10 CaCl2,not reported,not reported,not reported,not reported,not reported,not reported,not reported,8,not reported,51.44,10.17,38.380000000000003,not reported,99.990000000000009,0.08,8.0000000000000004E-4,10 mM CaCl2,100,-,5,-,0.81,1012.5,3.0053950318867062,-9.1514981121350217E-2,Reported Kd originated from a single spiked concentration,,,,,,,,,
356,Nguyen,2020,Environmental Science and Technology, 10.1021/acs.est.0c05705,soil,S4,PFOA,PFCA,C8HF15O2,413.97359999999998,-0.2,-,0,0,0,0.99999998741074603,0,1.258925395945232E-8,1,0,-0.99999998741074603,412.9736000125892,96485,-233.63478629719808,8,15,0.33684210526315789,68.844969824162703,7,2.6821450763738319,4.9000000000000004,7.7,1:10 CaCl2,not reported,not reported,not reported,not reported,not reported,not reported,not reported,4.8,not reported,46,37,17,not reported,100,0.25,2.5000000000000001E-3,10 mM CaCl2,100,-,5,-,0.64,256,2.4082399653118496,-0.19382002601611281,Reported Kd originated from a single spiked concentration,,,,,,,,,
357,Nguyen,2020,Environmental Science and Technology, 10.1021/acs.est.0c05705,soil,S5,PFOA,PFCA,C8HF15O2,413.97359999999998,-0.2,-,0,0,0,0.99999997488113634,0,2.5118863684138424E-8,1,0,-0.99999997488113634,412.97360002511886,96485,-233.63478336275685,8,15,0.33684210526315789,68.844969824162703,7,2.6821450763738319,4.9000000000000004,7.4,1:10 CaCl2,not reported,not reported,not reported,not reported,not reported,not reported,not reported,29.6,not reported,39.799999999999997,7.7,52.5,not reported,100,2.23,2.23E-2,10 mM CaCl2,100,-,5,-,0.74,33.183856502242151,1.5209268566828156,-0.13076828026902382,Reported Kd originated from a single spiked concentration,,,,,,,,,
358,Nguyen,2020,Environmental Science and Technology, 10.1021/acs.est.0c05705,soil,S6,PFOA,PFCA,C8HF15O2,413.97359999999998,-0.2,-,0,0,0,0.99999998741074603,0,1.258925395945232E-8,1,0,-0.99999998741074603,412.9736000125892,96485,-233.63478629719808,8,15,0.33684210526315789,68.844969824162703,7,2.6821450763738319,4.9000000000000004,7.7,1:10 CaCl2,not reported,not reported,not reported,not reported,not reported,not reported,not reported,21.63,not reported,70,11,19,not reported,100,4.9000000000000004,4.9000000000000002E-2,10 mM CaCl2,100,-,5,-,2.84,57.959183673469383,1.7631222600185239,0.45331834004703764,Reported Kd originated from a single spiked concentration,,,,,,,,,
359,Nguyen,2020,Environmental Science and Technology, 10.1021/acs.est.0c05705,soil,S7,PFOA,PFCA,C8HF15O2,413.97359999999998,-0.2,-,0,0,0,0.99999998741074603,0,1.258925395945232E-8,1,0,-0.99999998741074603,412.9736000125892,96485,-233.63478629719808,8,15,0.33684210526315789,68.844969824162703,7,2.6821450763738319,4.9000000000000004,7.7,1:10 CaCl2,not reported,not reported,not reported,not reported,not reported,not reported,not reported,7.8,not reported,48.9,32.6,18.5,not reported,100,0.13,1.2999999999999999E-3,10 mM CaCl2,100,-,5,-,1.42,1092.3076923076924,3.0383449920762198,0.15228834438305647,Reported Kd originated from a single spiked concentration,,,,,,,,,
360,Nguyen,2020,Environmental Science and Technology, 10.1021/acs.est.0c05705,soil,S8,PFOA,PFCA,C8HF15O2,413.97359999999998,-0.2,-,0,0,0,0.99999998004737722,0,1.995262275158161E-8,1,0,-0.99999998004737722,412.97360001995258,96485,-233.63478457269321,8,15,0.33684210526315789,68.844969824162703,7,2.6821450763738319,4.9000000000000004,7.5,1:10 CaCl2,not reported,not reported,not reported,not reported,not reported,not reported,not reported,2.2799999999999998,not reported,93,1,5,not reported,99,0.4,4.0000000000000001E-3,10 mM CaCl2,100,-,5,-,0.53,132.5,2.1222158782728267,-0.27572413039921095,Reported Kd originated from a single spiked concentration,,,,,,,,,
361,Nguyen,2020,Environmental Science and Technology, 10.1021/acs.est.0c05705,soil,S9,PFOA,PFCA,C8HF15O2,413.97359999999998,-0.2,-,0,0,0,0.99999994988127916,0,5.011872085084086E-8,1,0,-0.99999994988127916,412.9736000501187,96485,-233.6347775077771,8,15,0.33684210526315789,68.844969824162703,7,2.6821450763738319,4.9000000000000004,7.1,1:10 CaCl2,not reported,not reported,not reported,not reported,not reported,not reported,not reported,17.420000000000002,not reported,48.86,16.05,35.090000000000003,not reported,100,1.19,1.1899999999999999E-2,10 mM CaCl2,100,-,5,-,1.18,99.159663865546221,1.9963350459135947,7.1882007306125359E-2,Reported Kd originated from a single spiked concentration,,,,,,,,,
362,Nguyen,2020,Environmental Science and Technology, 10.1021/acs.est.0c05705,soil,S10,PFOA,PFCA,C8HF15O2,413.97359999999998,-0.2,-,0,0,0,0.99999974881141995,0,2.5118858005523878E-7,1,0,-0.99999974881141995,412.97360025118854,96485,-233.63473041711018,8,15,0.33684210526315789,68.844969824162703,7,2.6821450763738319,4.9000000000000004,6.4,1:10 CaCl2,not reported,not reported,not reported,not reported,not reported,not reported,not reported,16.54,not reported,29.38,13.9,56.71,not reported,99.990000000000009,0.17,1.7000000000000001E-3,10 mM CaCl2,100,-,5,-,0.86,505.88235294117641,2.7040495298652938,-6.5501548756432285E-2,Reported Kd originated from a single spiked concentration,,,,,,,,,
363,Oliver,2020,Science of the Total Environment, 10.1016/j.scitotenv.2020.1372630048-9697,soil,N1,PFOA,PFCA,C8HF15O2,413.97359999999998,-0.2,-,0,0,0,0.99999994376587065,0,5.6234129356757324E-8,1,0,-0.99999994376587065,412.97360005623409,96485,-233.63477607554523,8,15,0.33684210526315789,68.844969824162703,7,2.6821450763738319,4.9000000000000004,7.05,not reported,9.9,177.27639000805803,0.99,3.3,122.31282431430689,0.32999999999999996,E. A.,7.6433666666666662,KNN input,78,5,11,not reported,94,1.6,1.6E-2,15 PSU ASW,20,-,10,-,1.86,116.25,2.0653929615619915,0.26951294421791633,Reported Kd originated from a single spiked concentration,,,,,,,,,
364,Oliver,2020,Science of the Total Environment, 10.1016/j.scitotenv.2020.1372630048-9697,soil,N4,PFOA,PFCA,C8HF15O2,413.97359999999998,-0.2,-,0,0,0,0.99999996837722438,0,3.1622775601683729E-8,1,0,-0.99999996837722438,412.97360003162271,96485,-233.63478183953725,8,15,0.33684210526315789,68.844969824162703,7,2.6821450763738319,4.9000000000000004,7.3,not reported,1.1000000000000001,19.697376667562004,0.11000000000000001,0.54,20.014825796886583,5.4000000000000006E-2,E. A.,14.54611666666667,KNN input,92,0.7,3.1,not reported,95.8,0.5,5.0000000000000001E-3,15 PSU ASW,20,-,10,-,1.4,280,2.4471580313422194,0.14612803567823801,Reported Kd originated from a single spiked concentration,,,,,,,,,
365,Oliver,2020,Science of the Total Environment, 10.1016/j.scitotenv.2020.1372630048-9697,soil,N7,PFOA,PFCA,C8HF15O2,413.97359999999998,-0.2,-,0,0,0,0.99999995926197383,0,4.0738026120824273E-8,1,0,-0.99999995926197383,412.97360004073801,96485,-233.63477970474077,8,15,0.33684210526315789,68.844969824162703,7,2.6821450763738319,4.9000000000000004,7.19,not reported,3,53.720118184260009,0.3,1.2,44.477390659747961,0.12,E. A.,5.4888166666666667,KNN input,83,1.9,5.3,not reported,90.2,2.7,2.7000000000000003E-2,15 PSU ASW,20,-,10,-,4.34,160.7407407407407,2.2061259653535235,0.63748972951251071,Reported Kd originated from a single spiked concentration,,,,,,,,,
366,Oliver,2020,Science of the Total Environment, 10.1016/j.scitotenv.2020.1372630048-9697,soil,N9-FC,PFOA,PFCA,C8HF15O2,413.97359999999998,-0.2,-,0,0,0,0.99999998004737722,0,1.995262275158161E-8,1,0,-0.99999998004737722,412.97360001995258,96485,-233.63478457269321,8,15,0.33684210526315789,68.844969824162703,7,2.6821450763738319,4.9000000000000004,7.5,not reported,2.2000000000000002,39.394753335124008,0.22000000000000003,8,296.51593773165308,0.8,E. A.,5.670066666666667,KNN input,76,6,13,not reported,95,1.1000000000000001,1.1000000000000001E-2,15 PSU ASW,20,-,10,-,1.82,165.45454545454544,2.2186787028268498,0.26007138798507479,Reported Kd originated from a single spiked concentration,,,,,,,,,
367,Oliver,2020,Science of the Total Environment, 10.1016/j.scitotenv.2020.1372630048-9697,soil,N10-TC,PFOA,PFCA,C8HF15O2,413.97359999999998,-0.2,-,0,0,0,0.99999990667457861,0,9.3325421370063985E-8,1,0,-0.99999990667457861,412.97360009332539,96485,-233.6347673887451,8,15,0.33684210526315789,68.844969824162703,7,2.6821450763738319,4.9000000000000004,6.83,not reported,47,841.61518488674005,4.7,20,741.28984432913273,2,E. A.,8.2616166666666668,KNN input,13,14,53,not reported,80,5,0.05,15 PSU ASW,20,-,10,-,6.63,132.6,2.1225435240687545,0.8215135284047731,Reported Kd originated from a single spiked concentration,,,,,,,,,
368,Oliver,2020,Science of the Total Environment, 10.1016/j.scitotenv.2020.1372630048-9697,soil,N12,PFOA,PFCA,C8HF15O2,413.97359999999998,-0.2,-,0,0,0,0.99999989528715616,0,1.0471284384030905E-7,1,0,-0.99999989528715616,412.97360010471277,96485,-233.63476472180477,8,15,0.33684210526315789,68.844969824162703,7,2.6821450763738319,4.9000000000000004,6.78,not reported,21,376.04082728982007,2.1,1.8,66.716085989621945,0.18,E. A.,5.6660666666666657,KNN input,88,2.1,5.7,not reported,95.8,1.1000000000000001,1.1000000000000001E-2,15 PSU ASW,20,-,10,-,2.2200000000000002,201.81818181818181,2.3049602892924135,0.34635297445063867,Reported Kd originated from a single spiked concentration,,,,,,,,,
369,Oliver,2020,Science of the Total Environment, 10.1016/j.scitotenv.2020.1372630048-9697,soil,N13,PFOA,PFCA,C8HF15O2,413.97359999999998,-0.2,-,0,0,0,0.9999998681743435,0,1.3182565647763447E-7,1,0,-0.9999998681743435,412.97360013182561,96485,-233.63475837196975,8,15,0.33684210526315789,68.844969824162703,7,2.6821450763738319,4.9000000000000004,6.68,not reported,0.62,11.102157758080402,6.2E-2,0.7,25.945144551519643,6.9999999999999993E-2,E. A.,9.8359666666666676,KNN input,96,0,0.5,not reported,96.5,0.3,3.0000000000000001E-3,15 PSU ASW,20,-,10,-,1.1299999999999999,376.66666666666663,2.5759571887637573,5.3078443483419682E-2,Reported Kd originated from a single spiked concentration,,,,,,,,,
370,Oliver,2020,Science of the Total Environment, 10.1016/j.scitotenv.2020.1372630048-9697,soil,N14,PFOA,PFCA,C8HF15O2,413.97359999999998,-0.2,-,0,0,0,0.99999962846490897,0,3.7153509105879646E-7,1,0,-0.99999962846490897,412.97360037153504,96485,-233.6347022318939,8,15,0.33684210526315789,68.844969824162703,7,2.6821450763738319,4.9000000000000004,6.23,not reported,25,447.66765153550006,2.5,11,407.70941438102295,1.1000000000000001,E. A.,5.7400666666666664,KNN input,75,8.6,8.8000000000000007,not reported,92.399999999999991,3.6,3.6000000000000004E-2,15 PSU ASW,20,-,10,-,2.64,73.333333333333329,1.8653014261025438,0.42160392686983106,Reported Kd originated from a single spiked concentration,,,,,,,,,
371,Oliver,2020,Science of the Total Environment, 10.1016/j.scitotenv.2020.1372630048-9697,soil,N15,PFOA,PFCA,C8HF15O2,413.97359999999998,-0.2,-,0,0,0,0.99999996764063537,0,3.2359364645834216E-8,1,0,-0.99999996764063537,412.97360003235934,96485,-233.63478166702771,8,15,0.33684210526315789,68.844969824162703,7,2.6821450763738319,4.9000000000000004,7.29,not reported,5.3,94.905542125526011,0.53,2.1,77.835433654558926,0.21000000000000002,E. A.,6.4225666666666674,KNN input,90,2.2999999999999998,0.3,not reported,92.6,0.7,6.9999999999999993E-3,15 PSU ASW,20,-,10,-,1.3,185.71428571428575,2.26884531229258,0.11394335230683679,Reported Kd originated from a single spiked concentration,,,,,,,,,
372,Oliver,2020,Science of the Total Environment, 10.1016/j.scitotenv.2020.1372630048-9697,soil,N!6,PFOA,PFCA,C8HF15O2,413.97359999999998,-0.2,-,0,0,0,0.99999996109548706,0,3.8904512985866862E-8,1,0,-0.99999996109548706,412.97360003890452,96485,-233.6347801341505,8,15,0.33684210526315789,68.844969824162703,7,2.6821450763738319,4.9000000000000004,7.21,not reported,37,662.54812427254012,3.7,4.9000000000000004,181.61601186063751,0.49000000000000005,E. A.,8.0642166666666668,KNN input,57,8,15,not reported,80,4.8,4.8000000000000001E-2,15 PSU ASW,20,-,10,-,2.68,55.833333333333336,1.7468935566532016,0.42813479402878885,Reported Kd originated from a single spiked concentration,,,,,,,,,
373,Oliver,2020,Science of the Total Environment, 10.1016/j.scitotenv.2020.1372630048-9697,soil,S6,PFOA,PFCA,C8HF15O2,413.97359999999998,-0.2,-,0,0,0,0.999999939744045,0,6.0255954976655325E-8,1,0,-0.999999939744045,412.97360006025593,96485,-233.63477513363156,8,15,0.33684210526315789,68.844969824162703,7,2.6821450763738319,4.9000000000000004,7.02,not reported,22,393.94753335124005,2.2000000000000002,5.9,218.68050407709413,0.59000000000000008,E. A.,14.11508666666667,KNN input,45,24,20,not reported,89,2.9,2.8999999999999998E-2,15 PSU ASW,20,-,10,-,5.52,190.34482758620689,2.2795410798302429,0.74193907772919887,Reported Kd originated from a single spiked concentration,,,,,,,,,
374,Oliver,2020,Science of the Total Environment, 10.1016/j.scitotenv.2020.1372630048-9697,soil,S7,PFOA,PFCA,C8HF15O2,413.97359999999998,-0.2,-,0,0,0,0.99999997308465272,0,2.6915347314833158E-8,1,0,-0.99999997308465272,412.97360002691534,96485,-233.63478294201943,8,15,0.33684210526315789,68.844969824162703,7,2.6821450763738319,4.9000000000000004,7.37,not reported,6.9,123.55627182379801,0.69000000000000006,3.1,114.89992587101557,0.31,E. A.,15.382516666666669,KNN input,73,4,9,not reported,86,5.7,5.7000000000000002E-2,15 PSU ASW,20,-,10,-,6.12,107.36842105263158,2.0308765664730699,0.78675142214556115,Reported Kd originated from a single spiked concentration,,,,,,,,,
375,Oliver,2020,Science of the Total Environment, 10.1016/j.scitotenv.2020.1372630048-9697,soil,S9,PFOA,PFCA,C8HF15O2,413.97359999999998,-0.2,-,0,0,0,0.99999998262199197,0,1.7378007985498579E-8,1,0,-0.99999998262199197,412.97360001737798,96485,-233.63478517566932,8,15,0.33684210526315789,68.844969824162703,7,2.6821450763738319,4.9000000000000004,7.56,not reported,1.5,26.860059092130005,0.15,0.6,22.23869532987398,0.06,E. A.,11.48601666666667,KNN input,98,0.1,0.6,not reported,98.699999999999989,0.1,1E-3,15 PSU ASW,20,-,10,-,0.93,930,2.9684829485539352,-3.1517051446064863E-2,Reported Kd originated from a single spiked concentration,,,,,,,,,
376,Oliver,2020,Science of the Total Environment, 10.1016/j.scitotenv.2020.1372630048-9697,soil,S11,PFOA,PFCA,C8HF15O2,413.97359999999998,-0.2,-,0,0,0,0.99999998797735579,0,1.2022644201630123E-8,1,0,-0.99999998797735579,412.97360001202264,96485,-233.63478642989833,8,15,0.33684210526315789,68.844969824162703,7,2.6821450763738319,4.9000000000000004,7.72,not reported,12,214.88047273704004,1.2,5.8,214.97405485544849,0.57999999999999996,E. A.,8.416266666666667,KNN input,32,31,38,not reported,101,11,0.11,15 PSU ASW,20,-,10,-,14.66,133.27272727272728,2.1247412851468841,1.1661339703051092,Reported Kd originated from a single spiked concentration,,,,,,,,,
377,Oliver,2020,Science of the Total Environment, 10.1016/j.scitotenv.2020.1372630048-9697,soil,S13,PFOA,PFCA,C8HF15O2,413.97359999999998,-0.2,-,0,0,0,0.99999992056718279,0,7.9432817162854954E-8,1,0,-0.99999992056718279,412.97360007943274,96485,-233.63477064240035,8,15,0.33684210526315789,68.844969824162703,7,2.6821450763738319,4.9000000000000004,6.9,not reported,42,752.08165457964014,4.2,1,37.064492216456635,0.1,E. A.,5.6875666666666662,KNN input,19,36,32,not reported,87,5.9,5.9000000000000004E-2,15 PSU ASW,20,-,10,-,4.3899999999999997,74.406779661016941,1.8716125085999771,0.64246452024212131,Reported Kd originated from a single spiked concentration,,,,,,,,,
378,Oliver,2020,Science of the Total Environment, 10.1016/j.scitotenv.2020.1372630048-9697,soil,Syd1,PFOA,PFCA,C8HF15O2,413.97359999999998,-0.2,-,0,0,0,0.99999989528715616,0,1.0471284384030905E-7,1,0,-0.99999989528715616,412.97360010471277,96485,-233.63476472180477,8,15,0.33684210526315789,68.844969824162703,7,2.6821450763738319,4.9000000000000004,6.78,not reported,15,268.60059092130001,1.5,4.9000000000000004,181.61601186063751,0.49000000000000005,E. A.,6.7671166666666656,KNN input,79,4,9,not reported,92,3.2,3.2000000000000001E-2,15 PSU ASW,20,-,10,-,3.34,104.375,2.0185964884916583,0.52374646681156445,Reported Kd originated from a single spiked concentration,,,,,,,,,
379,Oliver,2020,Science of the Total Environment, 10.1016/j.scitotenv.2020.1372630048-9697,soil,Syd2,PFOA,PFCA,C8HF15O2,413.97359999999998,-0.2,-,0,0,0,0.99999996532631619,0,3.467368384298878E-8,1,0,-0.99999996532631619,412.97360003467367,96485,-233.63478112501292,8,15,0.33684210526315789,68.844969824162703,7,2.6821450763738319,4.9000000000000004,7.26,not reported,26,465.57435759692004,2.6,9.1999999999999993,340.99332839140101,0.91999999999999993,E. A.,12.88201666666667,KNN input,37,14,34,not reported,85,10,0.1,15 PSU ASW,20,-,10,-,12.24,122.39999999999999,2.0877814178095422,1.0877814178095424,Reported Kd originated from a single spiked concentration,,,,,,,,,
380,Oliver,2020,Science of the Total Environment, 10.1016/j.scitotenv.2020.1372630048-9697,soil,Syd4,PFOA,PFCA,C8HF15O2,413.97359999999998,-0.2,-,0,0,0,0.99999995831306343,0,4.1686936609232756E-8,1,0,-0.99999995831306343,412.97360004168695,96485,-233.63477948250545,8,15,0.33684210526315789,68.844969824162703,7,2.6821450763738319,4.9000000000000004,7.18,not reported,25,447.66765153550006,2.5,8.1999999999999993,303.92883617494442,0.82,E. A.,12.04371666666666,KNN input,44,14,24,not reported,82,10.1,0.10099999999999999,15 PSU ASW,20,-,10,-,11.22,111.0891089108911,2.0456714831375002,1.0499928569201427,Reported Kd originated from a single spiked concentration,,,,,,,,,
381,Oliver,2020,Science of the Total Environment, 10.1016/j.scitotenv.2020.1372630048-9697,soil,Syd5,PFOA,PFCA,C8HF15O2,413.97359999999998,-0.2,-,0,0,0,0.99999994871386422,0,5.1286135768868562E-8,1,0,-0.99999994871386422,412.9736000512861,96485,-233.63477723436796,8,15,0.33684210526315789,68.844969824162703,7,2.6821450763738319,4.9000000000000004,7.09,not reported,28,501.38776971976006,2.8,10,370.64492216456637,1,E. A.,15.281916666666669,KNN input,15,26,42,not reported,83,5.6,5.5999999999999994E-2,15 PSU ASW,20,-,10,-,9.7100000000000009,173.39285714285717,2.2390312029018045,0.98721922990800492,Reported Kd originated from a single spiked concentration,,,,,,,,,
382,Fabregat-Palau,2021,Science of the Total Environment, 10.1016/j.scitotenv.2021.149343,soil,ALM,PFOA,PFCA,C8HF15O2,413.97359999999998,-0.2,-,0,0,0,0.99999800474166611,0,1.9952583339051124E-6,1,0,-0.99999800474166611,412.97360199525832,96485,-233.63432195505678,8,15,0.33684210526315789,68.844969824162703,7,2.6821450763738319,4.9000000000000004,5.5,1:25 deionized water,1.0129999999999999,18.13949324021846,0.10129999999999999,0.40400000000000003,14.974054855448481,4.0400000000000005E-2,Asc / OA,23.4,BaCl2-TEA (pH 8.2),54.4,35,10.6,Pipette,100,1.6,1.6E-2,"0,01 M CaCl2 + 0,1 % NaN3",100,-,50,-,5.88,367.5,2.5652573434202135,0.76937732607613851,Reported Kd originated from a single spiked concentration,,,,,,,,,
383,Fabregat-Palau,2021,Science of the Total Environment, 10.1016/j.scitotenv.2021.149343,soil,DELTA2,PFOA,PFCA,C8HF15O2,413.97359999999998,-0.2,-,0,0,0,0.99999999369042658,0,6.3095734049912165E-9,1,0,-0.99999999369042658,412.97360000630954,96485,-233.63478776790257,8,15,0.33684210526315789,68.844969824162703,7,2.6821450763738319,4.9000000000000004,8,1:25 deionized water,2.9660000000000002,53.111290178171728,0.29660000000000003,0.23,8.5248332097850259,2.3E-2,Asc / OA,87.3,BaCl2-TEA (pH 8.2),12.2,54.3,33.5,Pipette,100,7.7,7.6999999999999999E-2,"0,01 M CaCl2 + 0,1 % NaN3",100,-,50,-,10.18,132.20779220779221,2.1212570528282582,1.00774777800074,Reported Kd originated from a single spiked concentration,,,,,,,,,
384,Fabregat-Palau,2021,Science of the Total Environment, 10.1016/j.scitotenv.2021.149343,soil,OVI01,PFOA,PFCA,C8HF15O2,413.97359999999998,-0.2,-,0,0,0,0.99999601894414336,0,3.981055856666137E-6,1,0,-0.99999601894414336,412.97360398105587,96485,-233.63385688023698,8,15,0.33684210526315789,68.844969824162703,7,2.6821450763738319,4.9000000000000004,5.2,1:25 deionized water,4.5149999999999997,80.848777867311313,0.45149999999999996,0.377,13.973313565604151,3.7699999999999997E-2,Asc / OA,44.3,BaCl2-TEA (pH 8.2),41.3,39.799999999999997,18.899999999999999,Pipette,100,9.4,9.4E-2,"0,01 M CaCl2 + 0,1 % NaN3",100,-,50,-,12.96,137.87234042553192,2.1394771479348758,1.1126050015345745,Reported Kd originated from a single spiked concentration,,,,,,,,,
385,Fabregat-Palau,2021,Science of the Total Environment, 10.1016/j.scitotenv.2021.149343,soil,DUBLIN,PFOA,PFCA,C8HF15O2,413.97359999999998,-0.2,-,0,0,0,0.99999900000099995,0,9.9999900000100006E-7,1,0,-0.99999900000099995,412.97360099999895,96485,-233.63455504531566,8,15,0.33684210526315789,68.844969824162703,7,2.6821450763738319,4.9000000000000004,5.8,1:25 deionized water,6.5019999999999998,116.42940281135286,0.6502,1.732,64.195700518902896,0.17319999999999999,Asc / OA,90,BaCl2-TEA (pH 8.2),46,51,3,Pipette,100,27,0.27,"0,01 M CaCl2 + 0,1 % NaN3",100,-,150,-,40.630000000000003,150.4814814814815,2.1774830581674243,1.6088468223264116,Reported Kd originated from a single spiked concentration,,,,,,,,,
386,Fabregat-Palau,2021,Science of the Total Environment, 10.1016/j.scitotenv.2021.149343,soil,UIAR,PFOA,PFCA,C8HF15O2,413.97359999999998,-0.2,-,0,0,0,0.99999874107617315,0,1.2589238269029671E-6,1,0,-0.99999874107617315,412.97360125892379,96485,-233.63449440498505,8,15,0.33684210526315789,68.844969824162703,7,2.6821450763738319,4.9000000000000004,5.7,1:25 deionized water,12.358000000000001,221.29107350702839,1.2358,1.0269999999999999,38.065233506300963,0.10269999999999999,Asc / OA,103,BaCl2-TEA (pH 8.2),35,63,2,Pipette,100,32,0.32,"0,01 M CaCl2 + 0,1 % NaN3",100,-,150,-,26.1,81.5625,1.911490529018375,1.4166405073382811,Reported Kd originated from a single spiked concentration,,,,,,,,,
387,Fabregat-Palau,2021,Science of the Total Environment, 10.1016/j.scitotenv.2021.149343,soil,BRA,PFOA,PFCA,C8HF15O2,413.97359999999998,-0.2,-,0,0,0,0.99999874107617315,0,1.2589238269029671E-6,1,0,-0.99999874107617315,412.97360125892379,96485,-233.63449440498505,8,15,0.33684210526315789,68.844969824162703,7,2.6821450763738319,4.9000000000000004,5.7,1:25 deionized water,10.64,190.52735249350883,1.0640000000000001,0.16700000000000001,6.1897702001482582,1.67E-2,Asc / OA,140,BaCl2-TEA (pH 8.2),20.7,78,1.3,Pipette,100,39,0.39,"0,01 M CaCl2 + 0,1 % NaN3",100,-,150,-,26.77,68.641025641025635,1.8365837641604335,1.4276483711869326,Reported Kd originated from a single spiked concentration,,,,,,,,,
388,Fabregat-Palau,2021,Science of the Total Environment, 10.1016/j.scitotenv.2021.149343,soil,KOM,PFOA,PFCA,C8HF15O2,413.97359999999998,-0.2,-,0,0,0,0.99999874107617315,0,1.2589238269029671E-6,1,0,-0.99999874107617315,412.97360125892379,96485,-233.63449440498505,8,15,0.33684210526315789,68.844969824162703,7,2.6821450763738319,4.9000000000000004,5.7,1:25 deionized water,19.667999999999999,352.18909481600861,1.9667999999999999,0.48099999999999998,17.828020756115642,4.8099999999999997E-2,Asc / OA,114,BaCl2-TEA (pH 8.2),20,78.900000000000006,1.1000000000000001,Pipette,100,41,0.41,"0,01 M CaCl2 + 0,1 % NaN3",100,-,150,-,36.590000000000003,89.24390243902441,1.9505785527668722,1.5633624094866074,Reported Kd originated from a single spiked concentration,,,,,,,,,
389,Milinovic,2015,Science of the Total Environment, 10.1016/j.scitotenv.2014.12.017,soil,ASCO,PFOA,PFCA,C8HF15O2,413.97359999999998,-0.2,-,0,0,0,0.99999999748811352,0,2.5118864252000079E-9,1,0,-0.99999999748811352,412.97360000251183,96485,-233.63478865732284,8,15,0.33684210526315789,68.844969824162703,7,2.6821450763738319,4.9000000000000004,8.4,1:25 deionized water,0.40699999999999997,7.2880293669979412,4.07E-2,0.504,18.680504077094145,5.04E-2,Asc / OA,42.8,BaCl2-TEA (pH 8.2),18.5,64.599999999999994,16.899999999999999,Pipette,100,0.2,2E-3,"0,01 M CaCl2 + 0,1 % NaN3",100,-,1,300,2.2000000000000002,1100,3.0413926851582249,0.34242268082220628,Reported Kd originated from a linear isotherm,,,,,,,,,
390,Milinovic,2015,Science of the Total Environment, 10.1016/j.scitotenv.2014.12.017,soil,ALM,PFOA,PFCA,C8HF15O2,413.97359999999998,-0.2,-,0,0,0,0.99999800474166611,0,1.9952583339051124E-6,1,0,-0.99999800474166611,412.97360199525832,96485,-233.63432195505678,8,15,0.33684210526315789,68.844969824162703,7,2.6821450763738319,4.9000000000000004,5.5,1:25 deionized water,1.0129999999999999,18.13949324021846,0.10129999999999999,0.40400000000000003,14.974054855448481,4.0400000000000005E-2,Asc / OA,23.4,BaCl2-TEA (pH 8.2),54.4,35,10.6,Pipette,100,1.6,1.6E-2,"0,01 M CaCl2 + 0,1 % NaN3",100,-,1,300,2.6,162.5,2.2108533653148932,0.41497334797081797,Reported Kd originated from a linear isotherm,,,,,,,,,
391,Milinovic,2015,Science of the Total Environment, 10.1016/j.scitotenv.2014.12.017,soil,GOLOSO,PFOA,PFCA,C8HF15O2,413.97359999999998,-0.2,-,0,0,0,0.9999992056723962,0,7.9432760376743655E-7,1,0,-0.9999992056723962,412.97360079432758,96485,-233.63460321366483,8,15,0.33684210526315789,68.844969824162703,7,2.6821450763738319,4.9000000000000004,5.9,1:25 deionized water,0.13800000000000001,2.4711254364759605,1.3800000000000002E-2,0.32500000000000001,12.045959970348406,3.2500000000000001E-2,Asc / OA,72.400000000000006,BaCl2-TEA (pH 8.2),73.400000000000006,16.8,9.8000000000000007,Pipette,100,3.9,3.9E-2,"0,01 M CaCl2 + 0,1 % NaN3",100,-,1,300,2.7,69.230769230769241,1.8402991571324883,0.43136376415898736,Reported Kd originated from a linear isotherm,,,,,,,,,
392,Milinovic,2015,Science of the Total Environment, 10.1016/j.scitotenv.2014.12.017,soil,DELTA2,PFOA,PFCA,C8HF15O2,413.97359999999998,-0.2,-,0,0,0,0.99999999369042658,0,6.3095734049912165E-9,1,0,-0.99999999369042658,412.97360000630954,96485,-233.63478776790257,8,15,0.33684210526315789,68.844969824162703,7,2.6821450763738319,4.9000000000000004,8,1:25 deionized water,2.9660000000000002,53.111290178171728,0.29660000000000003,0.23,8.5248332097850259,2.3E-2,Asc / OA,89.3,BaCl2-TEA (pH 8.2),12.2,54.3,33.5,Pipette,100,7.7,7.6999999999999999E-2,"0,01 M CaCl2 + 0,1 % NaN3",100,-,1,300,3.9,50.649350649350652,1.7045738818540173,0.59106460702649921,Reported Kd originated from a linear isotherm,,,,,,,,,
393,Milinovic,2015,Science of the Total Environment, 10.1016/j.scitotenv.2014.12.017,soil,OVI01,PFOA,PFCA,C8HF15O2,413.97359999999998,-0.2,-,0,0,0,0.99999601894414336,0,3.981055856666137E-6,1,0,-0.99999601894414336,412.97360398105587,96485,-233.63385688023698,8,15,0.33684210526315789,68.844969824162703,7,2.6821450763738319,4.9000000000000004,5.2,1:25 deionized water,4.5149999999999997,80.848777867311313,0.45149999999999996,0.377,13.973313565604151,3.7699999999999997E-2,Asc / OA,46.3,BaCl2-TEA (pH 8.2),41.3,39.799999999999997,18.899999999999999,Pipette,100,9.4,9.4E-2,"0,01 M CaCl2 + 0,1 % NaN3",100,-,1,300,7.1,75.531914893617014,1.8781304951193767,0.85125834871907524,Reported Kd originated from a linear isotherm,,,,,,,,,
394,Milinovic,2015,Science of the Total Environment, 10.1016/j.scitotenv.2014.12.017,soil,DUBLIN,PFOA,PFCA,C8HF15O2,413.97359999999998,-0.2,-,0,0,0,0.99999874107617315,0,1.2589238269029671E-6,1,0,-0.99999874107617315,412.97360125892379,96485,-233.63449440498505,8,15,0.33684210526315789,68.844969824162703,7,2.6821450763738319,4.9000000000000004,5.7,1:25 deionized water,10.64,190.52735249350883,1.0640000000000001,0.16700000000000001,6.1897702001482582,1.67E-2,Asc / OA,130,BaCl2-TEA (pH 8.2),20.7,78,1.3,Pipette,100,39,0.39,"0,01 M CaCl2 + 0,1 % NaN3",100,-,1,300,38,97.435897435897431,1.988718989590311,1.5797835966168101,Reported Kd originated from a linear isotherm,,,,,,,,,
395,Mejia-Avendaño,2021,Environmental Science and Technology, 10.1021/acs.est.9b04989,soil,ID1,PFOA,PFCA,C8HF15O2,413.97359999999998,-0.2,-,0,0,0,0.99999998221720621,0,1.7782793784161458E-8,1,0,-0.99999998221720621,412.97360001778276,96485,-233.63478508086828,8,15,0.33684210526315789,68.844969824162703,7,2.6821450763738319,4.9000000000000004,7.55,1:10 deionized water,not reported,not reported,not reported,not reported,not reported,not reported,not reported,2.52,BaCl2-TEA (pH 8.2),45.3,30,24.7,Pipette,100,3.4,3.4000000000000002E-2,50 mM CaCl2 + 0.2 g/L NaN3,100,-,2.069868,2069.8679999999999,3.8386000000000005,112.9,2.0526939419249679,0.58417285896722304,Calculated in this study from reported Koc at Cw = 10 nM,,,,,,,,,
396,Mejia-Avendaño,2021,Environmental Science and Technology, 10.1021/acs.est.9b04989,soil,ID2,PFOA,PFCA,C8HF15O2,413.97359999999998,-0.2,-,0,0,0,0.99999999610954859,0,3.8904514348071882E-9,1,0,-0.99999999610954859,412.97360000389045,96485,-233.6347883344622,8,15,0.33684210526315789,68.844969824162703,7,2.6821450763738319,4.9000000000000004,8.2100000000000009,1:10 deionized water,not reported,not reported,not reported,not reported,not reported,not reported,not reported,11.4,BaCl2-TEA (pH 8.2),28.7,40,31.3,Pipette,100,1.7,1.7000000000000001E-2,50 mM CaCl2 + 0.2 g/L NaN3,100,-,2.069868,2069.8679999999999,2.9104000000000001,171.2,2.2335037603411343,0.46395268171940834,Calculated in this study from reported Koc at Cw = 10 nM,,,,,,,,,
397,Mejia-Avendaño,2021,Environmental Science and Technology, 10.1021/acs.est.9b04989,soil,ID3,PFOA,PFCA,C8HF15O2,413.97359999999998,-0.2,-,0,0,0,0.99999983017566363,0,1.698243364058638E-7,1,0,-0.99999983017566363,412.97360016982435,96485,-233.63474947265885,8,15,0.33684210526315789,68.844969824162703,7,2.6821450763738319,4.9000000000000004,6.57,1:10 deionized water,not reported,not reported,not reported,not reported,not reported,not reported,not reported,9.93,BaCl2-TEA (pH 8.2),20,50,30,Pipette,100,2.9,2.8999999999999998E-2,50 mM CaCl2 + 0.2 g/L NaN3,100,-,2.069868,2069.8679999999999,8.3751999999999995,288.8,2.4605971888976015,0.92299518679655757,Calculated in this study from reported Koc at Cw = 10 nM,,,,,,,,,
398,Mejia-Avendaño,2021,Environmental Science and Technology, 10.1021/acs.est.9b04989,soil,ID4,PFOA,PFCA,C8HF15O2,413.97359999999998,-0.2,-,0,0,0,0.99998004777494953,0,1.9952225050461341E-5,1,0,-0.99998004777494953,412.97361995222502,96485,-233.63011642421051,8,15,0.33684210526315789,68.844969824162703,7,2.6821450763738319,4.9000000000000004,4.5,1:10 deionized water,not reported,not reported,not reported,not reported,not reported,not reported,not reported,11.497016666666671,KNN input,51.2,36.200000000000003,12.6,Pipette,100,7.3,7.2999999999999995E-2,50 mM CaCl2 + 0.2 g/L NaN3,100,-,2.069868,2069.8679999999999,20.213699999999996,276.89999999999998,2.4423229557455746,1.3056458158660302,Calculated in this study from reported Koc at Cw = 10 nM,,,,,,,,,
399,Mejia-Avendaño,2021,Environmental Science and Technology, 10.1021/acs.est.9b04989,soil,ID5,PFOA,PFCA,C8HF15O2,413.97359999999998,-0.2,-,0,0,0,0.999995533184031,0,4.4668159689755961E-6,1,0,-0.999995533184031,412.97360446681597,96485,-233.63374311496497,8,15,0.33684210526315789,68.844969824162703,7,2.6821450763738319,4.9000000000000004,5.15,1:10 deionized water,not reported,not reported,not reported,not reported,not reported,not reported,not reported,0.57999999999999996,BaCl2-TEA (pH 8.2),59.2,32.200000000000003,8.6,Pipette,100,1.8,1.8000000000000002E-2,50 mM CaCl2 + 0.2 g/L NaN3,100,-,2.069868,2069.8679999999999,0.48600000000000004,27,1.4313637641589874,-0.31336373073770657,Calculated in this study from reported Koc at Cw = 10 nM,,,,,,,,,
400,XIao,2019,Environmental Science and Technology,10.1021/acs.est.9b05379,soil,BS,PFOA,PFCA,C8HF15O2,413.97359999999998,-0.2,-,0,0,0,0.99999999683772234,0,3.162277650168378E-9,1,0,-0.99999999683772234,412.97360000316223,96485,-233.63478850500087,8,15,0.33684210526315789,68.844969824162703,7,2.6821450763738319,4.9000000000000004,8.3000000000000007,Figure S1,not reported,not reported,not reported,not reported,not reported,not reported,not reported,24.8,not reported,30.683900000000001,38.891100000000002,30.567799999999998,KNN input,100.14279999999999,0.1,1E-3,"2 mM NaHCO3 + 1 mM NaCl + 3,1 mM NaN3",0.2,15,-,-,8.9796337074491426,8979.6337074491421,3.9532586215138426,0.95325862151384266,Calculated in this study at Cw = 10% S,10,(umol/kg)/(umol/L)^N,1.05,7.3986309978893736,48.1,431.92038132830373,8.9796337074491426,,
401,XIao,2019,Environmental Science and Technology,10.1021/acs.est.9b05379,soil,NF,PFOA,PFCA,C8HF15O2,413.97359999999998,-0.2,-,0,0,0,0.99999999601892831,0,3.9810716896860486E-9,1,0,-0.99999999601892831,412.97360000398106,96485,-233.63478831323886,8,15,0.33684210526315789,68.844969824162703,7,2.6821450763738319,4.9000000000000004,8.1999999999999993,Figure S1,not reported,not reported,not reported,not reported,not reported,not reported,not reported,41.3,not reported,33.491900000000001,33.659599999999998,31.685300000000002,KNN input,98.836799999999997,0.1,1E-3,"2 mM NaHCO3 + 1 mM NaCl + 3,1 mM NaN3",0.2,15,-,-,15.511425964038613,15511.425964038614,4.1906517243027688,1.1906517243027688,Calculated in this study at Cw = 10% S,15.848931924611136,(umol/kg)/(umol/L)^N,1.01,14.92211125148676,48.1,746.09958887025732,15.511425964038613,,
402,XIao,2019,Environmental Science and Technology,10.1021/acs.est.9b05379,soil,SW,PFOA,PFCA,C8HF15O2,413.97359999999998,-0.2,-,0,0,0,0.99999999748811352,0,2.5118864252000079E-9,1,0,-0.99999999748811352,412.97360000251183,96485,-233.63478865732284,8,15,0.33684210526315789,68.844969824162703,7,2.6821450763738319,4.9000000000000004,8.4,Figure S1,not reported,not reported,not reported,not reported,not reported,not reported,not reported,22.5,not reported,34.417400000000001,33.425600000000003,31.142800000000001,KNN input,98.985800000000012,0.9,9.0000000000000011E-3,"2 mM NaHCO3 + 1 mM NaCl + 3,1 mM NaN3",0.2,15,-,-,3.9810717055349731,442.34130061499695,2.6457574905606753,0.60000000000000009,Calculated in this study at Cw = 10% S,3.9810717055349727,(umol/kg)/(umol/L)^N,1,3.9810717055349731,48.1,191.48954903623221,3.9810717055349731,,
403,XIao,2019,Environmental Science and Technology,10.1021/acs.est.9b05379,soil,CE,PFOA,PFCA,C8HF15O2,413.97359999999998,-0.2,-,0,0,0,0.99999999601892831,0,3.9810716896860486E-9,1,0,-0.99999999601892831,412.97360000398106,96485,-233.63478831323886,8,15,0.33684210526315789,68.844969824162703,7,2.6821450763738319,4.9000000000000004,8.1999999999999993,Figure S1,not reported,not reported,not reported,not reported,not reported,not reported,not reported,38.200000000000003,not reported,31.346399999999999,39.162100000000002,29.6173,KNN input,100.1258,1.2,1.2E-2,"2 mM NaHCO3 + 1 mM NaCl + 3,1 mM NaN3",0.2,15,-,-,10.828344646452289,902.36205387102405,2.9553808240717547,1.0345620701193796,Calculated in this study at Cw = 10% S,12.58925411794168,(umol/kg)/(umol/L)^N,1.07,8.256802846668835,48.1,520.84337749435508,10.828344646452289,,
404,XIao,2019,Environmental Science and Technology,10.1021/acs.est.9b05379,soil,UND,PFOA,PFCA,C8HF15O2,413.97359999999998,-0.2,-,0,0,0,0.99999999601892831,0,3.9810716896860486E-9,1,0,-0.99999999601892831,412.97360000398106,96485,-233.63478831323886,8,15,0.33684210526315789,68.844969824162703,7,2.6821450763738319,4.9000000000000004,8.1999999999999993,Figure S1,not reported,not reported,not reported,not reported,not reported,not reported,not reported,41,not reported,34.556900000000013,33.706099999999999,30.8308,KNN input,99.093800000000002,5.3,5.2999999999999999E-2,"2 mM NaHCO3 + 1 mM NaCl + 3,1 mM NaN3",0.2,15,-,-,5.2323471624199085,98.723531366413368,1.994420681793674,0.7186965513944632,Calculated in this study at Cw = 10% S,5.0118723362727229,(umol/kg)/(umol/L)^N,0.98,5.6537871303303477,48.1,251.67589851239762,5.2323471624199085,,
405,Huiting Chen,2016,Chemosphere, 10.1016/j.chemosphere.2015.10.055,sediment,fresh sediment,PFOA,PFCA,C8HF15O2,413.97359999999998,-0.2,-,0,0,0,0.99999998415106828,0,1.5848931673422493E-8,1,0,-0.99999998415106828,412.97360001584889,96485,-233.63478553377979,8,15,0.33684210526315789,68.844969824162703,7,2.6821450763738319,4.9000000000000004,7.6,not reported,2.8492E-2,0.51019786910197873,2.8492000000000001E-3,1.2054E-2,0.4467753891771683,1.2054000000000001E-3,not reported,15.90036666666667,KNN input,4,61,35,not reported,100,2.52,2.52E-2,1 mM NaHCO3 + 1 mM NaCl,125,-,0.5,100,2.8183829312644542,111.84059251049422,2.048599459218456,0.45000000000000007,Reported Kd at Cw = 2.5 ppb,,,,,,,,,
406,McLachlan,2019,Chemosphere, 10.1016/j.chemosphere.2019.02.012,soil,Lower Layer,PFOA,PFCA,C8HF15O2,413.97359999999998,-0.2,-,0,0,0,0.9999964518786969,0,3.5481213031263005E-6,1,0,-0.9999964518786969,412.97360354812128,96485,-233.6339582737358,8,15,0.33684210526315789,68.844969824162703,7,2.6821450763738319,4.9000000000000004,5.25,not reported,not reported,not reported,not reported,not reported,not reported,not reported,not reported,5.7023166666666656,KNN input,100,0,0,not reported,100,0.4,4.0000000000000001E-3,deionized water,200,-,1,1000,0.22,55,1.7403626894942439,-0.65757731917779372,Mean Kd value at the certain condition reported in Table S9,,,,,,,,,
407,McLachlan,2019,Chemosphere, 10.1016/j.chemosphere.2019.02.012,soil,Upper layer,PFOA,PFCA,C8HF15O2,413.97359999999998,-0.2,-,0,0,0,0.99999865103893715,0,1.3489610628932487E-6,1,0,-0.99999865103893715,412.97360134896104,96485,-233.63447331821709,8,15,0.33684210526315789,68.844969824162703,7,2.6821450763738319,4.9000000000000004,5.67,not reported,not reported,not reported,not reported,not reported,not reported,not reported,not reported,9.2037666666666649,KNN input,71,24,5,not reported,100,0.93,9.300000000000001E-3,deionized water,200,-,1,1000,0.92,98.924731182795696,1.9953048787916201,-3.6212172654444715E-2,Mean Kd value at the certain condition reported in Table S9,,,,,,,,,
408,Aly,2019,Env Sci WR&T,10.1039/c9ew00426b,soil,-,PFOA,PFCA,C8HF15O2,413.97359999999998,-0.2,-,0,0,0,0.99999993690426958,0,6.3095730466947729E-8,1,0,-0.99999993690426958,412.97360006309572,96485,-233.63477446855464,8,15,0.33684210526315789,68.844969824162703,7,2.6821450763738319,4.9000000000000004,7,not reported,not reported,not reported,not reported,not reported,not reported,not reported,not reported,26.903333333333332,not reported,31.549399999999999,38.265099999999997,30.404799999999991,KNN input,100.21929999999999,1.4433333333333334,1.4433333333333333E-2,"0,01 M NaHCO3",500,-,10,100,1.62,112.24018475750579,2.0501483729089278,0.20951501454263097,Reported Kd originated from a linear isotherm,,,,,,,,,
409,Gredelj,2020,Science of the Total Environment, 10.1016/j.scitotenv.2019.134766,soil,Agripolis soil,PFOA,PFCA,C8HF15O2,413.97359999999998,-0.2,-,0,0,0,0.99999999000000006,0,9.9999999000000002E-9,1,0,-0.99999999000000006,412.97360000999993,96485,-233.63478690360273,8,15,0.33684210526315789,68.844969824162703,7,2.6821450763738319,4.9000000000000004,7.8,not reported,not reported,not reported,not reported,not reported,not reported,not reported,not reported,11.17476666666666,KNN input,47,38,15,not reported,100,1.43,1.43E-2,"0,01 M CaCl2 + 1 g/L NaN3",200,-,10,100,1.1599999999999999,81.118881118881106,1.9091219517618565,6.445798922691845E-2,Reported Kd originated from a linear isotherm,,,,,,,,,
410,Yue Zhi,2018,Chemical Engeneering Journal, 10.1016/j.cej.2018.04.042,soil,Peat,PFOA,PFCA,C8HF15O2,413.97359999999998,-0.2,-,0,0,0,0.99999785612693026,0,2.1438730697719104E-6,1,0,-0.99999785612693026,412.97360214387305,96485,-233.63428714940764,8,15,0.33684210526315789,68.844969824162703,7,2.6821450763738319,4.9000000000000004,5.4687999999999999,KNN input,not reported,not reported,not reported,not reported,not reported,not reported,not reported,21.5806,KNN input,41.737499999999997,35.036999999999999,21.887,KNN input,98.66149999999999,46.9,0.46899999999999997,5 mM CaCl2 + 0.2 g/L NaN3,0.19999999999999998,-,2,3500,70.794578438413865,150.94792844011485,2.1788271572849172,1.8500000000000005,Reported Kd at Cw = 0.5 ppb,,,,,,,,,
411,Lei Xiang,2018,J. Agricultural Food Chemistry,10.1021/acs.jafc.8b03492,soil,paddy soil,PFOA,PFCA,C8HF15O2,413.97359999999998,-0.2,-,0,0,0,0.99999976011676561,0,2.3988323435796854E-7,1,0,-0.99999976011676561,412.97360023988318,96485,-233.63473306482808,8,15,0.33684210526315789,68.844969824162703,7,2.6821450763738319,4.9000000000000004,6.42,not reported,not reported,not reported,not reported,not reported,not reported,not reported,not reported,99,not reported,61.5,28.1,8.6,not reported,98.199999999999989,1.38,1.38E-2,"0,01 M KCl + 0,3 % NaN3",50,-,10,1000,8,579.71014492753625,2.7632109005907073,0.90308998699194354,Reported Kd originated from a linear isotherm,,,,,,,,,
412,Lutz Ahrens,2011,Chemosphere,10.1016/j.chemosphere.2011.06.046,sediment,Sediment 1,PFOA,PFCA,C8HF15O2,413.97359999999998,-0.2,-,0,0,0,0.99999986240585936,0,1.3759414067418832E-7,1,0,-0.99999986240585936,412.97360013759413,96485,-233.63475702098768,8,15,0.33684210526315789,68.844969824162703,7,2.6821450763738319,4.9000000000000004,6.6614000000000004,KNN input,not reported,not reported,not reported,not reported,not reported,not reported,not reported,5.6683166666666667,KNN input,100,0,0,assumed,100,0.03,2.9999999999999997E-4,Millipore Water,20,-,1.4,143,5.73,19100.000000000004,4.2810333672477272,0.75815462196739003,Reported Kd stated in the main text,,,,,,,,,
413,ChengLiang Li,2012,Journal of Environmental Monitoring,10.1039/c2em30394a,sediment,CME,PFOA,PFCA,C8HF15O2,413.97359999999998,-0.2,-,0,0,0,0.99999997488113634,0,2.5118863684138424E-8,1,0,-0.99999997488113634,412.97360002511886,96485,-233.63478336275685,8,15,0.33684210526315789,68.844969824162703,7,2.6821450763738319,4.9000000000000004,7.4,not reported,3.3,59.092130002686005,0.32999999999999996,not reported,not reported,not reported,DCB,11.74244166666667,KNN input,5.7,84.1,10.1,not reported,99.899999999999991,0.28000000000000003,2.8000000000000004E-3,10 mM NaCl,20,200,-,-,0.12,42.857142857142847,1.6320232147054055,-0.92081875395237522,Reported Kd originated from a linear isotherm,,,,,,,,,
414,ChengLiang Li,2012,Journal of Environmental Monitoring,10.1039/c2em30394a,sediment,CQ,PFOA,PFCA,C8HF15O2,413.97359999999998,-0.2,-,0,0,0,0.99999997488113634,0,2.5118863684138424E-8,1,0,-0.99999997488113634,412.97360002511886,96485,-233.63478336275685,8,15,0.33684210526315789,68.844969824162703,7,2.6821450763738319,4.9000000000000004,7.4,not reported,10.8,193.39242546333602,1.08,not reported,not reported,not reported,DCB,12.994766666666671,KNN input,14.9,58.5,26.6,not reported,100,0.65,6.5000000000000006E-3,10 mM NaCl,20,200,-,-,0.17,26.153846153846153,1.4175355647354184,-0.769551078621726,Reported Kd originated from a linear isotherm,,,,,,,,,
415,ChengLiang Li,2012,Journal of Environmental Monitoring,10.1039/c2em30394a,sediment,NJ,PFOA,PFCA,C8HF15O2,413.97359999999998,-0.2,-,0,0,0,0.99999997488113634,0,2.5118863684138424E-8,1,0,-0.99999997488113634,412.97360002511886,96485,-233.63478336275685,8,15,0.33684210526315789,68.844969824162703,7,2.6821450763738319,4.9000000000000004,7.4,not reported,16.100000000000001,288.29796758886209,1.61,not reported,not reported,not reported,DCB,11.134266666666671,KNN input,17.600000000000001,78.3,4.2,not reported,100.10000000000001,0.7,6.9999999999999993E-3,10 mM NaCl,20,200,-,-,0.13,18.571428571428573,1.26884531229258,-0.88605664769316317,Reported Kd originated from a linear isotherm,,,,,,,,,
416,ChengLiang Li,2012,Journal of Environmental Monitoring,10.1039/c2em30394a,sediment,CMW,PFOA,PFCA,C8HF15O2,413.97359999999998,-0.2,-,0,0,0,0.99999996837722438,0,3.1622775601683729E-8,1,0,-0.99999996837722438,412.97360003162271,96485,-233.63478183953725,8,15,0.33684210526315789,68.844969824162703,7,2.6821450763738319,4.9000000000000004,7.3,not reported,8.6,153.99767212821203,0.86,not reported,not reported,not reported,DCB,11.550541666666669,KNN input,13.6,79.2,7.2,not reported,100,0.75,7.4999999999999997E-3,10 mM NaCl,20,200,-,-,0.15,20,1.3010299956639813,-0.82390874094431876,Reported Kd originated from a linear isotherm,,,,,,,,,
417,ChengLiang Li,2012,Journal of Environmental Monitoring,10.1039/c2em30394a,sediment,ZG,PFOA,PFCA,C8HF15O2,413.97359999999998,-0.2,-,0,0,0,0.99999996837722438,0,3.1622775601683729E-8,1,0,-0.99999996837722438,412.97360003162271,96485,-233.63478183953725,8,15,0.33684210526315789,68.844969824162703,7,2.6821450763738319,4.9000000000000004,7.3,not reported,4.5999999999999996,82.370847882532004,0.45999999999999996,not reported,not reported,not reported,DCB,12.462391666666671,KNN input,10,71.7,18.399999999999999,not reported,100.1,0.94,9.3999999999999986E-3,10 mM NaCl,20,200,-,-,0.24,25.531914893617024,1.4070833881119074,-0.61978875828839397,Reported Kd originated from a linear isotherm,,,,,,,,,
418,ChengLiang Li,2012,Journal of Environmental Monitoring,10.1039/c2em30394a,sediment,WH,PFOA,PFCA,C8HF15O2,413.97359999999998,-0.2,-,0,0,0,0.99999996837722438,0,3.1622775601683729E-8,1,0,-0.99999996837722438,412.97360003162271,96485,-233.63478183953725,8,15,0.33684210526315789,68.844969824162703,7,2.6821450763738319,4.9000000000000004,7.3,not reported,11.4,204.13644910018803,1.1400000000000001,not reported,not reported,not reported,DCB,12.535391666666669,KNN input,4.0999999999999996,84.1,17.899999999999999,not reported,106.1,0.96,9.5999999999999992E-3,10 mM NaCl,20,200,-,-,0.19,19.791666666666668,1.2964823679132607,-0.72124639904717103,Reported Kd originated from a linear isotherm,,,,,,,,,
419,Oliver,2020,Environmental Pollution, 10.1016/j.envpol.2019.113726,soil,1,PFOA,PFCA,C8HF15O2,413.97359999999998,-0.2,-,0,0,0,0.99999984151070587,0,1.5848929412725089E-7,1,0,-0.99999984151070587,412.97360015848926,96485,-233.63475212733178,8,15,0.33684210526315789,68.844969824162703,7,2.6821450763738319,4.9000000000000004,6.6,1:5 Water,4.17,74.67096427612141,0.41699999999999998,2.58,95.626389918458116,0.25800000000000001,OA,10,not reported,43,12,45,not reported,100,1.8,1.8000000000000002E-2,"0,5 mM CaCl2",200,-,5 or 7.5,-,0.33,18.333333333333332,1.2632414347745813,-0.48148606012211248,Reported Kd originated from a single spiked concentration,,,,,,,,,
420,Oliver,2020,Environmental Pollution, 10.1016/j.envpol.2019.113726,soil,2,PFOA,PFCA,C8HF15O2,413.97359999999998,-0.2,-,0,0,0,0.99999984151070587,0,1.5848929412725089E-7,1,0,-0.99999984151070587,412.97360015848926,96485,-233.63475212733178,8,15,0.33684210526315789,68.844969824162703,7,2.6821450763738319,4.9000000000000004,6.6,1:5 Water,6.06,108.51463873220521,0.60599999999999998,3.75,138.99184581171238,0.375,OA,9.5399999999999991,not reported,36,23,41,not reported,100,2.1,2.1000000000000001E-2,"0,5 mM CaCl2",20,-,5 or 7.5,-,0.20699999999999999,9.8571428571428559,0.99375105072299841,-0.68402965454308229,Reported Kd originated from a single spiked concentration,,,,,,,,,
421,Oliver,2020,Environmental Pollution, 10.1016/j.envpol.2019.113726,soil,3,PFOA,PFCA,C8HF15O2,413.97359999999998,-0.2,-,0,0,0,0.99999968377233395,0,3.1622766601686895E-7,1,0,-0.99999968377233395,412.97360031622759,96485,-233.63471518492202,8,15,0.33684210526315789,68.844969824162703,7,2.6821450763738319,4.9000000000000004,6.3,1:5 Water,0.46600000000000003,8.3445250246217206,4.6600000000000003E-2,0.185,6.8569310600444773,1.8499999999999999E-2,OA,2.83,not reported,91,2,7,not reported,100,0.6,6.0000000000000001E-3,"0,5 mM CaCl2",20,-,5 or 7.5,-,4.88,813.33333333333326,2.910268571619067,0.68841982200271057,Reported Kd originated from a single spiked concentration,,,,,,,,,
422,Oliver,2020,Environmental Pollution, 10.1016/j.envpol.2019.113726,soil,4,PFOA,PFCA,C8HF15O2,413.97359999999998,-0.2,-,0,0,0,0.99999996837722438,0,3.1622775601683729E-8,1,0,-0.99999996837722438,412.97360003162271,96485,-233.63478183953725,8,15,0.33684210526315789,68.844969824162703,7,2.6821450763738319,4.9000000000000004,7.3,1:5 Water,7.87,140.92577670337542,0.78700000000000003,2.4,88.954781319495922,0.24,OA,27.69,not reported,27,21,52,not reported,100,1.8,1.8000000000000002E-2,"0,5 mM CaCl2",20,-,5 or 7.5,-,3.22,178.88888888888889,2.2525833665925248,0.50785587169583091,Reported Kd originated from a single spiked concentration,,,,,,,,,
423,Oliver,2020,Environmental Pollution, 10.1016/j.envpol.2019.113726,soil,5,PFOA,PFCA,C8HF15O2,413.97359999999998,-0.2,-,0,0,0,0.99999968377233395,0,3.1622766601686895E-7,1,0,-0.99999968377233395,412.97360031622759,96485,-233.63471518492202,8,15,0.33684210526315789,68.844969824162703,7,2.6821450763738319,4.9000000000000004,6.3,1:5 Water,4.12,73.775628973050402,0.41200000000000003,2.57,95.255744996293544,0.25700000000000001,OA,7.18,not reported,40,12,48,not reported,100,1.5,1.4999999999999999E-2,"0,5 mM CaCl2",20,-,5 or 7.5,-,4.8099999999999996,320.66666666666663,2.5060538173181506,0.6821450763738317,Reported Kd originated from a single spiked concentration,,,,,,,,,
424,Oliver,2020,Environmental Pollution, 10.1016/j.envpol.2019.113726,soil,6,PFOA,PFCA,C8HF15O2,413.97359999999998,-0.2,-,0,0,0,0.99999498815278243,0,5.0118472175342954E-6,1,0,-0.99999498815278243,412.97360501184716,96485,-233.63361546836225,8,15,0.33684210526315789,68.844969824162703,7,2.6821450763738319,4.9000000000000004,5.0999999999999996,1:5 Water,2.35,42.080759244337003,0.23500000000000001,0.92900000000000005,34.43291326908821,9.290000000000001E-2,OA,3.64,not reported,48,22,30,not reported,100,0.9,9.0000000000000011E-3,"0,5 mM CaCl2",20,-,5 or 7.5,-,0.42,46.666666666666657,1.6690067809585756,-0.37675070960209955,Reported Kd originated from a single spiked concentration,,,,,,,,,
425,Oliver,2020,Environmental Pollution, 10.1016/j.envpol.2019.113726,soil,8,PFOA,PFCA,C8HF15O2,413.97359999999998,-0.2,-,0,0,0,0.99999990000001004,0,9.9999990000001005E-8,1,0,-0.99999990000001004,412.9736001,96485,-233.63476582555762,8,15,0.33684210526315789,68.844969824162703,7,2.6821450763738319,4.9000000000000004,6.8,1:5 Water,4.41,78.968573730862204,0.441,1.85,68.56931060044478,0.185,OA,10.86,not reported,54,21,25,not reported,100,1.1000000000000001,1.1000000000000001E-2,"0,5 mM CaCl2",20,-,5 or 7.5,-,2.74,249.09090909090909,2.396357877662163,0.43775056282038799,Reported Kd originated from a single spiked concentration,,,,,,,,,
426,Oliver,2020,Environmental Pollution, 10.1016/j.envpol.2019.113726,soil,11,PFOA,PFCA,C8HF15O2,413.97359999999998,-0.2,-,0,0,0,0.9999974881198781,0,2.5118801219519806E-6,1,0,-0.9999974881198781,412.97360251188013,96485,-233.63420096196302,8,15,0.33684210526315789,68.844969824162703,7,2.6821450763738319,4.9000000000000004,5.4,1:5 Water,2.72,48.706240487062409,0.27200000000000002,2.65,98.220904373610082,0.26500000000000001,OA,7.61,not reported,34,22,44,not reported,100,1.7,1.7000000000000001E-2,"0,5 mM CaCl2",20,-,5 or 7.5,-,0.22,12.941176470588234,1.1119737594439323,-0.65757731917779372,Reported Kd originated from a single spiked concentration,,,,,,,,,
427,Oliver,2020,Environmental Pollution, 10.1016/j.envpol.2019.113726,soil,12,PFOA,PFCA,C8HF15O2,413.97359999999998,-0.2,-,0,0,0,0.99999987410747471,0,1.2589252533048661E-7,1,0,-0.99999987410747471,412.97360012589252,96485,-233.63475976151219,8,15,0.33684210526315789,68.844969824162703,7,2.6821450763738319,4.9000000000000004,6.7,1:5 Water,3.45,61.778135911899007,0.34500000000000003,2.15,79.688658265381761,0.215,OA,12.76,not reported,54,19,28,not reported,101,1.3,1.3000000000000001E-2,"0,5 mM CaCl2",20,-,5 or 7.5,-,0.1,7.6923076923076916,0.88605664769316317,-1,Reported Kd originated from a single spiked concentration,,,,,,,,,
428,Oliver,2020,Environmental Pollution, 10.1016/j.envpol.2019.113726,soil,13,PFOA,PFCA,C8HF15O2,413.97359999999998,-0.2,-,0,0,0,0.99999960189298798,0,3.9810701206424001E-7,1,0,-0.99999960189298798,412.97360039810701,96485,-233.634696008736,8,15,0.33684210526315789,68.844969824162703,7,2.6821450763738319,4.9000000000000004,6.2,1:5 Water,2.71,48.527173426448208,0.27100000000000002,1.63,60.415122312824316,0.16299999999999998,OA,5.24,not reported,55,13,32,not reported,100,1.6,1.6E-2,"0,5 mM CaCl2",20,-,5 or 7.5,-,0.33,20.625,1.3143939572219627,-0.48148606012211248,Reported Kd originated from a single spiked concentration,,,,,,,,,
429,Oliver,2020,Environmental Pollution, 10.1016/j.envpol.2019.113726,soil,14,PFOA,PFCA,C8HF15O2,413.97359999999998,-0.2,-,0,0,0,0.99999993690426958,0,6.3095730466947729E-8,1,0,-0.99999993690426958,412.97360006309572,96485,-233.63477446855464,8,15,0.33684210526315789,68.844969824162703,7,2.6821450763738319,4.9000000000000004,7,1:5 Water,3.22,57.659593517772407,0.32200000000000001,1.79,66.345441067457372,0.17899999999999999,OA,17.75,not reported,36,8,56,not reported,100,1.2,1.2E-2,"0,5 mM CaCl2",20,-,5 or 7.5,-,2.88,240,2.3802112417116059,0.45939248775923086,Reported Kd originated from a single spiked concentration,,,,,,,,,
430,Oliver,2020,Environmental Pollution, 10.1016/j.envpol.2019.113726,soil,15,PFOA,PFCA,C8HF15O2,413.97359999999998,-0.2,-,0,0,0,0.9999999601892845,0,3.9810715470456442E-8,1,0,-0.9999999601892845,412.97360003981066,96485,-233.63477992191741,8,15,0.33684210526315789,68.844969824162703,7,2.6821450763738319,4.9000000000000004,7.2,1:5 Water,2.4300000000000002,43.513295729250608,0.24300000000000002,2.08,77.094143810229795,0.20800000000000002,OA,10.81,not reported,67,4,29,not reported,100,1.5,1.4999999999999999E-2,"0,5 mM CaCl2",20,-,5 or 7.5,-,3.65,243.33333333333334,2.3862016054007933,0.56229286445647475,Reported Kd originated from a single spiked concentration,,,,,,,,,
431,Oliver,2020,Environmental Pollution, 10.1016/j.envpol.2019.113726,soil,16,PFOA,PFCA,C8HF15O2,413.97359999999998,-0.2,-,0,0,0,0.99999994988127916,0,5.011872085084086E-8,1,0,-0.99999994988127916,412.9736000501187,96485,-233.6347775077771,8,15,0.33684210526315789,68.844969824162703,7,2.6821450763738319,4.9000000000000004,7.1,1:5 Water,1.82,32.590205031784407,0.182,1.61,59.673832468495178,0.161,OA,14.74,not reported,60,9,31,not reported,100,1,0.01,"0,5 mM CaCl2",20,-,5 or 7.5,-,1.6,160,2.2041199826559246,0.20411998265592479,Reported Kd originated from a single spiked concentration,,,,,,,,,
432,Oliver,2020,Environmental Pollution, 10.1016/j.envpol.2019.113726,soil,17,PFOA,PFCA,C8HF15O2,413.97359999999998,-0.2,-,0,0,0,0.99999369046636566,0,6.3095336343360528E-6,1,0,-0.99999369046636566,412.97360630953358,96485,-233.63331154952778,8,15,0.33684210526315789,68.844969824162703,7,2.6821450763738319,4.9000000000000004,5,1:5 Water,3.66,65.538544184797203,0.36599999999999999,2.37,87.842846553002218,0.23700000000000002,OA,5.42,not reported,38,16,46,not reported,100,1.6,1.6E-2,"0,5 mM CaCl2",20,-,5 or 7.5,-,0.5,31.25,1.494850021680094,-0.3010299956639812,Reported Kd originated from a single spiked concentration,,,,,,,,,
433,Oliver,2020,Environmental Pollution, 10.1016/j.envpol.2019.113726,soil,18,PFOA,PFCA,C8HF15O2,413.97359999999998,-0.2,-,0,0,0,0.99999369046636566,0,6.3095336343360528E-6,1,0,-0.99999369046636566,412.97360630953358,96485,-233.63331154952778,8,15,0.33684210526315789,68.844969824162703,7,2.6821450763738319,4.9000000000000004,5,1:5 Water,4.32,77.356970185334404,0.43200000000000005,19.399999999999999,719.05114899925866,1.94,OA,17.3,not reported,49,38,13,not reported,100,4.8,4.8000000000000001E-2,"0,5 mM CaCl2",20,-,5 or 7.5,-,3.94,82.083333333333329,1.914254984449987,0.59549622182557416,Reported Kd originated from a single spiked concentration,,,,,,,,,
434,Oliver,2020,Environmental Pollution, 10.1016/j.envpol.2019.113726,soil,19,PFOA,PFCA,C8HF15O2,413.97359999999998,-0.2,-,0,0,0,0.99999900000099995,0,9.9999900000100006E-7,1,0,-0.99999900000099995,412.97360099999895,96485,-233.63455504531566,8,15,0.33684210526315789,68.844969824162703,7,2.6821450763738319,4.9000000000000004,5.8,1:5 Water,1.58,28.292595577043603,0.158,0.65500000000000003,24.277242401779095,6.5500000000000003E-2,OA,4.34,not reported,74,5,21,not reported,100,0.8,8.0000000000000002E-3,"0,5 mM CaCl2",20,-,5 or 7.5,-,0.61,76.25,1.8822398480188234,-0.21467016498923297,Reported Kd originated from a single spiked concentration,,,,,,,,,
435,Oliver,2020,Environmental Pollution, 10.1016/j.envpol.2019.113726,soil,20,PFOA,PFCA,C8HF15O2,413.97359999999998,-0.2,-,0,0,0,0.99999800474166611,0,1.9952583339051124E-6,1,0,-0.99999800474166611,412.97360199525832,96485,-233.63432195505678,8,15,0.33684210526315789,68.844969824162703,7,2.6821450763738319,4.9000000000000004,5.5,1:5 Water,2.91,52.10851463873221,0.29100000000000004,2.72,100.81541882876205,0.27200000000000002,OA,16.3,not reported,21,21,58,not reported,100,1,0.01,"0,5 mM CaCl2",20,-,5 or 7.5,-,3.71,371,2.5693739096150461,0.56937390961504586,Reported Kd originated from a single spiked concentration,,,,,,,,,
436,Oliver,2020,Environmental Pollution, 10.1016/j.envpol.2019.113726,soil,21,PFOA,PFCA,C8HF15O2,413.97359999999998,-0.2,-,0,0,0,0.99999874107617315,0,1.2589238269029671E-6,1,0,-0.99999874107617315,412.97360125892379,96485,-233.63449440498505,8,15,0.33684210526315789,68.844969824162703,7,2.6821450763738319,4.9000000000000004,5.7,1:5 Water,2.2599999999999998,40.469155698809203,0.22599999999999998,5.72,212.00889547813193,0.57199999999999995,OA,9.98,not reported,70,8,22,not reported,100,3.5,3.5000000000000003E-2,"0,5 mM CaCl2",20,-,5 or 7.5,-,0.92,26.285714285714285,1.4197197829952797,-3.6212172654444715E-2,Reported Kd originated from a single spiked concentration,,,,,,,,,
437,Oliver,2020,Environmental Pollution, 10.1016/j.envpol.2019.113726,soil,22,PFOA,PFCA,C8HF15O2,413.97359999999998,-0.2,-,0,0,0,0.99999993690426958,0,6.3095730466947729E-8,1,0,-0.99999993690426958,412.97360006309572,96485,-233.63477446855464,8,15,0.33684210526315789,68.844969824162703,7,2.6821450763738319,4.9000000000000004,7,1:5 Water,3.78,67.687348912167607,0.378,2.46,91.178650852483315,0.246,OA,19.12,not reported,35,13,52,not reported,100,1.1000000000000001,1.1000000000000001E-2,"0,5 mM CaCl2",20,-,5 or 7.5,-,0.5,45.454545454545453,1.6575773191777938,-0.3010299956639812,Reported Kd originated from a single spiked concentration,,,,,,,,,
438,Oliver,2020,Environmental Pollution, 10.1016/j.envpol.2019.113726,soil,23,PFOA,PFCA,C8HF15O2,413.97359999999998,-0.2,-,0,0,0,0.99999980047380832,0,1.9952619168617852E-7,1,0,-0.99999980047380832,412.97360019952617,96485,-233.63474251646872,8,15,0.33684210526315789,68.844969824162703,7,2.6821450763738319,4.9000000000000004,6.5,1:5 Water,2.0299999999999998,36.350613304682604,0.20299999999999999,1.53,56.708673091178653,0.153,OA,7.1,not reported,60,16,24,not reported,100,1.3,1.3000000000000001E-2,"0,5 mM CaCl2",20,-,5 or 7.5,-,0.16,12.307692307692307,1.0901766303490881,-0.79588001734407521,Reported Kd originated from a single spiked concentration,,,,,,,,,
439,Oliver,2020,Environmental Pollution, 10.1016/j.envpol.2019.113726,soil,24,PFOA,PFCA,C8HF15O2,413.97359999999998,-0.2,-,0,0,0,0.99999984151070587,0,1.5848929412725089E-7,1,0,-0.99999984151070587,412.97360015848926,96485,-233.63475212733178,8,15,0.33684210526315789,68.844969824162703,7,2.6821450763738319,4.9000000000000004,6.6,1:5 Water,1.82,32.590205031784407,0.182,2.0699999999999998,76.723498888065237,0.20699999999999999,OA,7.54,not reported,67,11,22,not reported,100,1.3,1.3000000000000001E-2,"0,5 mM CaCl2",20,-,5 or 7.5,-,0.59,45.38461538461538,1.6569086593353073,-0.22914798835785583,Reported Kd originated from a single spiked concentration,,,,,,,,,
440,Oliver,2020,Environmental Pollution, 10.1016/j.envpol.2019.113726,soil,25,PFOA,PFCA,C8HF15O2,413.97359999999998,-0.2,-,0,0,0,0.99999900000099995,0,9.9999900000100006E-7,1,0,-0.99999900000099995,412.97360099999895,96485,-233.63455504531566,8,15,0.33684210526315789,68.844969824162703,7,2.6821450763738319,4.9000000000000004,5.8,1:5 Water,2.56,45.841167517235206,0.25600000000000001,1.68,62.268346923647144,0.16799999999999998,OA,6.17,not reported,59,15,26,not reported,100,0.9,9.0000000000000011E-3,"0,5 mM CaCl2",20,-,5 or 7.5,-,1.57,174.44444444444443,2.2416571429699088,0.19589965240923377,Reported Kd originated from a single spiked concentration,,,,,,,,,
441,Oliver,2020,Environmental Pollution, 10.1016/j.envpol.2019.113726,soil,26,PFOA,PFCA,C8HF15O2,413.97359999999998,-0.2,-,0,0,0,0.99999980047380832,0,1.9952619168617852E-7,1,0,-0.99999980047380832,412.97360019952617,96485,-233.63474251646872,8,15,0.33684210526315789,68.844969824162703,7,2.6821450763738319,4.9000000000000004,6.5,1:5 Water,3.27,58.554928820843408,0.32700000000000001,1.42,52.631578947368418,0.14199999999999999,OA,12.67,not reported,49,8,43,not reported,100,1.3,1.3000000000000001E-2,"0,5 mM CaCl2",20,-,5 or 7.5,-,1.47,113.07692307692307,2.0533739824413395,0.16731733474817609,Reported Kd originated from a single spiked concentration,,,,,,,,,
442,Oliver,2020,Environmental Pollution, 10.1016/j.envpol.2019.113726,soil,27,PFOA,PFCA,C8HF15O2,413.97359999999998,-0.2,-,0,0,0,0.99999369046636566,0,6.3095336343360528E-6,1,0,-0.99999369046636566,412.97360630953358,96485,-233.63331154952778,8,15,0.33684210526315789,68.844969824162703,7,2.6821450763738319,4.9000000000000004,5,1:5 Water,10.4,186.22974303876802,1.04,4.1500000000000004,153.81764269829503,0.41500000000000004,OA,6.82,not reported,24,29,47,not reported,100,2,0.02,"0,5 mM CaCl2",20,-,5 or 7.5,-,2.0499999999999998,102.49999999999999,2.0107238653917729,0.31175386105575426,Reported Kd originated from a single spiked concentration,,,,,,,,,
443,Oliver,2020,Environmental Pollution, 10.1016/j.envpol.2019.113726,soil,28,PFOA,PFCA,C8HF15O2,413.97359999999998,-0.2,-,0,0,0,0.99999992056718279,0,7.9432817162854954E-8,1,0,-0.99999992056718279,412.97360007943274,96485,-233.63477064240035,8,15,0.33684210526315789,68.844969824162703,7,2.6821450763738319,4.9000000000000004,6.9,1:5 Water,4.2,75.208165457964014,0.42000000000000004,1.48,54.855448480355818,0.14799999999999999,OA,20.41,not reported,42,6,52,not reported,100,1.8,1.8000000000000002E-2,"0,5 mM CaCl2",20,-,5 or 7.5,-,3.57,198.33333333333331,2.2973957110088872,0.55266821611219319,Reported Kd originated from a single spiked concentration,,,,,,,,,
444,Campos Pereira,2023,Chemosphere, 10.1016/j.chemosphere.2023.138133,soil,Kungsangen (0-10cm),PFOA,PFCA,C8HF15O2,413.97359999999998,-0.2,-,0,0,0,0.9999992056723962,0,7.9432760376743655E-7,1,0,-0.9999992056723962,412.97360079432758,96485,-233.63460321366483,8,15,0.33684210526315789,68.844969824162703,7,2.6821450763738319,4.9000000000000004,5.9,ISO 10390:2005,10.052100000000001,180,1.0052100000000002,1.3491,50,0.13491,Oxalate,20,CoHex,4.2,53,43,ISO 11277:2020,100.2,3.1,3.1E-2,10 mM NO3,10,-,-,-,2.8840315031266059,93.033274294406638,1.9686383061657273,0.46, log Kd values reported in Table S7 at pH 5.6,,,,,,,,,
445,Campos Pereira,2023,Chemosphere, 10.1016/j.chemosphere.2023.138133,soil,Paskalampa Bs,PFOA,PFCA,C8HF15O2,413.97359999999998,-0.2,-,0,0,0,0.99999800474166611,0,1.9952583339051124E-6,1,0,-0.99999800474166611,412.97360199525832,96485,-233.63432195505678,8,15,0.33684210526315789,68.844969824162703,7,2.6821450763738319,4.9000000000000004,5.5,ISO 10390:2005,7.2598499999999992,130,0.72598499999999988,13.491,500,1.3491,Oxalate,1,CoHex,54,42,4,ISO 11277:2020,100,2.2000000000000002,2.2000000000000002E-2,10 mM NO3,10,-,-,-,7.5857757502918375,344.80798864962895,2.5375773191777937,0.88, log Kd values reported in Table S7 at pH 5.7,,,,,,,,,
446,Campos Pereira,2023,Chemosphere, 10.1016/j.chemosphere.2023.138133,soil,Fors,PFOA,PFCA,C8HF15O2,413.97359999999998,-0.2,-,0,0,0,0.99999999601892831,0,3.9810716896860486E-9,1,0,-0.99999999601892831,412.97360000398106,96485,-233.63478831323886,8,15,0.33684210526315789,68.844969824162703,7,2.6821450763738319,4.9000000000000004,8.1999999999999993,ISO 10390:2005,1.89873,34,0.18987300000000001,0.75549599999999995,28,7.5549599999999995E-2,Oxalate,15,CoHex,27,56,16,ISO 11277:2020,99,1.6,1.6E-2,10 mM NO3,10,-,-,-,6.0255958607435796,376.59974129647372,2.5758800173440752,0.78, log Kd values reported in Table S7 at pH 8.3,,,,,,,,,
447,Campos Pereira,2023,Chemosphere, 10.1016/j.chemosphere.2023.138133,soil,Arboga (field-contaminated),PFOA,PFCA,C8HF15O2,413.97359999999998,-0.2,-,0,0,0,0.99999800474166611,0,1.9952583339051124E-6,1,0,-0.99999800474166611,412.97360199525832,96485,-233.63432195505678,8,15,0.33684210526315789,68.844969824162703,7,2.6821450763738319,4.9000000000000004,5.5,ISO 10390:2005,6.1429499999999999,110,0.61429500000000004,0.83644200000000002,31,8.3644200000000002E-2,Oxalate,8.6,CoHex,27,44,29,ISO 11277:2020,100,1.3,1.3000000000000001E-2,10 mM NO3,10,-,-,-,4.2657951880159271,328.13809138584054,2.5160566476931634,0.63, log Kd values reported in Table S7 at pH 5.4,,,,,,,,,
448,Campos Pereira,2023,Chemosphere, 10.1016/j.chemosphere.2023.138133,soil,Nantuna,PFOA,PFCA,C8HF15O2,413.97359999999998,-0.2,-,0,0,0,0.99999999683772234,0,3.162277650168378E-9,1,0,-0.99999999683772234,412.97360000316223,96485,-233.63478850500087,8,15,0.33684210526315789,68.844969824162703,7,2.6821450763738319,4.9000000000000004,8.3000000000000007,ISO 10390:2005,2.066265,37,0.20662649999999999,0.72851399999999999,27,7.2851399999999997E-2,Oxalate,14,CoHex,80,15,4.4000000000000004,ISO 11277:2020,99.4,1.2,1.2E-2,10 mM NO3,10,-,-,-,5.3088444423098844,442.40370352582369,2.6458187539523754,0.72499999999999998, log Kd values reported in Table S7 at pH 7.3,,,,,,,,,
449,Campos Pereira,2023,Chemosphere, 10.1016/j.chemosphere.2023.138133,soil,Krusenberg,PFOA,PFCA,C8HF15O2,413.97359999999998,-0.2,-,0,0,0,0.99999800474166611,0,1.9952583339051124E-6,1,0,-0.99999800474166611,412.97360199525832,96485,-233.63432195505678,8,15,0.33684210526315789,68.844969824162703,7,2.6821450763738319,4.9000000000000004,5.5,ISO 10390:2005,1.3402799999999999,24,0.13402799999999998,0.32378400000000002,12,3.2378400000000002E-2,Oxalate,2.6,CoHex,86,8,6,ISO 11277:2020,100,1.2,1.2E-2,10 mM NO3,10,-,-,-,3.8904514499428067,324.20428749523387,2.5108187539523752,0.59, log Kd values reported in Table S7 at pH 5.5,,,,,,,,,
450,Campos Pereira,2023,Chemosphere, 10.1016/j.chemosphere.2023.138133,soil,Paskalampa E,PFOA,PFCA,C8HF15O2,413.97359999999998,-0.2,-,0,0,0,0.99998415131926011,0,1.5848680739948987E-5,1,0,-0.99998415131926011,412.97361584868077,96485,-233.63107747636758,8,15,0.33684210526315789,68.844969824162703,7,2.6821450763738319,4.9000000000000004,4.5999999999999996,ISO 10390:2005,0.1396125,2.5,1.396125E-2,5.12658E-2,1.9,5.1265800000000004E-3,Oxalate,1.8,CoHex,53,40,7,ISO 11277:2020,100,1.1000000000000001,1.1000000000000001E-2,10 mM NO3,10,-,-,-,2.2908676527677732,208.26069570616119,2.318607314841775,0.36, log Kd values reported in Table S7 at pH 5.4,,,,,,,,,
451,Campos Pereira,2023,Chemosphere, 10.1016/j.chemosphere.2023.138133,soil,Kungsangen (70-80cm),PFOA,PFCA,C8HF15O2,413.97359999999998,-0.2,-,0,0,0,0.99999984151070587,0,1.5848929412725089E-7,1,0,-0.99999984151070587,412.97360015848926,96485,-233.63475212733178,8,15,0.33684210526315789,68.844969824162703,7,2.6821450763738319,4.9000000000000004,6.6,ISO 10390:2005,11.169,200,1.1169,1.3760819999999998,51,0.13760819999999999,Oxalate,16,CoHex,0.68,48,52,ISO 11277:2020,100.68,0.91,9.1000000000000004E-3,10 mM NO3,10,-,-,-,0.72443596007499,79.608347260987912,1.9009586076789065,-0.14000000000000001, log Kd values reported in Table S7 at pH 6.6,,,,,,,,,
452,Campos Pereira,2023,Chemosphere, 10.1016/j.chemosphere.2023.138133,soil,Hogasa (subsoil),PFOA,PFCA,C8HF15O2,413.97359999999998,-0.2,-,0,0,0,0.99999900000099995,0,9.9999900000100006E-7,1,0,-0.99999900000099995,412.97360099999895,96485,-233.63455504531566,8,15,0.33684210526315789,68.844969824162703,7,2.6821450763738319,4.9000000000000004,5.8,ISO 10390:2005,1.6753499999999999,30,0.16753499999999999,0.75549599999999995,28,7.5549599999999995E-2,Oxalate,0.77,CoHex,89,8,3,ISO 11277:2020,100,0.3,3.0000000000000001E-3,10 mM NO3,10,-,-,-,4.4668359215096318,1488.9453071698772,3.1728787452803378,0.65, log Kd values reported in Table S7 at pH 6.0,,,,,,,,,
453,Campos-Pereira,2018,Chemosphere, 10.1016/j.chemosphere.2018.05.012,soil,organic soil horitzon,PFOA,PFCA,C8HF15O2,413.97359999999998,-0.2,-,0,0,0,0.99998004777494953,0,1.9952225050461341E-5,1,0,-0.99998004777494953,412.97361995222502,96485,-233.63011642421051,8,15,0.33684210526315789,68.844969824162703,7,2.6821450763738319,4.9000000000000004,4.5,deionized water,5.8637250000000002E-2,1.05,5.8637250000000002E-3,0.18454320000000002,6.84,1.8454320000000003E-2,"0,1 M HNO3",21.496500000000001,KNN input,41.737499999999997,35.036999999999999,21.971,KNN input,98.745499999999993,45,0.45,MIXTURE EXPERIMENTS,11.25,-,1.25,-,56.651643530737545,125.89254117941677,2.1,1.7532125137753438, Kd is derived in this study from reported Koc at the Ca / pH 4 / 3 mM condition (Table S7),,,,,,,,,
454,McLachlan,2019,Chemosphere, 10.1016/j.chemosphere.2019.02.012,soil,Lower Layer,PFNA,PFCA,C9HF17O2,463.97039999999998,-0.2,-,0,0,0,0.9999964518786969,0,3.5481213031263005E-6,1,0,-0.9999964518786969,462.97040354812128,96485,-208.40351115335915,9,17,0.33436532507739936,69.616510018742574,8,1.7965743332104296,5.6,5.25,not reported,not reported,not reported,not reported,not reported,not reported,not reported,not reported,5.7023166666666656,KNN input,100,0,0,not reported,100,0.4,4.0000000000000001E-3,deionized water,200,-,1,1000,10.3,2575,3.4107772333772099,1.0128372247051722,Mean Kd value at the certain condition reported in Table S9,,,,,,,,,
455,McLachlan,2019,Chemosphere, 10.1016/j.chemosphere.2019.02.012,soil,Upper layer,PFNA,PFCA,C9HF17O2,463.97039999999998,-0.2,-,0,0,0,0.99999865103893715,0,1.3489610628932487E-6,1,0,-0.99999865103893715,462.97040134896105,96485,-208.40397045764269,9,17,0.33436532507739936,69.616510018742574,8,1.7965743332104296,5.6,5.67,not reported,not reported,not reported,not reported,not reported,not reported,not reported,not reported,9.2037666666666649,KNN input,71,24,5,not reported,100,0.93,9.300000000000001E-3,deionized water,200,-,1,1000,3.3,354.83870967741927,2.5500309913239523,0.51851393987788741,Mean Kd value at the certain condition reported in Table S9,,,,,,,,,
456,Enevoldsen,2010,Analytical Bioanalytical Chemistry,10.1007/s00216-010-4066-0,soil,Sj. Odde,PFNA,PFCA,C9HF17O2,463.97039999999998,-0.2,-,0,0,0,0.99999998415106828,0,1.5848931673422493E-8,1,0,-0.99999998415106828,462.9704000158489,96485,-208.40424888397368,9,17,0.33436532507739936,69.616510018742574,8,1.7965743332104296,5.6,7.6,not reported,8.1199999999999992,145.40245321873041,0.81199999999999994,1.294,47.961452928094886,0.12940000000000002,CBD,5.6985666666666646,KNN input,41,22,37,not reported,100,0.42,4.1999999999999997E-3,"0,1 M CaCl2",480,-,0.02,1,1.5,357.14285714285717,2.552841968657781,0.17609125905568124,Reported Kd originated from a linear isotherm,,,,,,,,,
457,Enevoldsen,2010,Analytical Bioanalytical Chemistry,10.1007/s00216-010-4066-0,soil,Jynnevard,PFNA,PFCA,C9HF17O2,463.97039999999998,-0.2,-,0,0,0,0.99999949881301753,0,5.0118698243875488E-7,1,0,-0.99999949881301753,462.97040050118699,96485,-208.40414751898732,9,17,0.33436532507739936,69.616510018742574,8,1.7965743332104296,5.6,6.1,not reported,2.73,48.885307547676604,0.27300000000000002,2.6320000000000001,97.553743513713854,0.26319999999999999,CBD,12.81991666666667,KNN input,94,1,5,not reported,100,1,0.01,"0,1 M CaCl2",480,-,0.02,1,1.1000000000000001,110,2.0413926851582249,4.1392685158225077E-2,Reported Kd originated from a linear isotherm,,,,,,,,,
458,Guelfo,2013,Environmental Science and Technology, 10.1021/es3048043,soil,Loamy sand A,PFNA,PFCA,C9HF17O2,463.97039999999998,-0.2,-,0,0,0,0.99999949881301753,0,5.0118698243875488E-7,1,0,-0.99999949881301753,462.97040050118699,96485,-208.40414751898732,9,17,0.33436532507739936,69.616510018742574,8,1.7965743332104296,5.6,6.1,not reported,2.21,39.573820395738203,0.221,0.93,34.469977761304669,9.2999999999999999E-2,CBD,14.27683666666667,KNN input,81,1,9,not reported,91,1.7,1.7000000000000001E-2,AGW + 1g/L NaN3,375,-,0.5,1000,2.0499999999999998,120.58823529411762,2.0813049396774801,0.31175386105575426,Reported Kd was interpolated in the examined study at Cw = 5 pM,,,,,,,,,
459,Guelfo,2013,Environmental Science and Technology, 10.1021/es3048043,soil,Loam B,PFNA,PFCA,C9HF17O2,463.97039999999998,-0.2,-,0,0,0,0.99999999000000006,0,9.9999999000000002E-9,1,0,-0.99999999000000006,462.97040000999993,96485,-208.40425010554881,9,17,0.33436532507739936,69.616510018742574,8,1.7965743332104296,5.6,7.8,not reported,6.14,0.61399999999999999,0.61399999999999999,1.67,0.16699999999999998,0.16699999999999998,CBD,6.4956666666666676,KNN input,33,42,25,not reported,100,4.5,4.4999999999999998E-2,AGW + 1g/L NaN3,375,-,0.5,1000,11.06,245.7777777777778,2.3905426131933356,1.0437551269686796,Reported Kd was interpolated in the examined study at Cw = 5 pM,,,,,,,,,
460,Guelfo,2013,Environmental Science and Technology, 10.1021/es3048043,soil,Sandy Clay Loam C,PFNA,PFCA,C9HF17O2,463.97039999999998,-0.2,-,0,0,0,0.99999601894414336,0,3.981055856666137E-6,1,0,-0.99999601894414336,462.97040398105588,96485,-208.40342073307494,9,17,0.33436532507739936,69.616510018742574,8,1.7965743332104296,5.6,5.2,not reported,24.17,432.80508550452146,2.4170000000000003,3.99,147.88732394366198,0.39900000000000002,CBD,12.009766666666669,KNN input,47,20,33,not reported,100,0.8,8.0000000000000002E-3,AGW + 1g/L NaN3,375,-,0.5,1000,1.89,236.24999999999997,2.3733718171813005,0.27646180417324412,Reported Kd was interpolated in the examined study at Cw = 5 pM,,,,,,,,,
461,Aly,2019,Env Sci WR&T,10.1039/c9ew00426b,soil,-,PFNA,PFCA,C9HF17O2,463.97039999999998,-0.2,-,0,0,0,0.99999993690426958,0,6.3095730466947729E-8,1,0,-0.99999993690426958,462.97040006309572,96485,-208.40423901627199,9,17,0.33436532507739936,69.616510018742574,8,1.7965743332104296,5.6,7,not reported,not reported,not reported,not reported,not reported,not reported,not reported,not reported,26.903333333333332,not reported,31.549399999999999,38.265099999999997,30.404799999999991,KNN input,100.21929999999999,1.4433333333333334,1.4433333333333333E-2,"0,01 M NaHCO3",500,-,10,100,0.72,49.884526558891459,1.6979658547975656,-0.14266750356873156,Reported Kd originated from a linear isotherm,,,,,,,,,
462,Higgins and Luthy,2007,Environmental Science and Technology,10.1021/es061000n,sediment,1,PFNA,PFCA,C9HF17O2,463.97039999999998,-0.2,-,0,0,0,0.99999993690426958,0,6.3095730466947729E-8,1,0,-0.99999993690426958,462.97040006309572,96485,-208.40423901627199,9,17,0.33436532507739936,69.616510018742574,8,1.7965743332104296,5.6,7,Non reported,18.6539,334.0299041991226,1.8653900000000001,1.1061800000000002,41,0.11061800000000002,DCB,38.6,Non reported,11,36,53,Non reported,100,2.48,2.4799999999999999E-2,"0,5 mM CaCl2",100,-,0.46397040000000001,92.794080000000008,7.62,307.25806451612902,2.4875032905133843,0.88195497133960055,Reported Kd was interpolated in the examined study at Cw = 5 pM,,,,,,,,,
463,Higgins and Luthy,2007,Environmental Science and Technology,10.1021/es061000n,sediment,3,PFNA,PFCA,C9HF17O2,463.97039999999998,-0.2,-,0,0,0,0.99999998415106828,0,1.5848931673422493E-8,1,0,-0.99999998415106828,462.9704000158489,96485,-208.40424888397368,9,17,0.33436532507739936,69.616510018742574,8,1.7965743332104296,5.6,7.6,Non reported,6.7578500000000004,121.01083355716717,0.67578500000000008,0.37772,14,3.7772E-2,DCB,32.1,Non reported,31,38,31,Non reported,100,4.34,4.3400000000000001E-2,"0,5 mM CaCl2",100,-,0.46397040000000001,92.794080000000008,7.19,165.66820276497697,2.2192391608703721,0.85672889038288258,Reported Kd was interpolated in the examined study at Cw = 5 pM,,,,,,,,,
464,Higgins and Luthy,2007,Environmental Science and Technology,10.1021/es061000n,sediment,5,PFNA,PFCA,C9HF17O2,463.97039999999998,-0.2,-,0,0,0,0.99999874107617315,0,1.2589238269029671E-6,1,0,-0.99999874107617315,462.9704012589238,96485,-208.40398926231532,9,17,0.33436532507739936,69.616510018742574,8,1.7965743332104296,5.6,5.7,Non reported,14.9678,268.02399498612232,1.49678,2.4281999999999999,89.999999999999986,0.24281999999999998,DCB,22,Non reported,80,15,5,Non reported,100,9.66,9.6600000000000005E-2,"0,5 mM CaCl2",100,-,0.46397040000000001,92.794080000000008,28.66,296.68737060041406,2.4722990596458323,1.4572761860613257,Reported Kd was interpolated in the examined study at Cw = 5 pM,,,,,,,,,
465,Gredelj,2020,Science of the Total Environment, 10.1016/j.scitotenv.2019.134766,soil,Agripolis soil,PFNA,PFCA,C9HF17O2,463.97039999999998,-0.2,-,0,0,0,0.99999999000000006,0,9.9999999000000002E-9,1,0,-0.99999999000000006,462.97040000999993,96485,-208.40425010554881,9,17,0.33436532507739936,69.616510018742574,8,1.7965743332104296,5.6,7.8,not reported,not reported,not reported,not reported,not reported,not reported,not reported,not reported,11.17476666666666,KNN input,47,38,15,not reported,100,1.43,1.43E-2,"0,01 M CaCl2 + 1 g/L NaN3",200,-,10,100,5.1100000000000003,357.34265734265733,2.553084862669651,0.70842090013471271,Reported Kd originated from a linear isotherm at the low concentration range,,,,,,,,,
466,Chao Yin,2022,Environmental Pollution, 10.1016/j.envpol.2022.118957,sediment,sediment,PFNA,PFCA,C9HF17O2,463.97039999999998,-0.2,-,0,0,0,0.9999999939744042,0,6.0255958244357746E-9,1,0,-0.9999999939744042,462.97040000602556,96485,-208.40425093562058,9,17,0.33436532507739936,69.616510018742574,8,1.7965743332104296,5.6,8.02,not reported,not reported,not reported,not reported,not reported,not reported,not reported,not reported,11.934691666666669,KNN input,6.34,85.56,8.08,not reported,99.98,0.37,3.7000000000000002E-3,0psu,50,-,10,-,2.9846761555089598,806.66923121863772,2.9066954919661399,0.47489721603313473,Calculated in this study at Cw = 10% S,4.12,(ng/g)/(ng/mL)^N,0.86,4.12,10,29.8467615550896,2.9846761555089598,,
467,Huiting Chen,2016,Chemosphere, 10.1016/j.chemosphere.2015.10.055,sediment,fresh sediment,PFNA,PFCA,C9HF17O2,463.97039999999998,-0.2,-,0,0,0,0.99999998415106828,0,1.5848931673422493E-8,1,0,-0.99999998415106828,462.9704000158489,96485,-208.40424888397368,9,17,0.33436532507739936,69.616510018742574,8,1.7965743332104296,5.6,7.6,not reported,2.8492E-2,0.51019786910197873,2.8492000000000001E-3,1.2054E-2,0.4467753891771683,1.2054000000000001E-3,not reported,15.90036666666667,KNN input,4,61,35,not reported,100,2.52,2.52E-2,1 mM NaHCO3 + 1 mM NaCl,125,-,0.5,100,16.218100973589298,643.57543545989279,2.8085994592184558,1.21,Reported Kd at Cw = 2.5 ppb,,,,,,,,,
468,Nguyen,2020,Environmental Science and Technology, 10.1021/acs.est.0c05705,soil,S1,PFNA,PFCA,C9HF17O2,463.97039999999998,-0.2,-,0,0,0,0.99999998004737722,0,1.995262275158161E-8,1,0,-0.99999998004737722,462.97040001995259,96485,-208.40424802689972,9,17,0.33436532507739936,69.616510018742574,8,1.7965743332104296,5.6,7.5,1:10 CaCl2,not reported,not reported,not reported,not reported,not reported,not reported,not reported,41.4,not reported,16.899999999999999,17.5,65.599999999999994,not reported,100,0.7,6.9999999999999993E-3,10 mM CaCl2,100,-,5,-,2.35,335.71428571428578,2.5259698222574793,0.37106786227173627,Reported Kd originated from a single spiked concentration,,,,,,,,,
469,Nguyen,2020,Environmental Science and Technology, 10.1021/acs.est.0c05705,soil,S2,PFNA,PFCA,C9HF17O2,463.97039999999998,-0.2,-,0,0,0,0.99999990000001004,0,9.9999990000001005E-8,1,0,-0.99999990000001004,462.97040010000001,96485,-208.40423130865503,9,17,0.33436532507739936,69.616510018742574,8,1.7965743332104296,5.6,6.8,1:10 CaCl2,not reported,not reported,not reported,not reported,not reported,not reported,not reported,7.1,not reported,48.9,27,24.2,not reported,100.10000000000001,0.37,3.7000000000000002E-3,10 mM CaCl2,100,-,5,-,1.57,424.32432432432432,2.6276979283422386,0.19589965240923377,Reported Kd originated from a single spiked concentration,,,,,,,,,
470,Nguyen,2020,Environmental Science and Technology, 10.1021/acs.est.0c05705,soil,S3,PFNA,PFCA,C9HF17O2,463.97039999999998,-0.2,-,0,0,0,0.99999960189298798,0,3.9810701206424001E-7,1,0,-0.99999960189298798,462.97040039810702,96485,-208.40416904769245,9,17,0.33436532507739936,69.616510018742574,8,1.7965743332104296,5.6,6.2,1:10 CaCl2,not reported,not reported,not reported,not reported,not reported,not reported,not reported,8,not reported,51.44,10.17,38.380000000000003,not reported,99.990000000000009,0.08,8.0000000000000004E-4,10 mM CaCl2,100,-,5,-,1.31,1637.5,3.2141813086638207,0.11727129565576427,Reported Kd originated from a single spiked concentration,,,,,,,,,
471,Nguyen,2020,Environmental Science and Technology, 10.1021/acs.est.0c05705,soil,S4,PFNA,PFCA,C9HF17O2,463.97039999999998,-0.2,-,0,0,0,0.99999998741074603,0,1.258925395945232E-8,1,0,-0.99999998741074603,462.97040001258921,96485,-208.40424956477173,9,17,0.33436532507739936,69.616510018742574,8,1.7965743332104296,5.6,7.7,1:10 CaCl2,not reported,not reported,not reported,not reported,not reported,not reported,not reported,4.8,not reported,46,37,17,not reported,100,0.25,2.5000000000000001E-3,10 mM CaCl2,100,-,5,-,2,800,2.9030899869919438,0.3010299956639812,Reported Kd originated from a single spiked concentration,,,,,,,,,
472,Nguyen,2020,Environmental Science and Technology, 10.1021/acs.est.0c05705,soil,S5,PFNA,PFCA,C9HF17O2,463.97039999999998,-0.2,-,0,0,0,0.99999997488113634,0,2.5118863684138424E-8,1,0,-0.99999997488113634,462.97040002511886,96485,-208.40424694790761,9,17,0.33436532507739936,69.616510018742574,8,1.7965743332104296,5.6,7.4,1:10 CaCl2,not reported,not reported,not reported,not reported,not reported,not reported,not reported,29.6,not reported,39.799999999999997,7.7,52.5,not reported,100,2.23,2.23E-2,10 mM CaCl2,100,-,5,-,2.1,94.170403587443943,1.9739144316857586,0.3222192947339193,Reported Kd originated from a single spiked concentration,,,,,,,,,
473,Nguyen,2020,Environmental Science and Technology, 10.1021/acs.est.0c05705,soil,S6,PFNA,PFCA,C9HF17O2,463.97039999999998,-0.2,-,0,0,0,0.99999998741074603,0,1.258925395945232E-8,1,0,-0.99999998741074603,462.97040001258921,96485,-208.40424956477173,9,17,0.33436532507739936,69.616510018742574,8,1.7965743332104296,5.6,7.7,1:10 CaCl2,not reported,not reported,not reported,not reported,not reported,not reported,not reported,21.63,not reported,70,11,19,not reported,100,4.9000000000000004,4.9000000000000002E-2,10 mM CaCl2,100,-,5,-,10.69,218.16326530612244,2.3387816251802644,1.0289777052087781,Reported Kd originated from a single spiked concentration,,,,,,,,,
474,Nguyen,2020,Environmental Science and Technology, 10.1021/acs.est.0c05705,soil,S7,PFNA,PFCA,C9HF17O2,463.97039999999998,-0.2,-,0,0,0,0.99999998741074603,0,1.258925395945232E-8,1,0,-0.99999998741074603,462.97040001258921,96485,-208.40424956477173,9,17,0.33436532507739936,69.616510018742574,8,1.7965743332104296,5.6,7.7,1:10 CaCl2,not reported,not reported,not reported,not reported,not reported,not reported,not reported,7.8,not reported,48.9,32.6,18.5,not reported,100,0.13,1.2999999999999999E-3,10 mM CaCl2,100,-,5,-,1.77,1361.5384615384617,3.1340299140549699,0.24797326636180664,Reported Kd originated from a single spiked concentration,,,,,,,,,
475,Nguyen,2020,Environmental Science and Technology, 10.1021/acs.est.0c05705,soil,S8,PFNA,PFCA,C9HF17O2,463.97039999999998,-0.2,-,0,0,0,0.99999998004737722,0,1.995262275158161E-8,1,0,-0.99999998004737722,462.97040001995259,96485,-208.40424802689972,9,17,0.33436532507739936,69.616510018742574,8,1.7965743332104296,5.6,7.5,1:10 CaCl2,not reported,not reported,not reported,not reported,not reported,not reported,not reported,2.2799999999999998,not reported,93,1,5,not reported,99,0.4,4.0000000000000001E-3,10 mM CaCl2,100,-,5,-,1.27,317.5,2.5017437296279943,0.10380372095595687,Reported Kd originated from a single spiked concentration,,,,,,,,,
476,Nguyen,2020,Environmental Science and Technology, 10.1021/acs.est.0c05705,soil,S9,PFNA,PFCA,C9HF17O2,463.97039999999998,-0.2,-,0,0,0,0.99999994988127916,0,5.011872085084086E-8,1,0,-0.99999994988127916,462.97040005011866,96485,-208.40424172657751,9,17,0.33436532507739936,69.616510018742574,8,1.7965743332104296,5.6,7.1,1:10 CaCl2,not reported,not reported,not reported,not reported,not reported,not reported,not reported,17.420000000000002,not reported,48.86,16.05,35.090000000000003,not reported,100,1.19,1.1899999999999999E-2,10 mM CaCl2,100,-,5,-,4.29,360.50420168067228,2.5569103307921934,0.63245729218472424,Reported Kd originated from a single spiked concentration,,,,,,,,,
477,Nguyen,2020,Environmental Science and Technology, 10.1021/acs.est.0c05705,soil,S10,PFNA,PFCA,C9HF17O2,463.97039999999998,-0.2,-,0,0,0,0.99999974881141995,0,2.5118858005523878E-7,1,0,-0.99999974881141995,462.97040025118855,96485,-208.40419973225309,9,17,0.33436532507739936,69.616510018742574,8,1.7965743332104296,5.6,6.4,1:10 CaCl2,not reported,not reported,not reported,not reported,not reported,not reported,not reported,16.54,not reported,29.38,13.9,56.71,not reported,99.990000000000009,0.17,1.7000000000000001E-3,10 mM CaCl2,100,-,5,-,2.46,1447.0588235294117,3.1604861857251052,0.39093510710337914,Reported Kd originated from a single spiked concentration,,,,,,,,,
479,Fabregat-Palau,2021,Science of the Total Environment, 10.1016/j.scitotenv.2021.149343,soil,ALM,PFNA,PFCA,C9HF17O2,463.97039999999998,-0.2,-,0,0,0,0.99999800474166611,0,1.9952583339051124E-6,1,0,-0.99999800474166611,462.97040199525833,96485,-208.40383547561609,9,17,0.33436532507739936,69.616510018742574,8,1.7965743332104296,5.6,5.5,1:25 deionized water,1.0129999999999999,18.13949324021846,0.10129999999999999,0.40400000000000003,14.974054855448481,4.0400000000000005E-2,Asc / OA,23.4,BaCl2-TEA (pH 8.2),54.4,35,10.6,Pipette,100,1.6,1.6E-2,"0,01 M CaCl2 + 0,1 % NaN3",100,-,60,-,11,687.5,2.8372727025023003,1.0413926851582251,Reported Kd originated from a single spiked concentration,,,,,,,,,
480,Fabregat-Palau,2021,Science of the Total Environment, 10.1016/j.scitotenv.2021.149343,soil,DELTA2,PFNA,PFCA,C9HF17O2,463.97039999999998,-0.2,-,0,0,0,0.99999999369042658,0,6.3095734049912165E-9,1,0,-0.99999999369042658,462.97040000630955,96485,-208.40425087631061,9,17,0.33436532507739936,69.616510018742574,8,1.7965743332104296,5.6,8,1:25 deionized water,2.9660000000000002,53.111290178171728,0.29660000000000003,0.23,8.5248332097850259,2.3E-2,Asc / OA,87.3,BaCl2-TEA (pH 8.2),12.2,54.3,33.5,Pipette,100,7.7,7.6999999999999999E-2,"0,01 M CaCl2 + 0,1 % NaN3",100,-,170,-,35,454.54545454545456,2.6575773191777938,1.5440680443502757,Reported Kd originated from a single spiked concentration,,,,,,,,,
481,Fabregat-Palau,2021,Science of the Total Environment, 10.1016/j.scitotenv.2021.149343,soil,OVI01,PFNA,PFCA,C9HF17O2,463.97039999999998,-0.2,-,0,0,0,0.99999601894414336,0,3.981055856666137E-6,1,0,-0.99999601894414336,462.97040398105588,96485,-208.40342073307494,9,17,0.33436532507739936,69.616510018742574,8,1.7965743332104296,5.6,5.2,1:25 deionized water,4.5149999999999997,80.848777867311313,0.45149999999999996,0.377,13.973313565604151,3.7699999999999997E-2,Asc / OA,44.3,BaCl2-TEA (pH 8.2),41.3,39.799999999999997,18.899999999999999,Pipette,100,9.4,9.4E-2,"0,01 M CaCl2 + 0,1 % NaN3",100,-,170,-,39,414.89361702127661,2.6179367534268008,1.5910646070264991,Reported Kd originated from a single spiked concentration,,,,,,,,,
482,Fabregat-Palau,2021,Science of the Total Environment, 10.1016/j.scitotenv.2021.149343,soil,DUBLIN,PFNA,PFCA,C9HF17O2,463.97039999999998,-0.2,-,0,0,0,0.99999900000099995,0,9.9999900000100006E-7,1,0,-0.99999900000099995,462.97040099999896,96485,-208.40404333990392,9,17,0.33436532507739936,69.616510018742574,8,1.7965743332104296,5.6,5.8,1:25 deionized water,6.5019999999999998,116.42940281135286,0.6502,1.732,64.195700518902896,0.17319999999999999,Asc / OA,90,BaCl2-TEA (pH 8.2),46,51,3,Pipette,100,27,0.27,"0,01 M CaCl2 + 0,1 % NaN3",100,-,570,-,96,355.55555555555554,2.5509074688805811,1.9822712330395684,Reported Kd originated from a single spiked concentration,,,,,,,,,
483,Fabregat-Palau,2021,Science of the Total Environment, 10.1016/j.scitotenv.2021.149343,soil,UIAR,PFNA,PFCA,C9HF17O2,463.97039999999998,-0.2,-,0,0,0,0.99999874107617315,0,1.2589238269029671E-6,1,0,-0.99999874107617315,462.9704012589238,96485,-208.40398926231532,9,17,0.33436532507739936,69.616510018742574,8,1.7965743332104296,5.6,5.7,1:25 deionized water,12.358000000000001,221.29107350702839,1.2358,1.0269999999999999,38.065233506300963,0.10269999999999999,Asc / OA,103,BaCl2-TEA (pH 8.2),35,63,2,Pipette,100,32,0.32,"0,01 M CaCl2 + 0,1 % NaN3",100,-,570,-,117,365.625,2.5630358834262559,2.0681858617461617,Reported Kd originated from a single spiked concentration,,,,,,,,,
484,Fabregat-Palau,2021,Science of the Total Environment, 10.1016/j.scitotenv.2021.149343,soil,BRA,PFNA,PFCA,C9HF17O2,463.97039999999998,-0.2,-,0,0,0,0.99999874107617315,0,1.2589238269029671E-6,1,0,-0.99999874107617315,462.9704012589238,96485,-208.40398926231532,9,17,0.33436532507739936,69.616510018742574,8,1.7965743332104296,5.6,5.7,1:25 deionized water,10.64,190.52735249350883,1.0640000000000001,0.16700000000000001,6.1897702001482582,1.67E-2,Asc / OA,140,BaCl2-TEA (pH 8.2),20.7,78,1.3,Pipette,100,39,0.39,"0,01 M CaCl2 + 0,1 % NaN3",100,-,570,-,122,312.82051282051282,2.4952952236482489,2.0863598306747484,Reported Kd originated from a single spiked concentration,,,,,,,,,
485,Fabregat-Palau,2021,Science of the Total Environment, 10.1016/j.scitotenv.2021.149343,soil,KOM,PFNA,PFCA,C9HF17O2,463.97039999999998,-0.2,-,0,0,0,0.99999874107617315,0,1.2589238269029671E-6,1,0,-0.99999874107617315,462.9704012589238,96485,-208.40398926231532,9,17,0.33436532507739936,69.616510018742574,8,1.7965743332104296,5.6,5.7,1:25 deionized water,19.667999999999999,352.18909481600861,1.9667999999999999,0.48099999999999998,17.828020756115642,4.8099999999999997E-2,Asc / OA,114,BaCl2-TEA (pH 8.2),20,78.900000000000006,1.1000000000000001,Pipette,100,41,0.41,"0,01 M CaCl2 + 0,1 % NaN3",100,-,570,-,128,312.19512195121951,2.4944261129281329,2.1072099696478683,Reported Kd originated from a single spiked concentration,,,,,,,,,
486,Cai,2022,Science of the Total Environment, 10.1016/j.scitotenv.2022.152975,soil,Clarke Hill,PFNA,PFCA,C9HF17O2,463.97039999999998,-0.2,-,0,0,0,0.99999000009999905,0,9.9999000009999908E-6,1,0,-0.99999000009999905,462.97040999990003,96485,-208.40216367104162,9,17,0.33436532507739936,69.616510018742574,8,1.7965743332104296,5.6,4.8,1:5 CaCl2,8.3000000000000007,148.62566030978601,0.83000000000000007,7.85,290.95626389918459,0.78499999999999992,???,15.34083666666667,KNN input,32,40,28,not reported,100,4.9000000000000004,4.9000000000000002E-2,500 mM CaCl2,20,-,10,-,6,122.44897959183673,2.08795517035513,0.77815125038364363,Reported Kd at 0.5 mM Ca condition (from Table S5),,,,,,,,,
487,Cai,2022,Science of the Total Environment, 10.1016/j.scitotenv.2022.152975,soil,Minatoro,PFNA,PFCA,C9HF17O2,463.97039999999998,-0.2,-,0,0,0,0.9999992056723962,0,7.9432760376743655E-7,1,0,-0.9999992056723962,462.97040079432759,96485,-208.40408629527943,9,17,0.33436532507739936,69.616510018742574,8,1.7965743332104296,5.6,5.9,1:5 CaCl2,1.4,25.069388485988004,0.13999999999999999,0.92,34.099332839140104,9.1999999999999998E-2,???,15.34083666666667,KNN input,37,22,41,not reported,100,2.6,2.6000000000000002E-2,500 mM CaCl2,20,-,10,-,2.75,105.76923076923076,2.0243593458594447,0.43933269383026263,Reported Kd at 0.5 mM Ca condition (from Table S5),,,,,,,,,
488,Enevoldsen,2010,Analytical Bioanalytical Chemistry,10.1007/s00216-010-4066-0,soil,Sj. Odde,PFDA,PFCA,C10HF19O2,513.96719999999993,-0.2,-,0,0,0,0.99999998415106828,0,1.5848931673422493E-8,1,0,-0.99999998415106828,512.9672000158489,96485,-188.09194519227501,10,19,0.33240997229916897,70.237945145137672,9,0.90308998699194354,6.3,7.6,not reported,8.1199999999999992,145.40245321873041,0.81199999999999994,1.294,47.961452928094886,0.12940000000000002,CBD,5.6985666666666646,KNN input,41,22,37,not reported,100,0.42,4.1999999999999997E-3,"0,1 M CaCl2",480,-,0.02,1,33,7857.1428571428578,3.8952646494799872,1.5185139398778875,Reported Kd originated from a linear isotherm,,,,,,,,,
489,Enevoldsen,2010,Analytical Bioanalytical Chemistry,10.1007/s00216-010-4066-0,soil,Jynnevard,PFDA,PFCA,C10HF19O2,513.96719999999993,-0.2,-,0,0,0,0.99999949881301753,0,5.0118698243875488E-7,1,0,-0.99999949881301753,512.96720050118699,96485,-188.09185372613456,10,19,0.33240997229916897,70.237945145137672,9,0.90308998699194354,6.3,6.1,not reported,2.73,48.885307547676604,0.27300000000000002,2.6320000000000001,97.553743513713854,0.26319999999999999,CBD,12.81991666666667,KNN input,94,1,5,not reported,100,1,0.01,"0,1 M CaCl2",480,-,0.02,1,30,3000,3.4771212547196626,1.4771212547196624,Reported Kd originated from a linear isotherm,,,,,,,,,
490,Guelfo,2013,Environmental Science and Technology, 10.1021/es3048043,soil,Loamy sand A,PFDA,PFCA,C10HF19O2,513.96719999999993,-0.2,-,0,0,0,0.99999949881301753,0,5.0118698243875488E-7,1,0,-0.99999949881301753,512.96720050118699,96485,-188.09185372613456,10,19,0.33240997229916897,70.237945145137672,9,0.90308998699194354,6.3,6.1,not reported,2.21,39.573820395738203,0.221,0.93,34.469977761304669,9.2999999999999999E-2,CBD,14.27683666666667,KNN input,81,1,9,not reported,91,1.7,1.7000000000000001E-2,AGW + 1g/L NaN3,375,-,0.5,1000,8.69,511.17647058823525,2.7085708550703926,0.93901977644866641,Reported Kd was interpolated in the examined study at Cw = 5 pM,,,,,,,,,
491,Guelfo,2013,Environmental Science and Technology, 10.1021/es3048043,soil,Loam B,PFDA,PFCA,C10HF19O2,513.96719999999993,-0.2,-,0,0,0,0.99999999000000006,0,9.9999999000000002E-9,1,0,-0.99999999000000006,512.96720000999994,96485,-188.09194629455664,10,19,0.33240997229916897,70.237945145137672,9,0.90308998699194354,6.3,7.8,not reported,6.14,0.61399999999999999,0.61399999999999999,1.67,0.16699999999999998,0.16699999999999998,CBD,6.4956666666666676,KNN input,33,42,25,not reported,100,4.5,4.4999999999999998E-2,AGW + 1g/L NaN3,375,-,0.5,1000,58.91,1309.1111111111111,3.1169765089606498,1.7701890227359933,Reported Kd was interpolated in the examined study at Cw = 5 pM,,,,,,,,,
492,Guelfo,2013,Environmental Science and Technology, 10.1021/es3048043,soil,Sandy Clay Loam C,PFDA,PFCA,C10HF19O2,513.96719999999993,-0.2,-,0,0,0,0.99999601894414336,0,3.981055856666137E-6,1,0,-0.99999601894414336,512.96720398105583,96485,-188.09119791484545,10,19,0.33240997229916897,70.237945145137672,9,0.90308998699194354,6.3,5.2,not reported,24.17,432.80508550452146,2.4170000000000003,3.99,147.88732394366198,0.39900000000000002,CBD,12.009766666666669,KNN input,47,20,33,not reported,100,0.8,8.0000000000000002E-3,AGW + 1g/L NaN3,375,-,0.5,1000,5.36,670,2.8260748027008264,0.7291647896927701,Reported Kd was interpolated in the examined study at Cw = 5 pM,,,,,,,,,
494,Campos Pereira,2023,Chemosphere, 10.1016/j.chemosphere.2023.138133,soil,Kungsangen (0-10cm),PFDA,PFCA,C10HF19O2,513.96719999999993,-0.2,-,0,0,0,0.9999992056723962,0,7.9432760376743655E-7,1,0,-0.9999992056723962,512.96720079432748,96485,-188.09179848125703,10,19,0.33240997229916897,70.237945145137672,9,0.90308998699194354,6.3,5.9,ISO 10390:2005,10.052100000000001,180,1.0052100000000002,1.3491,50,0.13491,Oxalate,20,CoHex,4.2,53,43,ISO 11277:2020,100.2,3.1,3.1E-2,10 mM NO3,10,-,-,-,36.307805477010156,1171.2195315164568,3.0686383061657274,1.56, log Kd values reported in Table S7 at pH 5.6,,,,,,,,,
495,Campos Pereira,2023,Chemosphere, 10.1016/j.chemosphere.2023.138133,soil,Paskalampa Bs,PFDA,PFCA,C10HF19O2,513.96719999999993,-0.2,-,0,0,0,0.99999800474166611,0,1.9952583339051124E-6,1,0,-0.99999800474166611,512.96720199525828,96485,-188.09157215550698,10,19,0.33240997229916897,70.237945145137672,9,0.90308998699194354,6.3,5.5,ISO 10390:2005,7.2598499999999992,130,0.72598499999999988,13.491,500,1.3491,Oxalate,1,CoHex,54,42,4,ISO 11277:2020,100,2.2000000000000002,2.2000000000000002E-2,10 mM NO3,10,-,-,-,88.104887300801408,4004.7676045818816,3.6025773191777937,1.9449999999999998, log Kd values reported in Table S7 at pH 5.7,,,,,,,,,
496,Campos Pereira,2023,Chemosphere, 10.1016/j.chemosphere.2023.138133,soil,Fors,PFDA,PFCA,C10HF19O2,513.96719999999993,-0.2,-,0,0,0,0.99999999601892831,0,3.9810716896860486E-9,1,0,-0.99999999601892831,512.96720000398102,96485,-188.09194742887559,10,19,0.33240997229916897,70.237945145137672,9,0.90308998699194354,6.3,8.1999999999999993,ISO 10390:2005,1.89873,34,0.18987300000000001,0.75549599999999995,28,7.5549599999999995E-2,Oxalate,15,CoHex,27,56,16,ISO 11277:2020,99,1.6,1.6E-2,10 mM NO3,10,-,-,-,7.7624711662869199,485.15444789293247,2.6858800173440756,0.89, log Kd values reported in Table S7 at pH 8.3,,,,,,,,,
497,Campos Pereira,2023,Chemosphere, 10.1016/j.chemosphere.2023.138133,soil,Arboga (field-contaminated),PFDA,PFCA,C10HF19O2,513.96719999999993,-0.2,-,0,0,0,0.99999800474166611,0,1.9952583339051124E-6,1,0,-0.99999800474166611,512.96720199525828,96485,-188.09157215550698,10,19,0.33240997229916897,70.237945145137672,9,0.90308998699194354,6.3,5.5,ISO 10390:2005,6.1429499999999999,110,0.61429500000000004,0.83644200000000002,31,8.3644200000000002E-2,Oxalate,8.6,CoHex,27,44,29,ISO 11277:2020,100,1.3,1.3000000000000001E-2,10 mM NO3,10,-,-,-,26.915348039269158,2070.4113876360889,3.3160566476931632,1.43, log Kd values reported in Table S7 at pH 5.4,,,,,,,,,
498,Campos Pereira,2023,Chemosphere, 10.1016/j.chemosphere.2023.138133,soil,Nantuna,PFDA,PFCA,C10HF19O2,513.96719999999993,-0.2,-,0,0,0,0.99999999683772234,0,3.162277650168378E-9,1,0,-0.99999999683772234,512.96720000316213,96485,-188.09194758318441,10,19,0.33240997229916897,70.237945145137672,9,0.90308998699194354,6.3,8.3000000000000007,ISO 10390:2005,2.066265,37,0.20662649999999999,0.72851399999999999,27,7.2851399999999997E-2,Oxalate,14,CoHex,80,15,4.4000000000000004,ISO 11277:2020,99.4,1.2,1.2E-2,10 mM NO3,10,-,-,-,77.624711662869217,6468.7259719057683,3.8108187539523755,1.8900000000000001, log Kd values reported in Table S7 at pH 7.3,,,,,,,,,
499,Campos Pereira,2023,Chemosphere, 10.1016/j.chemosphere.2023.138133,soil,Krusenberg,PFDA,PFCA,C10HF19O2,513.96719999999993,-0.2,-,0,0,0,0.99999800474166611,0,1.9952583339051124E-6,1,0,-0.99999800474166611,512.96720199525828,96485,-188.09157215550698,10,19,0.33240997229916897,70.237945145137672,9,0.90308998699194354,6.3,5.5,ISO 10390:2005,1.3402799999999999,24,0.13402799999999998,0.32378400000000002,12,3.2378400000000002E-2,Oxalate,2.6,CoHex,86,8,6,ISO 11277:2020,100,1.2,1.2E-2,10 mM NO3,10,-,-,-,20.183663636815627,1681.9719697346356,3.2258187539523755,1.3050000000000002, log Kd values reported in Table S7 at pH 5.5,,,,,,,,,
500,Campos Pereira,2023,Chemosphere, 10.1016/j.chemosphere.2023.138133,soil,Paskalampa E,PFDA,PFCA,C10HF19O2,513.96719999999993,-0.2,-,0,0,0,0.99998415131926011,0,1.5848680739948987E-5,1,0,-0.99998415131926011,512.96721584868078,96485,-188.08896135869293,10,19,0.33240997229916897,70.237945145137672,9,0.90308998699194354,6.3,4.5999999999999996,ISO 10390:2005,0.1396125,2.5,1.396125E-2,5.12658E-2,1.9,5.1265800000000004E-3,Oxalate,1.8,CoHex,53,40,7,ISO 11277:2020,100,1.1000000000000001,1.1000000000000001E-2,10 mM NO3,10,-,-,-,5.7543993733715713,523.12721576105184,2.7186073148417749,0.76, log Kd values reported in Table S7 at pH 5.4,,,,,,,,,
501,Campos Pereira,2023,Chemosphere, 10.1016/j.chemosphere.2023.138133,soil,Kungsangen (70-80cm),PFDA,PFCA,C10HF19O2,513.96719999999993,-0.2,-,0,0,0,0.99999984151070587,0,1.5848929412725089E-7,1,0,-0.99999984151070587,512.96720015848916,96485,-188.09191831046883,10,19,0.33240997229916897,70.237945145137672,9,0.90308998699194354,6.3,6.6,ISO 10390:2005,11.169,200,1.1169,1.3760819999999998,51,0.13760819999999999,Oxalate,16,CoHex,0.68,48,52,ISO 11277:2020,100.68,0.91,9.1000000000000004E-3,10 mM NO3,10,-,-,-,10,1098.9010989010987,3.0409586076789061,1, log Kd values reported in Table S7 at pH 6.6,,,,,,,,,
502,Campos Pereira,2023,Chemosphere, 10.1016/j.chemosphere.2023.138133,soil,Hogasa (subsoil),PFDA,PFCA,C10HF19O2,513.96719999999993,-0.2,-,0,0,0,0.99999900000099995,0,9.9999900000100006E-7,1,0,-0.99999900000099995,512.96720099999891,96485,-188.09175972070909,10,19,0.33240997229916897,70.237945145137672,9,0.90308998699194354,6.3,5.8,ISO 10390:2005,1.6753499999999999,30,0.16753499999999999,0.75549599999999995,28,7.5549599999999995E-2,Oxalate,0.77,CoHex,89,8,3,ISO 11277:2020,100,0.3,3.0000000000000001E-3,10 mM NO3,10,-,-,-,2.3988329190194908,799.61097300649692,2.9028787452803377,0.38, log Kd values reported in Table S7 at pH 6.0,,,,,,,,,
503,Campos Pereira,2023,Chemosphere, 10.1016/j.chemosphere.2023.138133,soil,Riddarhyttan,PFDA,PFCA,C10HF19O2,513.96719999999993,-0.2,-,0,0,0,0.99999683773233983,0,3.1622676601999995E-6,1,0,-0.99999683773233983,512.96720316226754,96485,-188.09135222253903,10,19,0.33240997229916897,70.237945145137672,9,0.90308998699194354,6.3,5.3,ISO 10390:2005,1.2285899999999998,22,0.12285899999999998,2.15856,80,0.21585599999999999,Oxalate,0.45,CoHex,96,3,2,ISO 11277:2020,101,0.19,1.9E-3,10 mM NO3,10,-,-,-,10.232929922807543,5385.7525909513379,3.7312463990471709,1.01, log Kd values reported in Table S7 at pH 5.6,,,,,,,,,
504,Li,2019,Science of the Total Environment, 10.1016/j.scitotenv.2018.08.209,soil,soil S1,PFDA,PFCA,C10HF19O2,513.96719999999993,-0.2,-,0,0,0,0.9999984511857799,0,1.5488142200832729E-6,1,0,-0.9999984511857799,512.96720154881416,96485,-188.09165629174916,10,19,0.33240997229916897,70.237945145137672,9,0.90308998699194354,6.3,5.61,Not reported,6.3647003569415741,113.97081846076773,0.63647003569415739,11.801765398195371,437.42644174185961,1.1801765398195372,CBD,11,Not reported,40.700000000000003,23.3,36,Not reported,100,3.82,3.8199999999999998E-2,10 mM NaN3,125,-,25.698359999999997,513.96719999999993,92.063582231332973,2410.0414196684023,3.382024506549496,1.9640878694612045,Calculated in this study at Cw = 10% S,730.4659895204112,(nmol/kg)/(nmol/L)^N,0.30049999999999999,78.758840790228717,0.8,73.650865785066387,92.063582231332973,,
505,Li,2019,Science of the Total Environment, 10.1016/j.scitotenv.2018.08.209,soil,soil S2,PFDA,PFCA,C10HF19O2,513.96719999999993,-0.2,-,0,0,0,0.99997048877867123,0,2.9511221328777069E-5,1,0,-0.99997048877867123,512.96722951122126,96485,-188.08638653534013,10,19,0.33240997229916897,70.237945145137672,9,0.90308998699194354,6.3,4.33,Not reported,2.9725248919782077,53.228129500908004,0.29725248919782077,2.3762298940761086,88.073754413495507,0.23762298940761087,CBD,19,Not reported,46.7,50,3.3,Not reported,100,0.52,5.1999999999999998E-3,10 mM NaN3,125,-,25.698359999999997,513.96719999999993,55.456542401191811,10664.719692536888,4.0279494451033768,1.7439527887381761,Calculated in this study at Cw = 10% S,395.36662006812816,(nmol/kg)/(nmol/L)^N,0.37890000000000001,48.279412835889737,0.8,44.36523392095345,55.456542401191811,,
506,Li,2019,Science of the Total Environment, 10.1016/j.scitotenv.2018.08.209,soil,soil S3,PFDA,PFCA,C10HF19O2,513.96719999999993,-0.2,-,0,0,0,0.99986512190629506,0,1.3487809370495705E-4,1,0,-0.99986512190629506,512.96733487809365,96485,-188.06652924606863,10,19,0.33240997229916897,70.237945145137672,9,0.90308998699194354,6.3,3.67,Not reported,1.056120608679316,18.911641305028493,0.1056120608679316,0.53451941938014913,19.811690859160453,5.3451941938014912E-2,CBD,6.57,Not reported,59.3,21.3,19.399999999999999,Not reported,100,0.25800000000000001,2.5800000000000003E-3,10 mM NaN3,125,-,25.698359999999997,513.96719999999993,42.132706546744231,16330.506413466754,4.2129996525360589,1.6246193584992892,Calculated in this study at Cw = 10% S,316.66495274920908,(nmol/kg)/(nmol/L)^N,0.4214,37.029446885320908,0.8,33.706165237395389,42.132706546744231,,
507,Li,2019,Science of the Total Environment, 10.1016/j.scitotenv.2018.08.209,soil,soil S4,PFDA,PFCA,C10HF19O2,513.96719999999993,-0.2,-,0,0,0,0.99998554581121912,0,1.4454188780866098E-5,1,0,-0.99998554581121912,512.96721445418871,96485,-188.08922416271128,10,19,0.33240997229916897,70.237945145137672,9,0.90308998699194354,6.3,4.6399999999999997,Not reported,4.6791038887845202,83.787337967311657,0.46791038887845204,7.7796390741467247,288.34837191055317,0.77796390741467247,CBD,19.600000000000001,Not reported,42,36.700000000000003,21.3,Not reported,100,0.92800000000000005,9.2800000000000001E-3,10 mM NaN3,125,-,25.698359999999997,513.96719999999993,64.932812890225378,6997.0703545501483,3.844916240703522,1.8124642169223839,Calculated in this study at Cw = 10% S,555.13677743521168,(nmol/kg)/(nmol/L)^N,0.35449999999999998,56.222325285860663,0.8,51.946250312180304,64.932812890225378,,
508,Li,2019,Science of the Total Environment, 10.1016/j.scitotenv.2018.08.209,soil,soil S5,PFDA,PFCA,C10HF19O2,513.96719999999993,-0.2,-,0,0,0,0.99995533363595812,0,4.4666364041902332E-5,1,0,-0.99995533363595812,512.96724466636397,96485,-188.08353041843219,10,19,0.33240997229916897,70.237945145137672,9,0.90308998699194354,6.3,4.1500000000000004,Not reported,3.9726920909261692,71.137829544742928,0.39726920909261693,5.1758415064731267,191.83993723028641,0.51758415064731267,CBD,9.76,Not reported,49.3,39.4,11.3,Not reported,99.999999999999986,2.48,2.4799999999999999E-2,10 mM NaN3,125,-,25.698359999999997,513.96719999999993,34.325008919980988,1384.072940321814,3.1411589779419504,1.5356106587681668,Calculated in this study at Cw = 10% S,436.11397139306519,(nmol/kg)/(nmol/L)^N,0.4531,30.381595178440914,0.8,27.460007135984792,34.325008919980988,,
509,Li,2019,Science of the Total Environment, 10.1016/j.scitotenv.2018.08.209,soil,soil S6,PFDA,PFCA,C10HF19O2,513.96719999999993,-0.2,-,0,0,0,0.99991872355478106,0,8.1276445218917993E-5,1,0,-0.99991872355478106,512.96728127644519,96485,-188.07663093465442,10,19,0.33240997229916897,70.237945145137672,9,0.90308998699194354,6.3,3.89,Not reported,2.0632819838436971,36.946584006512616,0.20632819838436972,0.33553001176932129,12.436249509611612,3.3553001176932128E-2,CBD,2.89,Not reported,60,16,24,Not reported,100,0.99299999999999999,9.9299999999999996E-3,10 mM NaN3,125,-,25.698359999999997,513.96719999999993,30.142062490297587,3035.4544300400389,3.4822237173833357,1.4791729658787169,Calculated in this study at Cw = 10% S,203.00185198596861,(nmol/kg)/(nmol/L)^N,0.47320000000000001,26.799134664562601,0.8,24.11364999223807,30.142062490297587,,
510,Higgins and Luthy,2007,Environmental Science and Technology,10.1021/es061000n,sediment,1,PFDA,PFCA,C10HF19O2,513.96719999999993,-0.2,-,0,0,0,0.99999993690426958,0,6.3095730466947729E-8,1,0,-0.99999993690426958,512.96720006309567,96485,-188.09193628820842,10,19,0.33240997229916897,70.237945145137672,9,0.90308998699194354,6.3,7,Non reported,18.6539,334.0299041991226,1.8653900000000001,1.1061800000000002,41,0.11061800000000002,DCB,38.6,Non reported,11,36,53,Non reported,100,2.48,2.4799999999999999E-2,"0,5 mM CaCl2",100,-,0.51396719999999996,102.79343999999999,27.35,1102.8225806451615,3.0425056498432332,1.4369573306694496,Reported Kd was interpolated in the examined study at Cw = 5 pM,,,,,,,,,
511,Higgins and Luthy,2007,Environmental Science and Technology,10.1021/es061000n,sediment,2,PFDA,PFCA,C10HF19O2,513.96719999999993,-0.2,-,0,0,0,0.99999998004737722,0,1.995262275158161E-8,1,0,-0.99999998004737722,512.96720001995254,96485,-188.09194441889906,10,19,0.33240997229916897,70.237945145137672,9,0.90308998699194354,6.3,7.5,Non reported,6.4780199999999999,116,0.64780199999999999,0.18886,7,1.8886E-2,DCB,30,Non reported,49,25,26,Non reported,100,1.02,1.0200000000000001E-2,"0,5 mM CaCl2",100,-,0.51396719999999996,102.79343999999999,3.81,373.52941176470586,2.5723248039137019,0.58092497567561929,Reported Kd was interpolated in the examined study at Cw = 5 pM,,,,,,,,,
512,Higgins and Luthy,2007,Environmental Science and Technology,10.1021/es061000n,sediment,3,PFDA,PFCA,C10HF19O2,513.96719999999993,-0.2,-,0,0,0,0.99999998415106828,0,1.5848931673422493E-8,1,0,-0.99999998415106828,512.9672000158489,96485,-188.09194519227501,10,19,0.33240997229916897,70.237945145137672,9,0.90308998699194354,6.3,7.6,Non reported,6.7578500000000004,121.01083355716717,0.67578500000000008,0.37772,14,3.7772E-2,DCB,32.1,Non reported,31,38,31,Non reported,100,4.34,4.3400000000000001E-2,"0,5 mM CaCl2",100,-,0.51396719999999996,102.79343999999999,29.05,669.35483870967744,2.825656407213839,1.4631461367263496,Reported Kd was interpolated in the examined study at Cw = 5 pM,,,,,,,,,
513,Higgins and Luthy,2007,Environmental Science and Technology,10.1021/es061000n,sediment,4,PFDA,PFCA,C10HF19O2,513.96719999999993,-0.2,-,0,0,0,0.99999974881141995,0,2.5118858005523878E-7,1,0,-0.99999974881141995,512.9672002511885,96485,-188.09190084048907,10,19,0.33240997229916897,70.237945145137672,9,0.90308998699194354,6.3,6.4,Non reported,57.270850000000003,1025.5322768376759,5.7270850000000006,4.6135799999999998,171,0.46135799999999999,DCB,32.1,Non reported,65,22,13,Non reported,100,0.56000000000000005,5.6000000000000008E-3,"0,5 mM CaCl2",100,-,0.51396719999999996,102.79343999999999,1.5,267.85714285714283,2.4279032320494807,0.17609125905568124,Reported Kd was interpolated in the examined study at Cw = 5 pM,,,,,,,,,
514,Higgins and Luthy,2007,Environmental Science and Technology,10.1021/es061000n,sediment,5,PFDA,PFCA,C10HF19O2,513.96719999999993,-0.2,-,0,0,0,0.99999874107617315,0,1.2589238269029671E-6,1,0,-0.99999874107617315,512.96720125892375,96485,-188.09171092409309,10,19,0.33240997229916897,70.237945145137672,9,0.90308998699194354,6.3,5.7,Non reported,14.9678,268.02399498612232,1.49678,2.4281999999999999,89.999999999999986,0.24281999999999998,DCB,22,Non reported,80,15,5,Non reported,100,9.66,9.6600000000000005E-2,"0,5 mM CaCl2",100,-,0.51396719999999996,102.79343999999999,78.62,813.87163561076602,2.9105559130685772,1.8955330394840704,Reported Kd was interpolated in the examined study at Cw = 5 pM,,,,,,,,,
515,Huiting Chen,2016,Chemosphere, 10.1016/j.chemosphere.2015.10.055,sediment,fresh sediment,PFDA,PFCA,C10HF19O2,513.96719999999993,-0.2,-,0,0,0,0.99999998415106828,0,1.5848931673422493E-8,1,0,-0.99999998415106828,512.9672000158489,96485,-188.09194519227501,10,19,0.33240997229916897,70.237945145137672,9,0.90308998699194354,6.3,7.6,not reported,2.8492E-2,0.51019786910197873,2.8492000000000001E-3,1.2054E-2,0.4467753891771683,1.2054000000000001E-3,not reported,15.90036666666667,KNN input,4,61,35,not reported,100,2.52,2.52E-2,1 mM NaHCO3 + 1 mM NaCl,125,-,0.5,100,95.499258602143655,3789.6531191326849,3.5785994592184562,1.9800000000000002,Reported Kd at Cw = 2.5 ppb,,,,,,,,,
516,McLachlan,2019,Chemosphere, 10.1016/j.chemosphere.2019.02.012,soil,Lower Layer,PFDA,PFCA,C10HF19O2,513.96719999999993,-0.2,-,0,0,0,0.9999964518786969,0,3.5481213031263005E-6,1,0,-0.9999964518786969,512.96720354812135,96485,-188.09127950509387,10,19,0.33240997229916897,70.237945145137672,9,0.90308998699194354,6.3,5.25,not reported,not reported,not reported,not reported,not reported,not reported,not reported,not reported,5.7023166666666656,KNN input,100,0,0,not reported,100,0.4,4.0000000000000001E-3,deionized water,200,-,1,1000,16.600000000000001,4150,3.6180480967120925,1.2201080880400552,Mean Kd value at the certain condition reported in Table S9,,,,,,,,,
517,McLachlan,2019,Chemosphere, 10.1016/j.chemosphere.2019.02.012,soil,Upper layer,PFDA,PFCA,C10HF19O2,513.96719999999993,-0.2,-,0,0,0,0.99999865103893715,0,1.3489610628932487E-6,1,0,-0.99999865103893715,512.967201348961,96485,-188.09169395579968,10,19,0.33240997229916897,70.237945145137672,9,0.90308998699194354,6.3,5.67,not reported,not reported,not reported,not reported,not reported,not reported,not reported,not reported,9.2037666666666649,KNN input,71,24,5,not reported,100,0.93,9.300000000000001E-3,deionized water,200,-,1,1000,50,5376.3440860215051,3.7304870557820835,1.6989700043360187,Mean Kd value at the certain condition reported in Table S9,,,,,,,,,
518,Gredelj,2020,Science of the Total Environment, 10.1016/j.scitotenv.2019.134766,soil,Agripolis soil,PFDA,PFCA,C10HF19O2,513.96719999999993,-0.2,-,0,0,0,0.99999999000000006,0,9.9999999000000002E-9,1,0,-0.99999999000000006,512.96720000999994,96485,-188.09194629455664,10,19,0.33240997229916897,70.237945145137672,9,0.90308998699194354,6.3,7.8,not reported,not reported,not reported,not reported,not reported,not reported,not reported,not reported,11.17476666666666,KNN input,47,38,15,not reported,100,1.43,1.43E-2,"0,01 M CaCl2 + 1 g/L NaN3",200,-,10,100,40.090000000000003,2803.4965034965039,3.4477000187854601,1.6030360562505217,Reported Kd originated from a linear isotherm,,,,,,,,,
519,Mejia-Avendaño,2021,Environmental Science and Technology, 10.1021/acs.est.9b04989,soil,ID1,PFDA,PFCA,C10HF19O2,513.96719999999993,-0.2,-,0,0,0,0.99999998221720621,0,1.7782793784161458E-8,1,0,-0.99999998221720621,512.96720001778272,96485,-188.09194482782203,10,19,0.33240997229916897,70.237945145137672,9,0.90308998699194354,6.3,7.55,1:10 deionized water,not reported,not reported,not reported,not reported,not reported,not reported,not reported,2.52,BaCl2-TEA (pH 8.2),45.3,30,24.7,Pipette,100,3.4,3.4000000000000002E-2,50 mM CaCl2 + 0.2 g/L NaN3,100,-,2.5698359999999996,2569.8359999999993,10.4788,308.2,2.4888326343824003,1.0203115514246557,Calculated in this study from reported Koc at Cw = 10 nM,,,,,,,,,
520,Mejia-Avendaño,2021,Environmental Science and Technology, 10.1021/acs.est.9b04989,soil,ID2,PFDA,PFCA,C10HF19O2,513.96719999999993,-0.2,-,0,0,0,0.99999999610954859,0,3.8904514348071882E-9,1,0,-0.99999999610954859,512.96720000389041,96485,-188.09194744595374,10,19,0.33240997229916897,70.237945145137672,9,0.90308998699194354,6.3,8.2100000000000009,1:10 deionized water,not reported,not reported,not reported,not reported,not reported,not reported,not reported,11.4,BaCl2-TEA (pH 8.2),28.7,40,31.3,Pipette,100,1.7,1.7000000000000001E-2,50 mM CaCl2 + 0.2 g/L NaN3,100,-,2.5698359999999996,2569.8359999999993,3.6006000000000005,211.8,2.3259259557714662,0.55637487714974021,Calculated in this study from reported Koc at Cw = 10 nM,,,,,,,,,
521,Mejia-Avendaño,2021,Environmental Science and Technology, 10.1021/acs.est.9b04989,soil,ID3,PFDA,PFCA,C10HF19O2,513.96719999999993,-0.2,-,0,0,0,0.99999983017566363,0,1.698243364058638E-7,1,0,-0.99999983017566363,512.96720016982431,96485,-188.09191617428235,10,19,0.33240997229916897,70.237945145137672,9,0.90308998699194354,6.3,6.57,1:10 deionized water,not reported,not reported,not reported,not reported,not reported,not reported,not reported,9.93,BaCl2-TEA (pH 8.2),20,50,30,Pipette,100,2.9,2.8999999999999998E-2,50 mM CaCl2 + 0.2 g/L NaN3,100,-,2.5698359999999996,2569.8359999999993,16.5764,571.6,2.7570922201189325,1.2194902180178886,Calculated in this study from reported Koc at Cw = 10 nM,,,,,,,,,
522,Mejia-Avendaño,2021,Environmental Science and Technology, 10.1021/acs.est.9b04989,soil,ID4,PFDA,PFCA,C10HF19O2,513.96719999999993,-0.2,-,0,0,0,0.99998004777494953,0,1.9952225050461341E-5,1,0,-0.99998004777494953,512.96721995222492,96485,-188.08818801043842,10,19,0.33240997229916897,70.237945145137672,9,0.90308998699194354,6.3,4.5,1:10 deionized water,not reported,not reported,not reported,not reported,not reported,not reported,not reported,11.497016666666671,KNN input,51.2,36.200000000000003,12.6,Pipette,100,7.3,7.2999999999999995E-2,50 mM CaCl2 + 0.2 g/L NaN3,100,-,2.5698359999999996,2569.8359999999993,50.888300000000001,697.1,2.8432950827365073,1.706617942856963,Calculated in this study from reported Koc at Cw = 10 nM,,,,,,,,,
523,Mejia-Avendaño,2021,Environmental Science and Technology, 10.1021/acs.est.9b04989,soil,ID5,PFDA,PFCA,C10HF19O2,513.96719999999993,-0.2,-,0,0,0,0.999995533184031,0,4.4668159689755961E-6,1,0,-0.999995533184031,512.96720446681593,96485,-188.09110636916529,10,19,0.33240997229916897,70.237945145137672,9,0.90308998699194354,6.3,5.15,1:10 deionized water,not reported,not reported,not reported,not reported,not reported,not reported,not reported,0.57999999999999996,BaCl2-TEA (pH 8.2),59.2,32.200000000000003,8.6,Pipette,100,1.8,1.8000000000000002E-2,50 mM CaCl2 + 0.2 g/L NaN3,100,-,2.5698359999999996,2569.8359999999993,9.1098000000000017,506.1,2.7042363373087879,0.95950884241209378,Calculated in this study from reported Koc at Cw = 10 nM,,,,,,,,,
524,Chao Yin,2022,Environmental Pollution, 10.1016/j.envpol.2022.118957,sediment,sediment,PFDA,PFCA,C10HF19O2,513.96719999999993,-0.2,-,0,0,0,0.9999999939744042,0,6.0255958244357746E-9,1,0,-0.9999999939744042,512.96720000602556,96485,-188.09194704356736,10,19,0.33240997229916897,70.237945145137672,9,0.90308998699194354,6.3,8.02,not reported,not reported,not reported,not reported,not reported,not reported,not reported,not reported,11.934691666666669,KNN input,6.34,85.56,8.08,not reported,99.98,0.37,3.7000000000000002E-3,0psu,50,-,10,-,15.992105138697276,4322.1905780262905,3.6357039122835584,1.2039056363505536,Calculated in this study at Cw = 10% S,15.26,(ng/g)/(ng/mL)^N,0.79,15.26,0.8,12.793684110957821,15.992105138697276,,
525,Wang,2022,Chemosphere, 10.1016/j.chemosphere.2021.133224,soil,Aubbeenaubbee-Capac,PFDA,PFCA,C10HF19O2,513.96719999999993,-0.2,-,0,0,0,0.99999849893552062,0,1.50106447937241E-6,1,0,-0.99999849893552062,512.96720150106444,96485,-188.09166529059948,10,19,0.33240997229916897,70.237945145137672,9,0.90308998699194354,6.3,5.6236000000000006,KNN input,not reported,not reported,not reported,not reported,not reported,not reported,not reported,17.2,not reported,44.8,27,28.2,not reported,100,4,0.04,10 mM CaCl2,25,-,0,100,61.6,1540,3.1875207208364631,1.7895807121644254,Kd value reported for Ca-saturated soil,,,,,,,,,
526,Wang,2022,Chemosphere, 10.1016/j.chemosphere.2021.133224,soil,Colwood-Brookston,PFDA,PFCA,C10HF19O2,513.96719999999993,-0.2,-,0,0,0,0.9999982333959051,0,1.7666040948916728E-6,1,0,-0.9999982333959051,512.96720176660403,96485,-188.09161524736962,10,19,0.33240997229916897,70.237945145137672,9,0.90308998699194354,6.3,5.5528600000000008,KNN input,not reported,not reported,not reported,not reported,not reported,not reported,not reported,12.2,not reported,41.8,30,28.2,not reported,100,2,0.02,10 mM CaCl2,25,-,0,100,44.7,2235,3.3492775274679554,1.6503075231319364,Kd value reported for Ca-saturated soil,,,,,,,,,
527,Wang,2022,Chemosphere, 10.1016/j.chemosphere.2021.133224,soil,Riddles-Hillsdale,PFDA,PFCA,C10HF19O2,513.96719999999993,-0.2,-,0,0,0,0.99999774680374132,0,2.2531962587246622E-6,1,0,-0.99999774680374132,512.96720225319621,96485,-188.09152354488137,10,19,0.33240997229916897,70.237945145137672,9,0.90308998699194354,6.3,5.4471999999999996,KNN input,not reported,not reported,not reported,not reported,not reported,not reported,not reported,7.3,not reported,48.9,26.9,24.2,not reported,100,2.2000000000000002,2.2000000000000002E-2,10 mM CaCl2,25,-,0,100,37.799999999999997,1718.1818181818178,3.2350691190150189,1.5774917998372253,Kd value reported for Ca-saturated soil,,,,,,,,,
528,Nguyen,2020,Environmental Science and Technology, 10.1021/acs.est.0c05705,soil,S1,PFDA,PFCA,C10HF19O2,513.96719999999993,-0.2,-,0,0,0,0.99999998004737722,0,1.995262275158161E-8,1,0,-0.99999998004737722,512.96720001995254,96485,-188.09194441889906,10,19,0.33240997229916897,70.237945145137672,9,0.90308998699194354,6.3,7.5,1:10 CaCl2,not reported,not reported,not reported,not reported,not reported,not reported,not reported,41.4,not reported,16.899999999999999,17.5,65.599999999999994,not reported,100,0.7,6.9999999999999993E-3,10 mM CaCl2,100,-,5,-,9.5299999999999994,1361.4285714285716,3.1339948606240697,0.97909290063832632,Reported Kd originated from a single spiked concentration,,,,,,,,,
529,Nguyen,2020,Environmental Science and Technology, 10.1021/acs.est.0c05705,soil,S2,PFDA,PFCA,C10HF19O2,513.96719999999993,-0.2,-,0,0,0,0.99999990000001004,0,9.9999990000001005E-8,1,0,-0.99999990000001004,512.9672000999999,96485,-188.09192933328251,10,19,0.33240997229916897,70.237945145137672,9,0.90308998699194354,6.3,6.8,1:10 CaCl2,not reported,not reported,not reported,not reported,not reported,not reported,not reported,7.1,not reported,48.9,27,24.2,not reported,100.10000000000001,0.37,3.7000000000000002E-3,10 mM CaCl2,100,-,5,-,0.86,232.43243243243242,2.3662967271765729,-6.5501548756432285E-2,Reported Kd originated from a single spiked concentration,,,,,,,,,
530,Nguyen,2020,Environmental Science and Technology, 10.1021/acs.est.0c05705,soil,S3,PFDA,PFCA,C10HF19O2,513.96719999999993,-0.2,-,0,0,0,0.99999960189298798,0,3.9810701206424001E-7,1,0,-0.99999960189298798,512.96720039810691,96485,-188.09187315244381,10,19,0.33240997229916897,70.237945145137672,9,0.90308998699194354,6.3,6.2,1:10 CaCl2,not reported,not reported,not reported,not reported,not reported,not reported,not reported,8,not reported,51.44,10.17,38.380000000000003,not reported,99.990000000000009,0.08,8.0000000000000004E-4,10 mM CaCl2,100,-,5,-,16.87,21087.5,4.3240250955971815,1.2271150825891253,Reported Kd originated from a single spiked concentration,,,,,,,,,
531,Nguyen,2020,Environmental Science and Technology, 10.1021/acs.est.0c05705,soil,S4,PFDA,PFCA,C10HF19O2,513.96719999999993,-0.2,-,0,0,0,0.99999998741074603,0,1.258925395945232E-8,1,0,-0.99999998741074603,512.96720001258916,96485,-188.09194580658942,10,19,0.33240997229916897,70.237945145137672,9,0.90308998699194354,6.3,7.7,1:10 CaCl2,not reported,not reported,not reported,not reported,not reported,not reported,not reported,4.8,not reported,46,37,17,not reported,100,0.25,2.5000000000000001E-3,10 mM CaCl2,100,-,5,-,12.3,4920,3.6919651027673601,1.0899051114393981,Reported Kd originated from a single spiked concentration,,,,,,,,,
532,Nguyen,2020,Environmental Science and Technology, 10.1021/acs.est.0c05705,soil,S5,PFDA,PFCA,C10HF19O2,513.96719999999993,-0.2,-,0,0,0,0.99999997488113634,0,2.5118863684138424E-8,1,0,-0.99999997488113634,512.96720002511881,96485,-188.0919434452764,10,19,0.33240997229916897,70.237945145137672,9,0.90308998699194354,6.3,7.4,1:10 CaCl2,not reported,not reported,not reported,not reported,not reported,not reported,not reported,29.6,not reported,39.799999999999997,7.7,52.5,not reported,100,2.23,2.23E-2,10 mM CaCl2,100,-,5,-,8.52,382.06278026905829,2.5821347317185395,0.93043959476670013,Reported Kd originated from a single spiked concentration,,,,,,,,,
533,Nguyen,2020,Environmental Science and Technology, 10.1021/acs.est.0c05705,soil,S6,PFDA,PFCA,C10HF19O2,513.96719999999993,-0.2,-,0,0,0,0.99999998741074603,0,1.258925395945232E-8,1,0,-0.99999998741074603,512.96720001258916,96485,-188.09194580658942,10,19,0.33240997229916897,70.237945145137672,9,0.90308998699194354,6.3,7.7,1:10 CaCl2,not reported,not reported,not reported,not reported,not reported,not reported,not reported,21.63,not reported,70,11,19,not reported,100,4.9000000000000004,4.9000000000000002E-2,10 mM CaCl2,100,-,5,-,45.75,933.67346938775506,2.9701950183739534,1.660391098402467,Reported Kd originated from a single spiked concentration,,,,,,,,,
534,Nguyen,2020,Environmental Science and Technology, 10.1021/acs.est.0c05705,soil,S7,PFDA,PFCA,C10HF19O2,513.96719999999993,-0.2,-,0,0,0,0.99999998741074603,0,1.258925395945232E-8,1,0,-0.99999998741074603,512.96720001258916,96485,-188.09194580658942,10,19,0.33240997229916897,70.237945145137672,9,0.90308998699194354,6.3,7.7,1:10 CaCl2,not reported,not reported,not reported,not reported,not reported,not reported,not reported,7.8,not reported,48.9,32.6,18.5,not reported,100,0.13,1.2999999999999999E-3,10 mM CaCl2,100,-,5,-,7.96,6123.0769230769238,3.7869697154308324,0.90091306773766899,Reported Kd originated from a single spiked concentration,,,,,,,,,
535,Nguyen,2020,Environmental Science and Technology, 10.1021/acs.est.0c05705,soil,S8,PFDA,PFCA,C10HF19O2,513.96719999999993,-0.2,-,0,0,0,0.99999998004737722,0,1.995262275158161E-8,1,0,-0.99999998004737722,512.96720001995254,96485,-188.09194441889906,10,19,0.33240997229916897,70.237945145137672,9,0.90308998699194354,6.3,7.5,1:10 CaCl2,not reported,not reported,not reported,not reported,not reported,not reported,not reported,2.2799999999999998,not reported,93,1,5,not reported,99,0.4,4.0000000000000001E-3,10 mM CaCl2,100,-,5,-,7.53,1882.5,3.2747349848727381,0.87679497620070057,Reported Kd originated from a single spiked concentration,,,,,,,,,
536,Nguyen,2020,Environmental Science and Technology, 10.1021/acs.est.0c05705,soil,S9,PFDA,PFCA,C10HF19O2,513.96719999999993,-0.2,-,0,0,0,0.99999994988127916,0,5.011872085084086E-8,1,0,-0.99999994988127916,512.96720005011866,96485,-188.09193873383776,10,19,0.33240997229916897,70.237945145137672,9,0.90308998699194354,6.3,7.1,1:10 CaCl2,not reported,not reported,not reported,not reported,not reported,not reported,not reported,17.420000000000002,not reported,48.86,16.05,35.090000000000003,not reported,100,1.19,1.1899999999999999E-2,10 mM CaCl2,100,-,5,-,25.34,2129.4117647058824,3.3282596491548917,1.4038066105474225,Reported Kd originated from a single spiked concentration,,,,,,,,,
537,Nguyen,2020,Environmental Science and Technology, 10.1021/acs.est.0c05705,soil,S10,PFDA,PFCA,C10HF19O2,513.96719999999993,-0.2,-,0,0,0,0.99999974881141995,0,2.5118858005523878E-7,1,0,-0.99999974881141995,512.9672002511885,96485,-188.09190084048907,10,19,0.33240997229916897,70.237945145137672,9,0.90308998699194354,6.3,6.4,1:10 CaCl2,not reported,not reported,not reported,not reported,not reported,not reported,not reported,16.54,not reported,29.38,13.9,56.71,not reported,99.990000000000009,0.17,1.7000000000000001E-3,10 mM CaCl2,100,-,5,-,11.46,6741.1764705882351,3.8287356962530974,1.0591846176313713,Reported Kd originated from a single spiked concentration,,,,,,,,,
538,Guelfo,2013,Environmental Science and Technology, 10.1021/es3048043,soil,Loamy sand A,PFUnA,PFCA,C11HF21O2,563.96399999999994,-0.2,-,0,0,0,0.99999999000000006,0,9.9999999000000002E-9,1,0,-0.99999999000000006,562.96400000999995,96485,-171.38751151660878,11,21,0.33082706766917291,70.749196757239829,10,8.6001717619175692E-3,6.9,7.8,not reported,6.14,0.61399999999999999,0.61399999999999999,1.67,0.16699999999999998,0.16699999999999998,CBD,6.4956666666666676,KNN input,33,42,25,not reported,100,1.7,1.7000000000000001E-2,AGW + 1g/L NaN3,375,-,0.5,1000,36.409999999999997,2141.7647058823527,3.3307717575556697,1.5612206789339438,Reported Kd was interpolated in the examined study at Cw = 5 pM,,,,,,,,,
539,Campos Pereira,2023,Chemosphere, 10.1016/j.chemosphere.2023.138133,soil,Kungsangen (0-10cm),PFUnA,PFCA,C11HF21O2,563.96399999999994,-0.2,-,0,0,0,0.9999992056723962,0,7.9432760376743655E-7,1,0,-0.9999992056723962,562.9640007943276,96485,-171.38737685387238,11,21,0.33082706766917291,70.749196757239829,10,8.6001717619175692E-3,6.9,5.9,ISO 10390:2005,10.052100000000001,180,1.0052100000000002,1.3491,50,0.13491,Oxalate,20,CoHex,4.2,53,43,ISO 11277:2020,100.2,3.1,3.1E-2,10 mM NO3,10,-,-,-,125.89254117941677,4061.049715465057,3.6086383061657274,2.1, log Kd values reported in Table S7 at pH 5.6,,,,,,,,,
540,Campos Pereira,2023,Chemosphere, 10.1016/j.chemosphere.2023.138133,soil,Paskalampa Bs,PFUnA,PFCA,C11HF21O2,563.96399999999994,-0.2,-,0,0,0,0.99999800474166611,0,1.9952583339051124E-6,1,0,-0.99999800474166611,562.96400199525829,96485,-171.38717066373337,11,21,0.33082706766917291,70.749196757239829,10,8.6001717619175692E-3,6.9,5.5,ISO 10390:2005,7.2598499999999992,130,0.72598499999999988,13.491,500,1.3491,Oxalate,1,CoHex,54,42,4,ISO 11277:2020,100,2.2000000000000002,2.2000000000000002E-2,10 mM NO3,10,-,-,-,134.89628825916537,6131.6494663256981,3.7875773191777937,2.13, log Kd values reported in Table S7 at pH 5.7,,,,,,,,,
541,Campos Pereira,2023,Chemosphere, 10.1016/j.chemosphere.2023.138133,soil,Fors,PFUnA,PFCA,C11HF21O2,563.96399999999994,-0.2,-,0,0,0,0.99999999601892831,0,3.9810716896860486E-9,1,0,-0.99999999601892831,562.96400000398103,96485,-171.38751255001029,11,21,0.33082706766917291,70.749196757239829,10,8.6001717619175692E-3,6.9,8.1999999999999993,ISO 10390:2005,1.89873,34,0.18987300000000001,0.75549599999999995,28,7.5549599999999995E-2,Oxalate,15,CoHex,27,56,16,ISO 11277:2020,99,1.6,1.6E-2,10 mM NO3,10,-,-,-,28.183829312644548,1761.4893320402841,3.2458800173440752,1.45, log Kd values reported in Table S7 at pH 8.3,,,,,,,,,
542,Campos Pereira,2023,Chemosphere, 10.1016/j.chemosphere.2023.138133,soil,Arboga (field-contaminated),PFUnA,PFCA,C11HF21O2,563.96399999999994,-0.2,-,0,0,0,0.99999800474166611,0,1.9952583339051124E-6,1,0,-0.99999800474166611,562.96400199525829,96485,-171.38717066373337,11,21,0.33082706766917291,70.749196757239829,10,8.6001717619175692E-3,6.9,5.5,ISO 10390:2005,6.1429499999999999,110,0.61429500000000004,0.83644200000000002,31,8.3644200000000002E-2,Oxalate,8.6,CoHex,27,44,29,ISO 11277:2020,100,1.3,1.3000000000000001E-2,10 mM NO3,10,-,-,-,71.614341021290201,5508.7954631761686,3.741056647693163,1.855, log Kd values reported in Table S7 at pH 5.4,,,,,,,,,
543,Campos Pereira,2023,Chemosphere, 10.1016/j.chemosphere.2023.138133,soil,Nantuna,PFUnA,PFCA,C11HF21O2,563.96399999999994,-0.2,-,0,0,0,0.99999999683772234,0,3.162277650168378E-9,1,0,-0.99999999683772234,562.96400000316225,96485,-171.38751269059065,11,21,0.33082706766917291,70.749196757239829,10,8.6001717619175692E-3,6.9,8.3000000000000007,ISO 10390:2005,2.066265,37,0.20662649999999999,0.72851399999999999,27,7.2851399999999997E-2,Oxalate,14,CoHex,80,15,4.4000000000000004,ISO 11277:2020,99.4,1.2,1.2E-2,10 mM NO3,10,-,-,-,213.79620895022339,17816.350745851949,4.2508187539523759,2.33, log Kd values reported in Table S7 at pH 7.3,,,,,,,,,
544,Campos Pereira,2023,Chemosphere, 10.1016/j.chemosphere.2023.138133,soil,Krusenberg,PFUnA,PFCA,C11HF21O2,563.96399999999994,-0.2,-,0,0,0,0.99999800474166611,0,1.9952583339051124E-6,1,0,-0.99999800474166611,562.96400199525829,96485,-171.38717066373337,11,21,0.33082706766917291,70.749196757239829,10,8.6001717619175692E-3,6.9,5.5,ISO 10390:2005,1.3402799999999999,24,0.13402799999999998,0.32378400000000002,12,3.2378400000000002E-2,Oxalate,2.6,CoHex,86,8,6,ISO 11277:2020,100,1.2,1.2E-2,10 mM NO3,10,-,-,-,43.651583224016612,3637.6319353347176,3.5608187539523755,1.64, log Kd values reported in Table S7 at pH 5.5,,,,,,,,,
545,Campos Pereira,2023,Chemosphere, 10.1016/j.chemosphere.2023.138133,soil,Paskalampa E,PFUnA,PFCA,C11HF21O2,563.96399999999994,-0.2,-,0,0,0,0.99998415131926011,0,1.5848680739948987E-5,1,0,-0.99998415131926011,562.96401584868067,96485,-171.38479214268759,11,21,0.33082706766917291,70.749196757239829,10,8.6001717619175692E-3,6.9,4.5999999999999996,ISO 10390:2005,0.1396125,2.5,1.396125E-2,5.12658E-2,1.9,5.1265800000000004E-3,Oxalate,1.8,CoHex,53,40,7,ISO 11277:2020,100,1.1000000000000001,1.1000000000000001E-2,10 mM NO3,10,-,-,-,21.877616239495538,1988.8742035905032,3.2986073148417749,1.34, log Kd values reported in Table S7 at pH 5.4,,,,,,,,,
546,Campos Pereira,2023,Chemosphere, 10.1016/j.chemosphere.2023.138133,soil,Kungsangen (70-80cm),PFUnA,PFCA,C11HF21O2,563.96399999999994,-0.2,-,0,0,0,0.99999984151070587,0,1.5848929412725089E-7,1,0,-0.99999984151070587,562.96400015848928,96485,-171.38748602219215,11,21,0.33082706766917291,70.749196757239829,10,8.6001717619175692E-3,6.9,6.6,ISO 10390:2005,11.169,200,1.1169,1.3760819999999998,51,0.13760819999999999,Oxalate,16,CoHex,0.68,48,52,ISO 11277:2020,100.68,0.91,9.1000000000000004E-3,10 mM NO3,10,-,-,-,25.118864315095799,2760.314759900637,3.4409586076789065,1.4, log Kd values reported in Table S7 at pH 6.6,,,,,,,,,
547,Campos Pereira,2023,Chemosphere, 10.1016/j.chemosphere.2023.138133,soil,Hogasa (subsoil),PFUnA,PFCA,C11HF21O2,563.96399999999994,-0.2,-,0,0,0,0.99999900000099995,0,9.9999900000100006E-7,1,0,-0.99999900000099995,562.96400099999892,96485,-171.38734154174927,11,21,0.33082706766917291,70.749196757239829,10,8.6001717619175692E-3,6.9,5.8,ISO 10390:2005,1.6753499999999999,30,0.16753499999999999,0.75549599999999995,28,7.5549599999999995E-2,Oxalate,0.77,CoHex,89,8,3,ISO 11277:2020,100,0.3,3.0000000000000001E-3,10 mM NO3,10,-,-,-,16.982436524617448,5660.8121748724825,3.7528787452803378,1.23, log Kd values reported in Table S7 at pH 6.0,,,,,,,,,
548,Campos Pereira,2023,Chemosphere, 10.1016/j.chemosphere.2023.138133,soil,Riddarhyttan,PFUnA,PFCA,C11HF21O2,563.96399999999994,-0.2,-,0,0,0,0.99999683773233983,0,3.1622676601999995E-6,1,0,-0.99999683773233983,562.96400316226766,96485,-171.3869702976271,11,21,0.33082706766917291,70.749196757239829,10,8.6001717619175692E-3,6.9,5.3,ISO 10390:2005,1.2285899999999998,22,0.12285899999999998,2.15856,80,0.21585599999999999,Oxalate,0.45,CoHex,96,3,2,ISO 11277:2020,101,0.19,1.9E-3,10 mM NO3,10,-,-,-,66.069344800759623,34773.339368820853,4.5412463990471714,1.82, log Kd values reported in Table S7 at pH 5.6,,,,,,,,,
549,Higgins and Luthy,2007,Environmental Science and Technology,10.1021/es061000n,sediment,1,PFUnA,PFCA,C11HF21O2,563.96399999999994,-0.2,-,0,0,0,0.99999993690426958,0,6.3095730466947729E-8,1,0,-0.99999993690426958,562.96400006309568,96485,-171.38750240049922,11,21,0.33082706766917291,70.749196757239829,10,8.6001717619175692E-3,6.9,7,Non reported,18.6539,334.0299041991226,1.8653900000000001,1.1061800000000002,41,0.11061800000000002,DCB,38.6,Non reported,11,36,53,Non reported,100,2.48,2.4799999999999999E-2,"0,5 mM CaCl2",100,-,0.56396399999999991,112.79279999999999,91.36,3683.8709677419356,3.5663044100755568,1.9607560909017727,Reported Kd was interpolated in the examined study at Cw = 5 pM,,,,,,,,,
550,Higgins and Luthy,2007,Environmental Science and Technology,10.1021/es061000n,sediment,2,PFUnA,PFCA,C11HF21O2,563.96399999999994,-0.2,-,0,0,0,0.99999998004737722,0,1.995262275158161E-8,1,0,-0.99999998004737722,562.96400001995255,96485,-171.38750980782356,11,21,0.33082706766917291,70.749196757239829,10,8.6001717619175692E-3,6.9,7.5,Non reported,6.4780199999999999,116,0.64780199999999999,0.18886,7,1.8886E-2,DCB,30,Non reported,49,25,26,Non reported,100,1.02,1.0200000000000001E-2,"0,5 mM CaCl2",100,-,0.56396399999999991,112.79279999999999,13.31,1304.9019607843136,3.1155778837127577,1.1241780554746752,Reported Kd was interpolated in the examined study at Cw = 5 pM,,,,,,,,,
551,Higgins and Luthy,2007,Environmental Science and Technology,10.1021/es061000n,sediment,3,PFUnA,PFCA,C11HF21O2,563.96399999999994,-0.2,-,0,0,0,0.99999998415106828,0,1.5848931673422493E-8,1,0,-0.99999998415106828,562.9640000158488,96485,-171.3875105123943,11,21,0.33082706766917291,70.749196757239829,10,8.6001717619175692E-3,6.9,7.6,Non reported,6.7578500000000004,121.01083355716717,0.67578500000000008,0.37772,14,3.7772E-2,DCB,32.1,Non reported,31,38,31,Non reported,100,4.34,4.3400000000000001E-2,"0,5 mM CaCl2",100,-,0.56396399999999991,112.79279999999999,101.59,2340.7834101382487,3.3693612308117613,2.0068509603242721,Reported Kd was interpolated in the examined study at Cw = 5 pM,,,,,,,,,
552,Higgins and Luthy,2007,Environmental Science and Technology,10.1021/es061000n,sediment,4,PFUnA,PFCA,C11HF21O2,563.96399999999994,-0.2,-,0,0,0,0.99999974881141995,0,2.5118858005523878E-7,1,0,-0.99999974881141995,562.96400025118851,96485,-171.38747010647091,11,21,0.33082706766917291,70.749196757239829,10,8.6001717619175692E-3,6.9,6.4,Non reported,57.270850000000003,1025.5322768376759,5.7270850000000006,4.6135799999999998,171,0.46135799999999999,DCB,32.1,Non reported,65,22,13,Non reported,100,0.56000000000000005,5.6000000000000008E-3,"0,5 mM CaCl2",100,-,0.56396399999999991,112.79279999999999,5.47,976.78571428571411,2.9897992993272302,0.73798732633343078,Reported Kd was interpolated in the examined study at Cw = 5 pM,,,,,,,,,
553,Higgins and Luthy,2007,Environmental Science and Technology,10.1021/es061000n,sediment,5,PFUnA,PFCA,C11HF21O2,563.96399999999994,-0.2,-,0,0,0,0.99999874107617315,0,1.2589238269029671E-6,1,0,-0.99999874107617315,562.96400125892376,96485,-171.38729708644075,11,21,0.33082706766917291,70.749196757239829,10,8.6001717619175692E-3,6.9,5.7,Non reported,14.9678,268.02399498612232,1.49678,2.4281999999999999,89.999999999999986,0.24281999999999998,DCB,22,Non reported,80,15,5,Non reported,100,9.66,9.6600000000000005E-2,"0,5 mM CaCl2",100,-,0.56396399999999991,112.79279999999999,276.89,2866.3561076604551,3.4573301448835601,2.442307271299053,Reported Kd was interpolated in the examined study at Cw = 5 pM,,,,,,,,,
554,McLachlan,2019,Chemosphere, 10.1016/j.chemosphere.2019.02.012,soil,Lower Layer,PFUnA,PFCA,C11HF21O2,563.96399999999994,-0.2,-,0,0,0,0.9999964518786969,0,3.5481213031263005E-6,1,0,-0.9999964518786969,562.96400354812124,96485,-171.38690404966312,11,21,0.33082706766917291,70.749196757239829,10,8.6001717619175692E-3,6.9,5.25,not reported,not reported,not reported,not reported,not reported,not reported,not reported,not reported,5.7023166666666656,KNN input,100,0,0,not reported,100,0.4,4.0000000000000001E-3,deionized water,200,-,1,1000,84,21000,4.3222192947339195,1.9242792860618816,Mean Kd value at the certain condition reported in Table S9,,,,,,,,,
555,McLachlan,2019,Chemosphere, 10.1016/j.chemosphere.2019.02.012,soil,Upper layer,PFUnA,PFCA,C11HF21O2,563.96399999999994,-0.2,-,0,0,0,0.99999865103893715,0,1.3489610628932487E-6,1,0,-0.99999865103893715,562.96400134896112,96485,-171.38728162777207,11,21,0.33082706766917291,70.749196757239829,10,8.6001717619175692E-3,6.9,5.67,not reported,not reported,not reported,not reported,not reported,not reported,not reported,not reported,9.2037666666666649,KNN input,71,24,5,not reported,100,0.93,9.300000000000001E-3,deionized water,200,-,1,1000,109,11720.430107526881,4.0689435493866881,2.0374264979406238,Mean Kd value at the certain condition reported in Table S9,,,,,,,,,
556,Campos-Pereira,2022,Chemosphere, 10.1016/j.chemosphere.2022.134167,soil,Peat Oi,PFUnA,PFCA,C11HF21O2,563.96399999999994,-0.2,-,0,0,0,0.99984153579563773,0,1.5846420436223696E-4,1,0,-0.99984153579563773,562.96415846420427,96485,-171.360306212773,11,21,0.33082706766917291,70.749196757239829,10,8.6001717619175692E-3,6.9,3.6,deionized water 40g/L,0.37974599999999997,6.8,3.7974599999999997E-2,0.107928,1.932634971796938,1.07928E-2,OA,14.768748,KNN input,37.396533331999997,37.430266667999987,24.989000000000001,KNN input,99.815799999999996,44.9,0.44900000000000001,10 mM  NaNO3,25,-,6.7675679999999989,-,1127.8370077478019,2511.8864315095811,3.4000000000000004,3.0522463410033231, Kd is derived in this study from reported Koc at the Ca / pH 3 condition (Table S8),,,,,,,,,
559,Chao Yin,2022,Environmental Pollution, 10.1016/j.envpol.2022.118957,sediment,sediment,PFUnA,PFCA,C11HF21O2,563.96399999999994,-0.2,-,0,0,0,0.9999999939744042,0,6.0255958244357746E-9,1,0,-0.9999999939744042,562.96400000602557,96485,-171.38751219898197,11,21,0.33082706766917291,70.749196757239829,10,8.6001717619175692E-3,6.9,8.02,not reported,not reported,not reported,not reported,not reported,not reported,not reported,not reported,11.934691666666669,KNN input,6.34,85.56,8.08,not reported,99.98,0.37,3.7000000000000002E-3,0psu,50,-,10,-,91.557961004249648,24745.394866013416,4.393494388305287,1.961696112372282,Calculated in this study at Cw = 10% S,55.41,(ng/g)/(ng/mL)^N,0.78,55.41,0.10200000000000001,9.3389120224334654,91.557961004249648,,
560,Nguyen,2020,Environmental Science and Technology, 10.1021/acs.est.0c05705,soil,S1,PFUnA,PFCA,C11HF21O2,563.96399999999994,-0.2,-,0,0,0,0.99999998004737722,0,1.995262275158161E-8,1,0,-0.99999998004737722,562.96400001995255,96485,-171.38750980782356,11,21,0.33082706766917291,70.749196757239829,10,8.6001717619175692E-3,6.9,7.5,1:10 CaCl2,not reported,not reported,not reported,not reported,not reported,not reported,not reported,41.4,not reported,16.899999999999999,17.5,65.599999999999994,not reported,100,0.7,6.9999999999999993E-3,10 mM CaCl2,100,-,5,-,19.059999999999999,2722.8571428571431,3.435024856288051,1.2801228963023075,Reported Kd originated from a single spiked concentration,,,,,,,,,
561,Nguyen,2020,Environmental Science and Technology, 10.1021/acs.est.0c05705,soil,S2,PFUnA,PFCA,C11HF21O2,563.96399999999994,-0.2,-,0,0,0,0.99999990000001004,0,9.9999990000001005E-8,1,0,-0.99999990000001004,562.96400010000002,96485,-171.38749606433487,11,21,0.33082706766917291,70.749196757239829,10,8.6001717619175692E-3,6.9,6.8,1:10 CaCl2,not reported,not reported,not reported,not reported,not reported,not reported,not reported,7.1,not reported,48.9,27,24.2,not reported,100.10000000000001,0.37,3.7000000000000002E-3,10 mM CaCl2,100,-,5,-,32.619999999999997,8816.2162162162149,3.9452822326372621,1.5134839567042571,Reported Kd originated from a single spiked concentration,,,,,,,,,
562,Nguyen,2020,Environmental Science and Technology, 10.1021/acs.est.0c05705,soil,S3,PFUnA,PFCA,C11HF21O2,563.96399999999994,-0.2,-,0,0,0,0.99999960189298798,0,3.9810701206424001E-7,1,0,-0.99999960189298798,562.96400039810692,96485,-171.38744488175871,11,21,0.33082706766917291,70.749196757239829,10,8.6001717619175692E-3,6.9,6.2,1:10 CaCl2,not reported,not reported,not reported,not reported,not reported,not reported,not reported,8,not reported,51.44,10.17,38.380000000000003,not reported,99.990000000000009,0.08,8.0000000000000004E-4,10 mM CaCl2,100,-,5,-,24.15,30187.499999999996,4.4798271480955876,1.3829171350875309,Reported Kd originated from a single spiked concentration,,,,,,,,,
563,Nguyen,2020,Environmental Science and Technology, 10.1021/acs.est.0c05705,soil,S4,PFUnA,PFCA,C11HF21O2,563.96399999999994,-0.2,-,0,0,0,0.99999998741074603,0,1.258925395945232E-8,1,0,-0.99999998741074603,562.96400001258917,96485,-171.38751107205471,11,21,0.33082706766917291,70.749196757239829,10,8.6001717619175692E-3,6.9,7.7,1:10 CaCl2,not reported,not reported,not reported,not reported,not reported,not reported,not reported,4.8,not reported,46,37,17,not reported,100,0.25,2.5000000000000001E-3,10 mM CaCl2,100,-,5,-,31.01,12404,4.0935617575652889,1.4915017662373264,Reported Kd originated from a single spiked concentration,,,,,,,,,
564,Nguyen,2020,Environmental Science and Technology, 10.1021/acs.est.0c05705,soil,S5,PFUnA,PFCA,C11HF21O2,563.96399999999994,-0.2,-,0,0,0,0.99999997488113634,0,2.5118863684138424E-8,1,0,-0.99999997488113634,562.96400002511882,96485,-171.38750892082155,11,21,0.33082706766917291,70.749196757239829,10,8.6001717619175692E-3,6.9,7.4,1:10 CaCl2,not reported,not reported,not reported,not reported,not reported,not reported,not reported,29.6,not reported,39.799999999999997,7.7,52.5,not reported,100,2.23,2.23E-2,10 mM CaCl2,100,-,5,-,20.71,928.69955156950675,2.967875235845292,1.3161800988934527,Reported Kd originated from a single spiked concentration,,,,,,,,,
565,Nguyen,2020,Environmental Science and Technology, 10.1021/acs.est.0c05705,soil,S6,PFUnA,PFCA,C11HF21O2,563.96399999999994,-0.2,-,0,0,0,0.99999998741074603,0,1.258925395945232E-8,1,0,-0.99999998741074603,562.96400001258917,96485,-171.38751107205471,11,21,0.33082706766917291,70.749196757239829,10,8.6001717619175692E-3,6.9,7.7,1:10 CaCl2,not reported,not reported,not reported,not reported,not reported,not reported,not reported,21.63,not reported,70,11,19,not reported,100,4.9000000000000004,4.9000000000000002E-2,10 mM CaCl2,100,-,5,-,131.33000000000001,2680.204081632653,3.4281678642349274,2.1183639442634408,Reported Kd originated from a single spiked concentration,,,,,,,,,
566,Nguyen,2020,Environmental Science and Technology, 10.1021/acs.est.0c05705,soil,S7,PFUnA,PFCA,C11HF21O2,563.96399999999994,-0.2,-,0,0,0,0.99999998741074603,0,1.258925395945232E-8,1,0,-0.99999998741074603,562.96400001258917,96485,-171.38751107205471,11,21,0.33082706766917291,70.749196757239829,10,8.6001717619175692E-3,6.9,7.7,1:10 CaCl2,not reported,not reported,not reported,not reported,not reported,not reported,not reported,7.8,not reported,48.9,32.6,18.5,not reported,100,0.13,1.2999999999999999E-3,10 mM CaCl2,100,-,5,-,23.32,17938.461538461539,4.2537851937801401,1.3677285460869766,Reported Kd originated from a single spiked concentration,,,,,,,,,
567,Nguyen,2020,Environmental Science and Technology, 10.1021/acs.est.0c05705,soil,S8,PFUnA,PFCA,C11HF21O2,563.96399999999994,-0.2,-,0,0,0,0.99999998004737722,0,1.995262275158161E-8,1,0,-0.99999998004737722,562.96400001995255,96485,-171.38750980782356,11,21,0.33082706766917291,70.749196757239829,10,8.6001717619175692E-3,6.9,7.5,1:10 CaCl2,not reported,not reported,not reported,not reported,not reported,not reported,not reported,2.2799999999999998,not reported,93,1,5,not reported,99,0.4,4.0000000000000001E-3,10 mM CaCl2,100,-,5,-,11.73,2932.5,3.4672380207875668,1.0692980121155293,Reported Kd originated from a single spiked concentration,,,,,,,,,
568,Nguyen,2020,Environmental Science and Technology, 10.1021/acs.est.0c05705,soil,S9,PFUnA,PFCA,C11HF21O2,563.96399999999994,-0.2,-,0,0,0,0.99999994988127916,0,5.011872085084086E-8,1,0,-0.99999994988127916,562.96400005011867,96485,-171.3875046285473,11,21,0.33082706766917291,70.749196757239829,10,8.6001717619175692E-3,6.9,7.1,1:10 CaCl2,not reported,not reported,not reported,not reported,not reported,not reported,not reported,17.420000000000002,not reported,48.86,16.05,35.090000000000003,not reported,100,1.19,1.1899999999999999E-2,10 mM CaCl2,100,-,5,-,68.03,5716.8067226890762,3.7571535095680368,1.8327004709605674,Reported Kd originated from a single spiked concentration,,,,,,,,,
569,Nguyen,2020,Environmental Science and Technology, 10.1021/acs.est.0c05705,soil,S10,PFUnA,PFCA,C11HF21O2,563.96399999999994,-0.2,-,0,0,0,0.99999974881141995,0,2.5118858005523878E-7,1,0,-0.99999974881141995,562.96400025118851,96485,-171.38747010647091,11,21,0.33082706766917291,70.749196757239829,10,8.6001717619175692E-3,6.9,6.4,1:10 CaCl2,not reported,not reported,not reported,not reported,not reported,not reported,not reported,16.54,not reported,29.38,13.9,56.71,not reported,99.990000000000009,0.17,1.7000000000000001E-3,10 mM CaCl2,100,-,5,-,45.09,26523.529411764706,4.423631313928297,1.6540802353065707,Reported Kd originated from a single spiked concentration,,,,,,,,,
570,McLachlan,2019,Chemosphere, 10.1016/j.chemosphere.2019.02.012,soil,Lower Layer,PFDoA,PFCA,C12HF23O2,613.96079999999995,-0.2,-,0,0,0,0.9999964518786969,0,3.5481213031263005E-6,1,0,-0.9999964518786969,612.96080354812125,96485,-157.40754890200972,12,23,0.32951945080091533,71.177182647491506,11,-0.88605664769316317,7.6,5.25,not reported,not reported,not reported,not reported,not reported,not reported,not reported,not reported,5.7023166666666656,KNN input,100,0,0,not reported,100,0.4,4.0000000000000001E-3,deionized water,200,-,1,1000,466,116500,5.0663259253620376,2.6683859166900001,Mean Kd value at the certain condition reported in Table S9,,,,,,,,,
571,McLachlan,2019,Chemosphere, 10.1016/j.chemosphere.2019.02.012,soil,Upper layer,PFDoA,PFCA,C12HF23O2,613.96079999999995,-0.2,-,0,0,0,0.99999865103893715,0,1.3489610628932487E-6,1,0,-0.99999865103893715,612.96080134896101,96485,-157.40789563240381,12,23,0.32951945080091533,71.177182647491506,11,-0.88605664769316317,7.6,5.67,not reported,not reported,not reported,not reported,not reported,not reported,not reported,not reported,9.2037666666666649,KNN input,71,24,5,not reported,100,0.93,9.300000000000001E-3,deionized water,200,-,1,1000,156,16774.193548387095,4.2246416498005264,2.1931245983544616,Mean Kd value at the certain condition reported in Table S9,,,,,,,,,
572,Fabregat-Palau,2021,Science of the Total Environment, 10.1016/j.scitotenv.2021.149343,soil,ALM,PFDoA,PFCA,C12HF23O2,613.96079999999995,-0.2,-,0,0,0,0.99999800474166611,0,1.9952583339051124E-6,1,0,-0.99999800474166611,612.96080199525829,96485,-157.4077937340046,12,23,0.32951945080091533,71.177182647491506,11,-0.88605664769316317,7.6,5.5,1:25 deionized water,1.0129999999999999,18.13949324021846,0.10129999999999999,0.40400000000000003,14.974054855448481,4.0400000000000005E-2,Asc / OA,23.4,BaCl2-TEA (pH 8.2),54.4,35,10.6,Pipette,100,1.6,1.6E-2,"0,01 M CaCl2 + 0,1 % NaN3",100,-,170,-,422.10343778209977,26381.464861381235,4.4212989065838091,2.6254188892397341,Reported Kd originated from a single spiked concentration,,,,,,,,,
573,Fabregat-Palau,2021,Science of the Total Environment, 10.1016/j.scitotenv.2021.149343,soil,DELTA2,PFDoA,PFCA,C12HF23O2,613.96079999999995,-0.2,-,0,0,0,0.99999999369042658,0,6.3095734049912165E-9,1,0,-0.99999999369042658,612.96080000630957,96485,-157.4081073214268,12,23,0.32951945080091533,71.177182647491506,11,-0.88605664769316317,7.6,8,1:25 deionized water,2.9660000000000002,53.111290178171728,0.29660000000000003,0.23,8.5248332097850259,2.3E-2,Asc / OA,87.3,BaCl2-TEA (pH 8.2),12.2,54.3,33.5,Pipette,100,7.7,7.6999999999999999E-2,"0,01 M CaCl2 + 0,1 % NaN3",100,-,170,-,623.39706536121787,8096.0657839119203,3.9082740283339001,2.794764753506382,Reported Kd originated from a single spiked concentration,,,,,,,,,
574,Fabregat-Palau,2021,Science of the Total Environment, 10.1016/j.scitotenv.2021.149343,soil,OVI01,PFDoA,PFCA,C12HF23O2,613.96079999999995,-0.2,-,0,0,0,0.99999601894414336,0,3.981055856666137E-6,1,0,-0.99999601894414336,612.96080398105585,96485,-157.40748064342401,12,23,0.32951945080091533,71.177182647491506,11,-0.88605664769316317,7.6,5.2,1:25 deionized water,4.5149999999999997,80.848777867311313,0.45149999999999996,0.377,13.973313565604151,3.7699999999999997E-2,Asc / OA,44.3,BaCl2-TEA (pH 8.2),41.3,39.799999999999997,18.899999999999999,Pipette,100,9.4,9.4E-2,"0,01 M CaCl2 + 0,1 % NaN3",100,-,170,-,737.76328416656997,7848.5455762401061,3.8947891845496585,2.8679170381493568,Reported Kd originated from a single spiked concentration,,,,,,,,,
575,Fabregat-Palau,2021,Science of the Total Environment, 10.1016/j.scitotenv.2021.149343,soil,DUBLIN,PFDoA,PFCA,C12HF23O2,613.96079999999995,-0.2,-,0,0,0,0.99999900000099995,0,9.9999900000100006E-7,1,0,-0.99999900000099995,612.96080099999892,96485,-157.40795065147509,12,23,0.32951945080091533,71.177182647491506,11,-0.88605664769316317,7.6,5.8,1:25 deionized water,6.5019999999999998,116.42940281135286,0.6502,1.732,64.195700518902896,0.17319999999999999,Asc / OA,90,BaCl2-TEA (pH 8.2),46,51,3,Pipette,100,27,0.27,"0,01 M CaCl2 + 0,1 % NaN3",100,-,670,-,1300.245176010332,4815.7228741123408,3.6826614870316008,3.1140252511905882,Reported Kd originated from a single spiked concentration,,,,,,,,,
576,Fabregat-Palau,2021,Science of the Total Environment, 10.1016/j.scitotenv.2021.149343,soil,UIAR,PFDoA,PFCA,C12HF23O2,613.96079999999995,-0.2,-,0,0,0,0.99999874107617315,0,1.2589238269029671E-6,1,0,-0.99999874107617315,612.96080125892377,96485,-157.40790982811626,12,23,0.32951945080091533,71.177182647491506,11,-0.88605664769316317,7.6,5.7,1:25 deionized water,12.358000000000001,221.29107350702839,1.2358,1.0269999999999999,38.065233506300963,0.10269999999999999,Asc / OA,103,BaCl2-TEA (pH 8.2),35,63,2,Pipette,100,32,0.32,"0,01 M CaCl2 + 0,1 % NaN3",100,-,670,-,2034.1110558530734,6356.5970495408537,3.8032246819814324,3.3083746603013386,Reported Kd originated from a single spiked concentration,,,,,,,,,
577,Fabregat-Palau,2021,Science of the Total Environment, 10.1016/j.scitotenv.2021.149343,soil,BRA,PFDoA,PFCA,C12HF23O2,613.96079999999995,-0.2,-,0,0,0,0.99999874107617315,0,1.2589238269029671E-6,1,0,-0.99999874107617315,612.96080125892377,96485,-157.40790982811626,12,23,0.32951945080091533,71.177182647491506,11,-0.88605664769316317,7.6,5.7,1:25 deionized water,10.64,190.52735249350883,1.0640000000000001,0.16700000000000001,6.1897702001482582,1.67E-2,Asc / OA,140,BaCl2-TEA (pH 8.2),20.7,78,1.3,Pipette,100,39,0.39,"0,01 M CaCl2 + 0,1 % NaN3",100,-,670,-,1836.7021804336111,4709.4927703425928,3.6729741345378759,3.264038741564375,Reported Kd originated from a single spiked concentration,,,,,,,,,
578,Fabregat-Palau,2021,Science of the Total Environment, 10.1016/j.scitotenv.2021.149343,soil,KOM,PFDoA,PFCA,C12HF23O2,613.96079999999995,-0.2,-,0,0,0,0.99999874107617315,0,1.2589238269029671E-6,1,0,-0.99999874107617315,612.96080125892377,96485,-157.40790982811626,12,23,0.32951945080091533,71.177182647491506,11,-0.88605664769316317,7.6,5.7,1:25 deionized water,19.667999999999999,352.18909481600861,1.9667999999999999,0.48099999999999998,17.828020756115642,4.8099999999999997E-2,Asc / OA,114,BaCl2-TEA (pH 8.2),20,78.900000000000006,1.1000000000000001,Pipette,100,41,0.41,"0,01 M CaCl2 + 0,1 % NaN3",100,-,670,-,3081.7894994592593,7516.559754778682,3.8760191143448881,3.4888029710646236,Reported Kd originated from a single spiked concentration,,,,,,,,,
579,Campos-Pereira,2018,Chemosphere, 10.1016/j.chemosphere.2018.05.012,soil,organic soil horitzon,PFDoA,PFCA,C12HF23O2,613.96079999999995,-0.2,-,0,0,0,0.99998004777494953,0,1.9952225050461341E-5,1,0,-0.99998004777494953,612.96081995222494,96485,-157.4049625506016,12,23,0.32951945080091533,71.177182647491506,11,-0.88605664769316317,7.6,4.5,deionized water,5.8637250000000002E-2,1.05,5.8637250000000002E-3,0.18454320000000002,6.84,1.8454320000000003E-2,"0,1 M HNO3",21.496500000000001,KNN input,41.737499999999997,35.036999999999999,21.971,KNN input,98.745499999999993,45,0.45,MIXTURE EXPERIMENTS,11.25,-,1.25,-,5665.164353073752,12589.254117941671,4.0999999999999996,3.7532125137753436, Kd is derived in this study from reported Koc at the Ca / pH 5 / 3 mM condition (Table S8),,,,,,,,,
580,Campos-Pereira,2022,Chemosphere, 10.1016/j.chemosphere.2022.134167,soil,Peat Oi,PFDoA,PFCA,C12HF23O2,613.96079999999995,-0.2,-,0,0,0,0.99984153579563773,0,1.5846420436223696E-4,1,0,-0.99984153579563773,612.96095846420428,96485,-157.38312407849014,12,23,0.32951945080091533,71.177182647491506,11,-0.88605664769316317,7.6,3.6,deionized water 40g/L,0.37974599999999997,6.8,3.7974599999999997E-2,0.107928,1.932634971796938,1.07928E-2,OA,14.768748,KNN input,37.396533331999997,37.430266667999987,24.989000000000001,KNN input,99.815799999999996,44.9,0.44900000000000001,10 mM  NaNO3,25,-,4.9116863999999998,-,1829.1374473404683,4073.8027780411321,3.6100000000000003,3.2622463410033236, Kd is derived in this study from reported Koc at the Ca / pH 3 condition (Table S8),,,,,,,,,
581,Wang,2022,Chemosphere, 10.1016/j.chemosphere.2021.133224,soil,Aubbeenaubbee-Capac,PFDoA,PFCA,C12HF23O2,613.96079999999995,-0.2,-,0,0,0,0.99999849893552062,0,1.50106447937241E-6,1,0,-0.99999849893552062,612.96080150106445,96485,-157.40787165103274,12,23,0.32951945080091533,71.177182647491506,11,-0.88605664769316317,7.6,5.6236000000000006,KNN input,not reported,not reported,not reported,not reported,not reported,not reported,not reported,17.2,not reported,44.8,27,28.2,not reported,100,4,0.04,10 mM CaCl2,25,-,0,100,102.8,2570,3.4099331233312946,2.0119931146592571,Kd value reported for Ca-saturated soil,,,,,,,,,
582,Wang,2022,Chemosphere, 10.1016/j.chemosphere.2021.133224,soil,Colwood-Brookston,PFDoA,PFCA,C12HF23O2,613.96079999999995,-0.2,-,0,0,0,0.9999982333959051,0,1.7666040948916728E-6,1,0,-0.9999982333959051,612.96080176660405,96485,-157.40782978475391,12,23,0.32951945080091533,71.177182647491506,11,-0.88605664769316317,7.6,5.5528600000000008,KNN input,not reported,not reported,not reported,not reported,not reported,not reported,not reported,12.2,not reported,41.8,30,28.2,not reported,100,2,0.02,10 mM CaCl2,25,-,0,100,63.2,3160,3.4996870826184039,1.8007170782823851,Kd value reported for Ca-saturated soil,,,,,,,,,
583,Wang,2022,Chemosphere, 10.1016/j.chemosphere.2021.133224,soil,Riddles-Hillsdale,PFDoA,PFCA,C12HF23O2,613.96079999999995,-0.2,-,0,0,0,0.99999774680374132,0,2.2531962587246622E-6,1,0,-0.99999774680374132,612.96080225319622,96485,-157.40775306624573,12,23,0.32951945080091533,71.177182647491506,11,-0.88605664769316317,7.6,5.4471999999999996,KNN input,not reported,not reported,not reported,not reported,not reported,not reported,not reported,7.3,not reported,48.9,26.9,24.2,not reported,100,2.2000000000000002,2.2000000000000002E-2,10 mM CaCl2,25,-,0,100,77.5,3522.7272727272725,3.546879021684104,1.8893017025063104,Kd value reported for Ca-saturated soil,,,,,,,,,
586,Nguyen,2020,Environmental Science and Technology, 10.1021/acs.est.0c05705,soil,S1,PFDoA,PFCA,C12HF23O2,613.96079999999995,-0.2,-,0,0,0,0.99999998004737722,0,1.995262275158161E-8,1,0,-0.99999998004737722,612.96080001995256,96485,-157.40810517039668,12,23,0.32951945080091533,71.177182647491506,11,-0.88605664769316317,7.6,7.5,1:10 CaCl2,not reported,not reported,not reported,not reported,not reported,not reported,not reported,41.4,not reported,16.899999999999999,17.5,65.599999999999994,not reported,100,0.7,6.9999999999999993E-3,10 mM CaCl2,100,-,5,-,820.29,117184.28571428572,5.0688693771672266,2.9139674171814831,Reported Kd originated from a single spiked concentration,,,,,,,,,
587,Nguyen,2020,Environmental Science and Technology, 10.1021/acs.est.0c05705,soil,S2,PFDoA,PFCA,C12HF23O2,613.96079999999995,-0.2,-,0,0,0,0.99999990000001004,0,9.9999990000001005E-8,1,0,-0.99999990000001004,612.96080010000003,96485,-157.4080925497359,12,23,0.32951945080091533,71.177182647491506,11,-0.88605664769316317,7.6,6.8,1:10 CaCl2,not reported,not reported,not reported,not reported,not reported,not reported,not reported,7.1,not reported,48.9,27,24.2,not reported,100.10000000000001,0.37,3.7000000000000002E-3,10 mM CaCl2,100,-,5,-,293.56,79340.540540540533,4.8994951549605963,2.4676968790275913,Reported Kd originated from a single spiked concentration,,,,,,,,,
588,Nguyen,2020,Environmental Science and Technology, 10.1021/acs.est.0c05705,soil,S3,PFDoA,PFCA,C12HF23O2,613.96079999999995,-0.2,-,0,0,0,0.99999960189298798,0,3.9810701206424001E-7,1,0,-0.99999960189298798,612.96080039810704,96485,-157.40804554871974,12,23,0.32951945080091533,71.177182647491506,11,-0.88605664769316317,7.6,6.2,1:10 CaCl2,not reported,not reported,not reported,not reported,not reported,not reported,not reported,8,not reported,51.44,10.17,38.380000000000003,not reported,99.990000000000009,0.08,8.0000000000000004E-4,10 mM CaCl2,100,-,5,-,929.03,1161287.5,6.0649397513548662,2.9680297383468095,Reported Kd originated from a single spiked concentration,,,,,,,,,
589,Nguyen,2020,Environmental Science and Technology, 10.1021/acs.est.0c05705,soil,S4,PFDoA,PFCA,C12HF23O2,613.96079999999995,-0.2,-,0,0,0,0.99999998741074603,0,1.258925395945232E-8,1,0,-0.99999998741074603,612.96080001258917,96485,-157.40810633134157,12,23,0.32951945080091533,71.177182647491506,11,-0.88605664769316317,7.6,7.7,1:10 CaCl2,not reported,not reported,not reported,not reported,not reported,not reported,not reported,4.8,not reported,46,37,17,not reported,100,0.25,2.5000000000000001E-3,10 mM CaCl2,100,-,5,-,1167.4100000000001,466964,5.6692834004718984,3.0672234091439359,Reported Kd originated from a single spiked concentration,,,,,,,,,
590,Nguyen,2020,Environmental Science and Technology, 10.1021/acs.est.0c05705,soil,S5,PFDoA,PFCA,C12HF23O2,613.96079999999995,-0.2,-,0,0,0,0.99999997488113634,0,2.5118863684138424E-8,1,0,-0.99999997488113634,612.96080002511883,96485,-157.40810435586178,12,23,0.32951945080091533,71.177182647491506,11,-0.88605664769316317,7.6,7.4,1:10 CaCl2,not reported,not reported,not reported,not reported,not reported,not reported,not reported,29.6,not reported,39.799999999999997,7.7,52.5,not reported,100,2.23,2.23E-2,10 mM CaCl2,100,-,5,-,904.98,40582.062780269058,4.6083341183828814,2.9566389814310416,Reported Kd originated from a single spiked concentration,,,,,,,,,
591,Nguyen,2020,Environmental Science and Technology, 10.1021/acs.est.0c05705,soil,S6,PFDoA,PFCA,C12HF23O2,613.96079999999995,-0.2,-,0,0,0,0.99999998741074603,0,1.258925395945232E-8,1,0,-0.99999998741074603,612.96080001258917,96485,-157.40810633134157,12,23,0.32951945080091533,71.177182647491506,11,-0.88605664769316317,7.6,7.7,1:10 CaCl2,not reported,not reported,not reported,not reported,not reported,not reported,not reported,21.63,not reported,70,11,19,not reported,100,4.9000000000000004,4.9000000000000002E-2,10 mM CaCl2,100,-,5,-,1391.13,28390.408163265307,4.4531716363363394,3.1433677163648532,Reported Kd originated from a single spiked concentration,,,,,,,,,
592,Nguyen,2020,Environmental Science and Technology, 10.1021/acs.est.0c05705,soil,S7,PFDoA,PFCA,C12HF23O2,613.96079999999995,-0.2,-,0,0,0,0.99999998741074603,0,1.258925395945232E-8,1,0,-0.99999998741074603,612.96080001258917,96485,-157.40810633134157,12,23,0.32951945080091533,71.177182647491506,11,-0.88605664769316317,7.6,7.7,1:10 CaCl2,not reported,not reported,not reported,not reported,not reported,not reported,not reported,7.8,not reported,48.9,32.6,18.5,not reported,100,0.13,1.2999999999999999E-3,10 mM CaCl2,100,-,5,-,162.38999999999999,124915.38461538461,5.0966159295038871,2.2105592818107236,Reported Kd originated from a single spiked concentration,,,,,,,,,
593,Nguyen,2020,Environmental Science and Technology, 10.1021/acs.est.0c05705,soil,S8,PFDoA,PFCA,C12HF23O2,613.96079999999995,-0.2,-,0,0,0,0.99999998004737722,0,1.995262275158161E-8,1,0,-0.99999998004737722,612.96080001995256,96485,-157.40810517039668,12,23,0.32951945080091533,71.177182647491506,11,-0.88605664769316317,7.6,7.5,1:10 CaCl2,not reported,not reported,not reported,not reported,not reported,not reported,not reported,2.2799999999999998,not reported,93,1,5,not reported,99,0.4,4.0000000000000001E-3,10 mM CaCl2,100,-,5,-,93.05,23262.5,4.366656386138823,1.9687163774667857,Reported Kd originated from a single spiked concentration,,,,,,,,,
594,Nguyen,2020,Environmental Science and Technology, 10.1021/acs.est.0c05705,soil,S9,PFDoA,PFCA,C12HF23O2,613.96079999999995,-0.2,-,0,0,0,0.99999994988127916,0,5.011872085084086E-8,1,0,-0.99999994988127916,612.96080005011868,96485,-157.40810041426161,12,23,0.32951945080091533,71.177182647491506,11,-0.88605664769316317,7.6,7.1,1:10 CaCl2,not reported,not reported,not reported,not reported,not reported,not reported,not reported,17.420000000000002,not reported,48.86,16.05,35.090000000000003,not reported,100,1.19,1.1899999999999999E-2,10 mM CaCl2,100,-,5,-,1269.5899999999999,106688.23529411765,5.0281165316218077,3.1036634930143383,Reported Kd originated from a single spiked concentration,,,,,,,,,
595,Nguyen,2020,Environmental Science and Technology, 10.1021/acs.est.0c05705,soil,S10,PFDoA,PFCA,C12HF23O2,613.96079999999995,-0.2,-,0,0,0,0.99999974881141995,0,2.5118858005523878E-7,1,0,-0.99999974881141995,612.96080025118852,96485,-157.40806871260079,12,23,0.32951945080091533,71.177182647491506,11,-0.88605664769316317,7.6,6.4,1:10 CaCl2,not reported,not reported,not reported,not reported,not reported,not reported,not reported,16.54,not reported,29.38,13.9,56.71,not reported,99.990000000000009,0.17,1.7000000000000001E-3,10 mM CaCl2,100,-,5,-,187.8,110470.58823529411,5.0432466665518181,2.2736955879300922,Reported Kd originated from a single spiked concentration,,,,,,,,,
596,McLachlan,2019,Chemosphere, 10.1016/j.chemosphere.2019.02.012,soil,Lower Layer,PFTrA,PFCA,C13HF25O2,663.95759999999996,-0.2,-,0,0,0,0.9999964518786969,0,3.5481213031263005E-6,1,0,-0.9999964518786969,662.95760354812126,96485,-145.53669366356797,13,25,0.32842105263157895,71.54071284069947,12,-1.7896814801737682,8.3000000000000007,5.25,not reported,not reported,not reported,not reported,not reported,not reported,not reported,not reported,5.7023166666666656,KNN input,100,0,0,not reported,100,0.4,4.0000000000000001E-3,deionized water,200,-,1,1000,1535,383750,5.5840483884852432,3.1861083798132053,Mean Kd value at the certain condition reported in Table S9,,,,,,,,,
597,McLachlan,2019,Chemosphere, 10.1016/j.chemosphere.2019.02.012,soil,Upper layer,PFTrA,PFCA,C13HF25O2,663.95759999999996,-0.2,-,0,0,0,0.99999865103893715,0,1.3489610628932487E-6,1,0,-0.99999865103893715,662.95760134896102,96485,-145.53701420598858,13,25,0.32842105263157895,71.54071284069947,12,-1.7896814801737682,8.3000000000000007,5.67,not reported,not reported,not reported,not reported,not reported,not reported,not reported,not reported,9.2037666666666649,KNN input,71,24,5,not reported,100,0.93,9.300000000000001E-3,deionized water,200,-,1,1000,262,28172.043010752684,4.44981834276581,2.4183012913197452,Mean Kd value at the certain condition reported in Table S9,,,,,,,,,
598,Campos-Pereira,2018,Chemosphere, 10.1016/j.chemosphere.2018.05.012,soil,organic soil horitzon,PFTrA,PFCA,C13HF25O2,663.95759999999996,-0.2,-,0,0,0,0.99998004777494953,0,1.9952225050461341E-5,1,0,-0.99998004777494953,662.95761995222495,96485,-145.53430265500066,13,25,0.32842105263157895,71.54071284069947,12,-1.7896814801737682,8.3000000000000007,4.5,deionized water,5.8637250000000002E-2,1.05,5.8637250000000002E-3,0.18454320000000002,6.84,1.8454320000000003E-2,"0,1 M HNO3",21.496500000000001,KNN input,41.737499999999997,35.036999999999999,21.971,KNN input,98.745499999999993,45,0.45,MIXTURE EXPERIMENTS,11.25,-,1.25,-,8978.6804173599576,19952.623149688796,4.3,3.9532125137753438,Kd calculated in this study from avegraged log Koc values at different conditions,,,,,,,,,
602,McLachlan,2019,Chemosphere, 10.1016/j.chemosphere.2019.02.012,soil,Lower Layer,PFTeA,PFCA,C14HF27O2,713.95439999999996,-0.2,-,0,0,0,0.9999964518786969,0,3.5481213031263005E-6,1,0,-0.9999964518786969,712.95440354812126,96485,-135.33075492534465,14,27,0.32748538011695905,71.853328447867256,13,-2.6937894918322383,9,5.25,not reported,not reported,not reported,not reported,not reported,not reported,not reported,not reported,5.7023166666666656,KNN input,100,0,0,not reported,100,0.4,4.0000000000000001E-3,deionized water,200,-,1,1000,3670,917500,5.9626060729241273,3.5646660642520893,Mean Kd value at the certain condition reported in Table S9,,,,,,,,,
603,McLachlan,2019,Chemosphere, 10.1016/j.chemosphere.2019.02.012,soil,Upper layer,PFTeA,PFCA,C14HF27O2,713.95439999999996,-0.2,-,0,0,0,0.99999865103893715,0,1.3489610628932487E-6,1,0,-0.99999865103893715,712.95440134896103,96485,-135.33105295785472,14,27,0.32748538011695905,71.853328447867256,13,-2.6937894918322383,9,5.67,not reported,not reported,not reported,not reported,not reported,not reported,not reported,not reported,9.2037666666666649,KNN input,71,24,5,not reported,100,0.93,9.300000000000001E-3,deionized water,200,-,1,1000,334,35913.978494623654,4.5552635182576298,2.5237464668115646,Mean Kd value at the certain condition reported in Table S9,,,,,,,,,
604,Nguyen,2020,Environmental Science and Technology, 10.1021/acs.est.0c05705,soil,S2,GenX,PFECA,C6HF11O3,329.97489999999993,-0.1,-,0,0,0,0.99999987410747471,0,1.2589252533048682E-7,1,0,-0.99999987410747471,328.97490012589247,96485,-293.28981577724232,6,11,0.34449760765550236,63.338150871475385,5,4.4345689040341991,3.6,6.8,1:10 CaCl2,not reported,not reported,not reported,not reported,not reported,not reported,not reported,7.1,not reported,48.9,27,24.2,not reported,100.10000000000001,0.37,3.7000000000000002E-3,10 mM CaCl2,100,-,5,-,0.35,94.594594594594582,1.9758663202832807,-0.45593195564972439,Reported Kd at the soil pH condition ,,,,,,,,,
605,Nguyen,2020,Environmental Science and Technology, 10.1021/acs.est.0c05705,soil,S3,GenX,PFECA,C6HF11O3,329.97489999999993,-0.1,-,0,0,0,0.99999949881301753,0,5.0118698243875488E-7,1,0,-0.99999949881301753,328.97490050118694,96485,-293.28970537260147,6,11,0.34449760765550236,63.338150871475385,5,4.4345689040341991,3.6,6.2,1:10 CaCl2,not reported,not reported,not reported,not reported,not reported,not reported,not reported,8,not reported,51.44,10.17,38.380000000000003,not reported,99.990000000000009,0.08,8.0000000000000004E-4,10 mM CaCl2,100,-,5,-,0.27,337.5,2.5282737771670436,-0.56863623584101264,Reported Kd at the soil pH condition ,,,,,,,,,
606,Nguyen,2020,Environmental Science and Technology, 10.1021/acs.est.0c05705,soil,S4,GenX,PFECA,C6HF11O3,329.97489999999993,-0.1,-,0,0,0,0.99999998415106828,0,1.5848931673422493E-8,1,0,-0.99999998415106828,328.97490001584885,96485,-293.28984815001849,6,11,0.34449760765550236,63.338150871475385,5,4.4345689040341991,3.6,7.7,1:10 CaCl2,not reported,not reported,not reported,not reported,not reported,not reported,not reported,4.8,not reported,46,37,17,not reported,100,0.25,2.5000000000000001E-3,10 mM CaCl2,100,-,5,-,0.19,76,1.8808135922807914,-0.72124639904717103,Reported Kd at the soil pH condition ,,,,,,,,,
607,Nguyen,2020,Environmental Science and Technology, 10.1021/acs.est.0c05705,soil,S5,GenX,PFECA,C6HF11O3,329.97489999999993,-0.1,-,0,0,0,0.99999996837722438,0,3.1622775601683729E-8,1,0,-0.99999996837722438,328.97490003162272,96485,-293.28984350964731,6,11,0.34449760765550236,63.338150871475385,5,4.4345689040341991,3.6,7.4,1:10 CaCl2,not reported,not reported,not reported,not reported,not reported,not reported,not reported,29.6,not reported,39.799999999999997,7.7,52.5,not reported,100,2.23,2.23E-2,10 mM CaCl2,100,-,5,-,0.32,14.349775784753364,1.1568451152717454,-0.49485002168009401,Reported Kd at the soil pH condition ,,,,,,,,,
608,Nguyen,2020,Environmental Science and Technology, 10.1021/acs.est.0c05705,soil,S6,GenX,PFECA,C6HF11O3,329.97489999999993,-0.1,-,0,0,0,0.99999998415106828,0,1.5848931673422493E-8,1,0,-0.99999998415106828,328.97490001584885,96485,-293.28984815001849,6,11,0.34449760765550236,63.338150871475385,5,4.4345689040341991,3.6,7.7,1:10 CaCl2,not reported,not reported,not reported,not reported,not reported,not reported,not reported,21.63,not reported,70,11,19,not reported,100,4.9000000000000004,4.9000000000000002E-2,10 mM CaCl2,100,-,5,-,0.5,10.204081632653061,1.0087739243075051,-0.3010299956639812,Reported Kd at the soil pH condition ,,,,,,,,,
609,Nguyen,2020,Environmental Science and Technology, 10.1021/acs.est.0c05705,soil,S7,GenX,PFECA,C6HF11O3,329.97489999999993,-0.1,-,0,0,0,0.99999998415106828,0,1.5848931673422493E-8,1,0,-0.99999998415106828,328.97490001584885,96485,-293.28984815001849,6,11,0.34449760765550236,63.338150871475385,5,4.4345689040341991,3.6,7.7,1:10 CaCl2,not reported,not reported,not reported,not reported,not reported,not reported,not reported,7.8,not reported,48.9,32.6,18.5,not reported,100,0.13,1.2999999999999999E-3,10 mM CaCl2,100,-,5,-,0.23,176.92307692307693,2.2477844837107561,-0.63827216398240705,Reported Kd at the soil pH condition ,,,,,,,,,
610,Nguyen,2020,Environmental Science and Technology, 10.1021/acs.est.0c05705,soil,S8,GenX,PFECA,C6HF11O3,329.97489999999993,-0.1,-,0,0,0,0.99999997488113634,0,2.5118863684138424E-8,1,0,-0.99999997488113634,328.97490002511881,96485,-293.28984542297712,6,11,0.34449760765550236,63.338150871475385,5,4.4345689040341991,3.6,7.5,1:10 CaCl2,not reported,not reported,not reported,not reported,not reported,not reported,not reported,2.2799999999999998,not reported,93,1,5,not reported,99,0.4,4.0000000000000001E-3,10 mM CaCl2,100,-,5,-,7.0000000000000007E-2,17.5,1.2430380486862944,-1.1549019599857431,Reported Kd at the soil pH condition ,,,,,,,,,
611,Nguyen,2020,Environmental Science and Technology, 10.1021/acs.est.0c05705,soil,S9,GenX,PFECA,C6HF11O3,329.97489999999993,-0.1,-,0,0,0,0.99999993690426958,0,6.3095730466947954E-8,1,0,-0.99999993690426958,328.97490006309567,96485,-293.28983425089007,6,11,0.34449760765550236,63.338150871475385,5,4.4345689040341991,3.6,7.1,1:10 CaCl2,not reported,not reported,not reported,not reported,not reported,not reported,not reported,17.420000000000002,not reported,48.86,16.05,35.090000000000003,not reported,100,1.19,1.1899999999999999E-2,10 mM CaCl2,100,-,5,-,0.18,15.126050420168069,1.1797255437107754,-0.74472749489669399,Reported Kd at the soil pH condition ,,,,,,,,,
612,Nguyen,2020,Environmental Science and Technology, 10.1021/acs.est.0c05705,soil,S10,GenX,PFECA,C6HF11O3,329.97489999999993,-0.1,-,0,0,0,0.99999968377233395,0,3.1622766601686895E-7,1,0,-0.99999968377233395,328.9749003162276,96485,-293.28975978418816,6,11,0.34449760765550236,63.338150871475385,5,4.4345689040341991,3.6,6.4,1:10 CaCl2,not reported,not reported,not reported,not reported,not reported,not reported,not reported,16.54,not reported,29.38,13.9,56.71,not reported,99.990000000000009,0.17,1.7000000000000001E-3,10 mM CaCl2,100,-,5,-,0.32,188.23529411764704,2.2747010569416322,-0.49485002168009401,Reported Kd at the soil pH condition ,,,,,,,,,
613,Nguyen,2020,Environmental Science and Technology, 10.1021/acs.est.0c05705,soil,S1,ADONA,PFECA,C7H2F12O4,377.976,1.2,-,0,0,0,0.99999949881301753,0,5.0118698243875488E-7,1,0,-0.99999949881301753,376.976000501187,96485,-255.94454690669411,7,12,0.36842105263157893,60.321290240650207,6,3.9716932389498609,4.0999999999999996,7.5,1:10 CaCl2,not reported,not reported,not reported,not reported,not reported,not reported,not reported,41.4,not reported,16.899999999999999,17.5,65.599999999999994,not reported,100,0.7,6.9999999999999993E-3,10 mM CaCl2,100,-,5,-,0.39,55.714285714285722,1.7459665670122424,-0.40893539297350079,Reported Kd at the soil pH condition ,,,,,,,,,
614,Nguyen,2020,Environmental Science and Technology, 10.1021/acs.est.0c05705,soil,S2,ADONA,PFECA,C7H2F12O4,377.976,1.2,-,0,0,0,0.9999974881198781,0,2.5118801219519848E-6,1,0,-0.9999974881198781,376.97600251188015,96485,-255.9440309153519,7,12,0.36842105263157893,60.321290240650207,6,3.9716932389498609,4.0999999999999996,6.8,1:10 CaCl2,not reported,not reported,not reported,not reported,not reported,not reported,not reported,7.1,not reported,48.9,27,24.2,not reported,100.10000000000001,0.37,3.7000000000000002E-3,10 mM CaCl2,100,-,5,-,0.31,83.783783783783775,1.9231599697672777,-0.50863830616572736,Reported Kd at the soil pH condition ,,,,,,,,,
615,Nguyen,2020,Environmental Science and Technology, 10.1021/acs.est.0c05705,soil,S3,ADONA,PFECA,C7H2F12O4,377.976,1.2,-,0,0,0,0.99999000009999905,0,9.9999000009999908E-6,1,0,-0.99999000009999905,376.97600999989999,96485,-255.94210931266952,7,12,0.36842105263157893,60.321290240650207,6,3.9716932389498609,4.0999999999999996,6.2,1:10 CaCl2,not reported,not reported,not reported,not reported,not reported,not reported,not reported,8,not reported,51.44,10.17,38.380000000000003,not reported,99.990000000000009,0.08,8.0000000000000004E-4,10 mM CaCl2,100,-,5,-,0.21,262.5,2.4191293077419758,-0.6777807052660807,Reported Kd at the soil pH condition ,,,,,,,,,
616,Nguyen,2020,Environmental Science and Technology, 10.1021/acs.est.0c05705,soil,S4,ADONA,PFECA,C7H2F12O4,377.976,1.2,-,0,0,0,0.99999968377233395,0,3.1622766601686895E-7,1,0,-0.99999968377233395,376.97600031622761,96485,-255.94459437162286,7,12,0.36842105263157893,60.321290240650207,6,3.9716932389498609,4.0999999999999996,7.7,1:10 CaCl2,not reported,not reported,not reported,not reported,not reported,not reported,not reported,4.8,not reported,46,37,17,not reported,100,0.25,2.5000000000000001E-3,10 mM CaCl2,100,-,5,-,0.14000000000000001,56.000000000000007,1.7481880270062005,-0.85387196432176193,Reported Kd at the soil pH condition ,,,,,,,,,
617,Nguyen,2020,Environmental Science and Technology, 10.1021/acs.est.0c05705,soil,S5,ADONA,PFECA,C7H2F12O4,377.976,1.2,-,0,0,0,0.99999936904305364,0,6.309569463732732E-7,1,0,-0.99999936904305364,376.97600063095695,96485,-255.94451360465672,7,12,0.36842105263157893,60.321290240650207,6,3.9716932389498609,4.0999999999999996,7.4,1:10 CaCl2,not reported,not reported,not reported,not reported,not reported,not reported,not reported,29.6,not reported,39.799999999999997,7.7,52.5,not reported,100,2.23,2.23E-2,10 mM CaCl2,100,-,5,-,0.26,11.659192825112108,1.0666684849226573,-0.58502665202918203,Reported Kd at the soil pH condition ,,,,,,,,,
618,Nguyen,2020,Environmental Science and Technology, 10.1021/acs.est.0c05705,soil,S6,ADONA,PFECA,C7H2F12O4,377.976,1.2,-,0,0,0,0.99999968377233395,0,3.1622766601686895E-7,1,0,-0.99999968377233395,376.97600031622761,96485,-255.94459437162286,7,12,0.36842105263157893,60.321290240650207,6,3.9716932389498609,4.0999999999999996,7.7,1:10 CaCl2,not reported,not reported,not reported,not reported,not reported,not reported,not reported,21.63,not reported,70,11,19,not reported,100,4.9000000000000004,4.9000000000000002E-2,10 mM CaCl2,100,-,5,-,0.68,13.877551020408164,1.1423128326777228,-0.16749108729376366,Reported Kd at the soil pH condition ,,,,,,,,,
619,Nguyen,2020,Environmental Science and Technology, 10.1021/acs.est.0c05705,soil,S7,ADONA,PFECA,C7H2F12O4,377.976,1.2,-,0,0,0,0.99999968377233395,0,3.1622766601686895E-7,1,0,-0.99999968377233395,376.97600031622761,96485,-255.94459437162286,7,12,0.36842105263157893,60.321290240650207,6,3.9716932389498609,4.0999999999999996,7.7,1:10 CaCl2,not reported,not reported,not reported,not reported,not reported,not reported,not reported,7.8,not reported,48.9,32.6,18.5,not reported,100,0.13,1.2999999999999999E-3,10 mM CaCl2,100,-,5,-,0.23,176.92307692307693,2.2477844837107561,-0.63827216398240705,Reported Kd at the soil pH condition ,,,,,,,,,
620,Nguyen,2020,Environmental Science and Technology, 10.1021/acs.est.0c05705,soil,S8,ADONA,PFECA,C7H2F12O4,377.976,1.2,-,0,0,0,0.99999949881301753,0,5.0118698243875488E-7,1,0,-0.99999949881301753,376.976000501187,96485,-255.94454690669411,7,12,0.36842105263157893,60.321290240650207,6,3.9716932389498609,4.0999999999999996,7.5,1:10 CaCl2,not reported,not reported,not reported,not reported,not reported,not reported,not reported,2.2799999999999998,not reported,93,1,5,not reported,99,0.4,4.0000000000000001E-3,10 mM CaCl2,100,-,5,-,0.09,22.5,1.3521825181113625,-1.0457574905606752,Reported Kd at the soil pH condition ,,,,,,,,,
621,Nguyen,2020,Environmental Science and Technology, 10.1021/acs.est.0c05705,soil,S9,ADONA,PFECA,C7H2F12O4,377.976,1.2,-,0,0,0,0.99999874107617315,0,1.2589238269029693E-6,1,0,-0.99999874107617315,376.97600125892382,96485,-255.94435245352523,7,12,0.36842105263157893,60.321290240650207,6,3.9716932389498609,4.0999999999999996,7.1,1:10 CaCl2,not reported,not reported,not reported,not reported,not reported,not reported,not reported,17.420000000000002,not reported,48.86,16.05,35.090000000000003,not reported,100,1.19,1.1899999999999999E-2,10 mM CaCl2,100,-,5,-,0.18,15.126050420168069,1.1797255437107754,-0.74472749489669399,Reported Kd at the soil pH condition ,,,,,,,,,
622,Nguyen,2020,Environmental Science and Technology, 10.1021/acs.est.0c05705,soil,S10,ADONA,PFECA,C7H2F12O4,377.976,1.2,-,0,0,0,0.99999369046636566,0,6.3095336343360528E-6,1,0,-0.99999369046636566,376.97600630953366,96485,-255.94305634779391,7,12,0.36842105263157893,60.321290240650207,6,3.9716932389498609,4.0999999999999996,6.4,1:10 CaCl2,not reported,not reported,not reported,not reported,not reported,not reported,not reported,16.54,not reported,29.38,13.9,56.71,not reported,99.990000000000009,0.17,1.7000000000000001E-3,10 mM CaCl2,100,-,5,-,0.24,141.17647058823528,2.1497623203333323,-0.61978875828839397,Reported Kd at the soil pH condition ,,,,,,,,,
623,Milinovic,2015,Science of the Total Environment, 10.1016/j.scitotenv.2014.12.017,soil,ASCO,PFBS,PFSA,C4HF9O3S,299.9502,0.1,-,0,0,0,0.99999999498812764,0,5.0118723111538468E-9,1,0,-0.99999999498812764,298.95020000501182,96485,-322.7460610991796,4,9,0.2807017543859649,57.009463570952775,4,5.53655844257153,2.2999999999999998,8.4,1:25 deionized water,0.40699999999999997,7.2880293669979412,4.07E-2,0.504,18.680504077094145,5.04E-2,Asc / OA,42.8,BaCl2-TEA (pH 8.2),18.5,64.599999999999994,16.899999999999999,Pipette,100,0.2,2E-3,"0,01 M CaCl2 + 0,1 % NaN3",100,-,1,150,0.4,200,2.3010299956639813,-0.3979400086720376,Kd value originated from a linear isotherm,,,,,,,,,
624,Milinovic,2015,Science of the Total Environment, 10.1016/j.scitotenv.2014.12.017,soil,ALM,PFBS,PFSA,C4HF9O3S,299.9502,0.1,-,0,0,0,0.99999601894414336,0,3.981055856666137E-6,1,0,-0.99999601894414336,298.95020398105584,96485,-322.74477355412608,4,9,0.2807017543859649,57.009463570952775,4,5.53655844257153,2.2999999999999998,5.5,1:25 deionized water,1.0129999999999999,18.13949324021846,0.10129999999999999,0.40400000000000003,14.974054855448481,4.0400000000000005E-2,Asc / OA,23.4,BaCl2-TEA (pH 8.2),54.4,35,10.6,Pipette,100,1.6,1.6E-2,"0,01 M CaCl2 + 0,1 % NaN3",100,-,1,150,0.6,37.5,1.5740312677277188,-0.22184874961635639,Kd value originated from a linear isotherm,,,,,,,,,
625,Milinovic,2015,Science of the Total Environment, 10.1016/j.scitotenv.2014.12.017,soil,GOLOSO,PFBS,PFSA,C4HF9O3S,299.9502,0.1,-,0,0,0,0.99999841510931942,0,1.5848906805786579E-6,1,0,-0.99999841510931942,298.95020158489069,96485,-322.74554949388317,4,9,0.2807017543859649,57.009463570952775,4,5.53655844257153,2.2999999999999998,5.9,1:25 deionized water,0.13800000000000001,2.4711254364759605,1.3800000000000002E-2,0.32500000000000001,12.045959970348406,3.2500000000000001E-2,Asc / OA,72.400000000000006,BaCl2-TEA (pH 8.2),73.400000000000006,16.8,9.8000000000000007,Pipette,100,3.9,3.9E-2,"0,01 M CaCl2 + 0,1 % NaN3",100,-,1,150,0.8,20.512820512820515,1.3120253799654444,-9.6910013008056392E-2,Kd value originated from a linear isotherm,,,,,,,,,
626,Milinovic,2015,Science of the Total Environment, 10.1016/j.scitotenv.2014.12.017,soil,DELTA2,PFBS,PFSA,C4HF9O3S,299.9502,0.1,-,0,0,0,0.99999998741074603,0,1.258925395945232E-8,1,0,-0.99999998741074603,298.95020001258922,96485,-322.74605864542895,4,9,0.2807017543859649,57.009463570952775,4,5.53655844257153,2.2999999999999998,8,1:25 deionized water,2.9660000000000002,53.111290178171728,0.29660000000000003,0.23,8.5248332097850259,2.3E-2,Asc / OA,89.3,BaCl2-TEA (pH 8.2),12.2,54.3,33.5,Pipette,100,7.7,7.6999999999999999E-2,"0,01 M CaCl2 + 0,1 % NaN3",100,-,1,150,1.6,20.779220779220779,1.317629257483443,0.20411998265592479,Kd value originated from a linear isotherm,,,,,,,,,
627,Milinovic,2015,Science of the Total Environment, 10.1016/j.scitotenv.2014.12.017,soil,OVI01,PFBS,PFSA,C4HF9O3S,299.9502,0.1,-,0,0,0,0.99999205678074798,0,7.9432192520095278E-6,1,0,-0.99999205678074798,298.95020794321925,96485,-322.74349050399752,4,9,0.2807017543859649,57.009463570952775,4,5.53655844257153,2.2999999999999998,5.2,1:25 deionized water,4.5149999999999997,80.848777867311313,0.45149999999999996,0.377,13.973313565604151,3.7699999999999997E-2,Asc / OA,46.3,BaCl2-TEA (pH 8.2),41.3,39.799999999999997,18.899999999999999,Pipette,100,9.4,9.4E-2,"0,01 M CaCl2 + 0,1 % NaN3",100,-,1,150,1.4,14.893617021276595,1.1730001820785394,0.14612803567823801,Kd value originated from a linear isotherm,,,,,,,,,
628,Milinovic,2015,Science of the Total Environment, 10.1016/j.scitotenv.2014.12.017,soil,DUBLIN,PFBS,PFSA,C4HF9O3S,299.9502,0.1,-,0,0,0,0.9999974881198781,0,2.5118801219519806E-6,1,0,-0.9999974881198781,298.95020251188015,96485,-322.74524931091884,4,9,0.2807017543859649,57.009463570952775,4,5.53655844257153,2.2999999999999998,5.7,1:25 deionized water,10.64,190.52735249350883,1.0640000000000001,0.16700000000000001,6.1897702001482582,1.67E-2,Asc / OA,130,BaCl2-TEA (pH 8.2),20.7,78,1.3,Pipette,100,39,0.39,"0,01 M CaCl2 + 0,1 % NaN3",100,-,1,150,6.8,17.435897435897434,1.2414443056797371,0.83250891270623628,Kd value originated from a linear isotherm,,,,,,,,,
629,McLachlan,2019,Chemosphere, 10.1016/j.chemosphere.2019.02.012,soil,Lower Layer,PFBS,PFSA,C4HF9O3S,299.9502,0.1,-,0,0,0,0.99999292059227451,0,7.0794077254728099E-6,1,0,-0.99999292059227451,298.95020707940773,96485,-322.74377022832186,4,9,0.2807017543859649,57.009463570952775,4,5.53655844257153,2.2999999999999998,5.25,not reported,not reported,not reported,not reported,not reported,not reported,not reported,not reported,5.7023166666666656,KNN input,100,0,0,not reported,100,0.4,4.0000000000000001E-3,deionized water,200,-,1,1000,0.44,110,2.0413926851582249,-0.35654732351381258,Mean Kd value at the certain condition reported in Table S9,,,,,,,,,
630,McLachlan,2019,Chemosphere, 10.1016/j.chemosphere.2019.02.012,soil,Upper layer,PFBS,PFSA,C4HF9O3S,299.9502,0.1,-,0,0,0,0.99999730847244039,0,2.6915275595868084E-6,1,0,-0.99999730847244039,298.95020269152758,96485,-322.74519113646966,4,9,0.2807017543859649,57.009463570952775,4,5.53655844257153,2.2999999999999998,5.67,not reported,not reported,not reported,not reported,not reported,not reported,not reported,not reported,9.2037666666666649,KNN input,71,24,5,not reported,100,0.93,9.300000000000001E-3,deionized water,200,-,1,1000,0.5,53.763440860215049,1.7304870557820837,-0.3010299956639812,Mean Kd value at the certain condition reported in Table S9,,,,,,,,,
631,Li,2019,Science of the Total Environment, 10.1016/j.scitotenv.2018.08.209,soil,soil S1,PFBS,PFSA,C4HF9O3S,299.9502,0.1,-,0,0,0,0.99999690971411737,0,3.0902858826172347E-6,1,0,-0.99999690971411737,298.95020309028587,96485,-322.74506200829472,4,9,0.2807017543859649,57.009463570952775,4,5.53655844257153,2.2999999999999998,5.61,Not reported,6.3647003569415741,113.97081846076773,0.63647003569415739,11.801765398195371,437.42644174185961,1.1801765398195372,CBD,11,Not reported,40.700000000000003,23.3,36,Not reported,100,3.82,3.8199999999999998E-2,10 mM NaN3,125,-,14.99751,299.9502,5.2308627122060837E-2,1.3693357885356241,0.13650995889096101,-1.2814266781973302,Calculated in this study at Cw = 10% S,131.00865862570294,(nmol/kg)/(nmol/L)^N,0.37780000000000002,34.77122447971422,34400,1799.4167729988928,5.2308627122060837E-2,,
632,Li,2019,Science of the Total Environment, 10.1016/j.scitotenv.2018.08.209,soil,soil S2,PFBS,PFSA,C4HF9O3S,299.9502,0.1,-,0,0,0,0.99994111910162875,0,5.8880898371216013E-5,1,0,-0.99994111910162875,298.95025888089833,96485,-322.72699558008406,4,9,0.2807017543859649,57.009463570952775,4,5.53655844257153,2.2999999999999998,4.33,Not reported,2.9725248919782077,53.228129500908004,0.29725248919782077,2.3762298940761086,88.073754413495507,0.23762298940761087,CBD,19,Not reported,46.7,50,3.3,Not reported,100,0.52,5.1999999999999998E-3,10 mM NaN3,125,-,14.99751,299.9502,0.16079225313649834,30.921587141634298,1.4902617772632223,-0.79373487910197849,Calculated in this study at Cw = 10% S,41.995233466406582,(nmol/kg)/(nmol/L)^N,0.61460000000000004,9.0085469159240059,34400,5531.2535078955425,0.16079225313649834,,
633,Li,2019,Science of the Total Environment, 10.1016/j.scitotenv.2018.08.209,soil,soil S3,PFBS,PFSA,C4HF9O3S,299.9502,0.1,-,0,0,0,0.99973091894371013,0,2.6908105628988352E-4,1,0,-0.99973091894371013,298.95046908105633,96485,-322.65892744971853,4,9,0.2807017543859649,57.009463570952775,4,5.53655844257153,2.2999999999999998,3.67,Not reported,1.056120608679316,18.911641305028493,0.1056120608679316,0.53451941938014913,19.811690859160453,5.3451941938014912E-2,CBD,6.57,Not reported,59.3,21.3,19.399999999999999,Not reported,100,0.25800000000000001,2.5800000000000003E-3,10 mM NaN3,125,-,14.99751,299.9502,0.3369368952072429,130.59569581676081,2.1159288636631475,-0.47245143037362231,Calculated in this study at Cw = 10% S,9.6560609854155004,(nmol/kg)/(nmol/L)^N,0.77059999999999995,3.7002841578682664,34400,11590.629195129155,0.3369368952072429,,
634,Li,2019,Science of the Total Environment, 10.1016/j.scitotenv.2018.08.209,soil,soil S4,PFBS,PFSA,C4HF9O3S,299.9502,0.1,-,0,0,0,0.99997116051670853,0,2.8839483291482564E-5,1,0,-0.99997116051670853,298.95022883948332,96485,-322.73672375831916,4,9,0.2807017543859649,57.009463570952775,4,5.53655844257153,2.2999999999999998,4.6399999999999997,Not reported,4.6791038887845202,83.787337967311657,0.46791038887845204,7.7796390741467247,288.34837191055317,0.77796390741467247,CBD,19.600000000000001,Not reported,42,36.700000000000003,21.3,Not reported,100,0.92800000000000005,9.2800000000000001E-3,10 mM NaN3,125,-,14.99751,299.9502,9.9977504056658936E-2,10.773437937139972,1.032354314149792,-1.0000977096313461,Calculated in this study at Cw = 10% S,59.731029481213767,(nmol/kg)/(nmol/L)^N,0.51439999999999997,15.953466697210137,34400,3439.2261395490673,9.9977504056658936E-2,,
635,Li,2019,Science of the Total Environment, 10.1016/j.scitotenv.2018.08.209,soil,soil S5,PFBS,PFSA,C4HF9O3S,299.9502,0.1,-,0,0,0,0.99991088284876106,0,8.9117151238909804E-5,1,0,-0.99991088284876106,298.95028911715121,96485,-322.71720431036613,4,9,0.2807017543859649,57.009463570952775,4,5.53655844257153,2.2999999999999998,4.1500000000000004,Not reported,3.9726920909261692,71.137829544742928,0.39726920909261693,5.1758415064731267,191.83993723028641,0.51758415064731267,CBD,9.76,Not reported,49.3,39.4,11.3,Not reported,99.999999999999986,2.48,2.4799999999999999E-2,10 mM NaN3,125,-,14.99751,299.9502,0.17915211210893206,7.2238754882633902,0.85877025180902644,-0.74677806736475738,Calculated in this study at Cw = 10% S,38.476893389378844,(nmol/kg)/(nmol/L)^N,0.63739999999999997,7.9100280563002352,34400,6162.8326565472626,0.17915211210893206,,
636,Li,2019,Science of the Total Environment, 10.1016/j.scitotenv.2018.08.209,soil,soil S6,PFBS,PFSA,C4HF9O3S,299.9502,0.1,-,0,0,0,0.99983784528867892,0,1.6215471132107731E-4,1,0,-0.99983784528867892,298.95036215471129,96485,-322.69355289408833,4,9,0.2807017543859649,57.009463570952775,4,5.53655844257153,2.2999999999999998,3.89,Not reported,2.0632819838436971,36.946584006512616,0.20632819838436972,0.33553001176932129,12.436249509611612,3.3553001176932128E-2,CBD,2.89,Not reported,60,16,24,Not reported,100,0.99299999999999999,9.9299999999999996E-3,10 mM NaN3,125,-,14.99751,299.9502,0.2336439031150106,23.529093969286063,1.371605204196195,-0.63144554730842384,Calculated in this study at Cw = 10% S,28.687982018213575,(nmol/kg)/(nmol/L)^N,0.69340000000000002,5.7472921123717633,34400,8037.3502671563647,0.2336439031150106,,
637,Enevoldsen,2010,Analytical Bioanalytical Chemistry,10.1007/s00216-010-4066-0,soil,Sj. Odde,PFBS,PFSA,C4HF9O3S,299.9502,0.1,-,0,0,0,0.99999996837722438,0,3.1622775601683729E-8,1,0,-0.99999996837722438,298.95020003162278,96485,-322.74605248188618,4,9,0.2807017543859649,57.009463570952775,4,5.53655844257153,2.2999999999999998,7.6,not reported,8.1199999999999992,145.40245321873041,0.81199999999999994,1.294,47.961452928094886,0.12940000000000002,CBD,5.6985666666666646,KNN input,41,22,37,not reported,100,0.42,4.1999999999999997E-3,"0,1 M CaCl2",480,-,0.02,1,7.0000000000000007E-2,16.666666666666668,1.2218487496163564,-1.1549019599857431,Kd value originated from a linear isotherm,,,,,,,,,
638,Enevoldsen,2010,Analytical Bioanalytical Chemistry,10.1007/s00216-010-4066-0,soil,Jynnevard,PFBS,PFSA,C4HF9O3S,299.9502,0.1,-,0,0,0,0.99999900000099995,0,9.9999900000100006E-7,1,0,-0.99999900000099995,298.95020099999903,96485,-322.74573889681642,4,9,0.2807017543859649,57.009463570952775,4,5.53655844257153,2.2999999999999998,6.1,not reported,2.73,48.885307547676604,0.27300000000000002,2.6320000000000001,97.553743513713854,0.26319999999999999,CBD,12.81991666666667,KNN input,94,1,5,not reported,100,1,0.01,"0,1 M CaCl2",480,-,0.02,1,0.41,41,1.6127838567197355,-0.38721614328026455,Kd value originated from a linear isotherm,,,,,,,,,
639,Guelfo,2013,Environmental Science and Technology, 10.1021/es3048043,soil,Loamy sand A,PFBS,PFSA,C4HF9O3S,299.9502,0.1,-,0,0,0,0.99999900000099995,0,9.9999900000100006E-7,1,0,-0.99999900000099995,298.95020099999903,96485,-322.74573889681642,4,9,0.2807017543859649,57.009463570952775,4,5.53655844257153,2.2999999999999998,6.1,not reported,2.21,39.573820395738203,0.221,0.93,34.469977761304669,9.2999999999999999E-2,CBD,14.27683666666667,KNN input,81,1,9,not reported,91,1.7,1.7000000000000001E-2,AGW + 1g/L NaN3,375,-,0.5,1000,0.8,47.058823529411761,1.6726410656136697,-9.6910013008056392E-2,Reported Kd was interpolated in the examined study at Cw = 5 pM,,,,,,,,,
640,Guelfo,2013,Environmental Science and Technology, 10.1021/es3048043,soil,Loam B,PFBS,PFSA,C4HF9O3S,299.9502,0.1,-,0,0,0,0.99999998004737722,0,1.995262275158161E-8,1,0,-0.99999998004737722,298.9502000199526,96485,-322.74605626098116,4,9,0.2807017543859649,57.009463570952775,4,5.53655844257153,2.2999999999999998,7.8,not reported,6.14,0.61399999999999999,0.61399999999999999,1.67,0.16699999999999998,0.16699999999999998,CBD,6.4956666666666676,KNN input,33,42,25,not reported,100,4.5,4.4999999999999998E-2,AGW + 1g/L NaN3,375,-,0.5,1000,2.35,52.222222222222229,1.7178553484963925,0.37106786227173627,Reported Kd was interpolated in the examined study at Cw = 5 pM,,,,,,,,,
641,Guelfo,2013,Environmental Science and Technology, 10.1021/es3048043,soil,Sandy Clay Loam C,PFBS,PFSA,C4HF9O3S,299.9502,0.1,-,0,0,0,0.99999205678074798,0,7.9432192520095278E-6,1,0,-0.99999205678074798,298.95020794321925,96485,-322.74349050399752,4,9,0.2807017543859649,57.009463570952775,4,5.53655844257153,2.2999999999999998,5.2,not reported,24.17,432.80508550452146,2.4170000000000003,3.99,147.88732394366198,0.39900000000000002,CBD,12.009766666666669,KNN input,47,20,33,not reported,100,0.8,8.0000000000000002E-3,AGW + 1g/L NaN3,375,-,0.5,1000,0.46,57.5,1.7596678446896306,-0.33724216831842591,Reported Kd was interpolated in the examined study at Cw = 5 pM,,,,,,,,,
642,Aly,2019,Env Sci WR&T,10.1039/c9ew00426b,soil,-,PFBS,PFSA,C4HF9O3S,299.9502,0.1,-,0,0,0,0.99999987410747471,0,1.2589252533048661E-7,1,0,-0.99999987410747471,298.95020012589254,96485,-322.74602195492218,4,9,0.2807017543859649,57.009463570952775,4,5.53655844257153,2.2999999999999998,7,not reported,not reported,not reported,not reported,not reported,not reported,not reported,not reported,26.903333333333332,not reported,31.549399999999999,38.265099999999997,30.404799999999991,KNN input,100.21929999999999,1.4433333333333334,1.4433333333333333E-2,"0,01 M NaHCO3",500,-,10,100,0.62,42.956120092378754,1.6330250478645509,-0.20760831050174613,Kd value originated from a linear isotherm,,,,,,,,,
643,Gredelj,2020,Science of the Total Environment, 10.1016/j.scitotenv.2019.134766,soil,Agripolis soil,PFBS,PFSA,C4HF9O3S,299.9502,0.1,-,0,0,0,0.99999998004737722,0,1.995262275158161E-8,1,0,-0.99999998004737722,298.9502000199526,96485,-322.74605626098116,4,9,0.2807017543859649,57.009463570952775,4,5.53655844257153,2.2999999999999998,7.8,not reported,not reported,not reported,not reported,not reported,not reported,not reported,not reported,11.17476666666666,KNN input,47,38,15,not reported,100,1.43,1.43E-2,"0,01 M CaCl2 + 1 g/L NaN3",200,-,10,100,0.8,55.944055944055947,1.7477539495268819,-9.6910013008056392E-2,Kd value originated from a linear isotherm,,,,,,,,,
644,Campos-Pereira,2018,Chemosphere, 10.1016/j.chemosphere.2018.05.012,soil,organic soil horitzon,PFBS,PFSA,C4HF9O3S,299.9502,0.1,-,0,0,0,0.99996019086777477,0,3.9809132225250393E-5,1,0,-0.99996019086777477,298.95023980913226,96485,-322.73317150532012,4,9,0.2807017543859649,57.009463570952775,4,5.53655844257153,2.2999999999999998,4.5,deionized water,5.8637250000000002E-2,1.05,5.8637250000000002E-3,0.18454320000000002,6.84,1.8454320000000003E-2,"0,1 M HNO3",21.496500000000001,KNN input,41.737499999999997,35.036999999999999,21.971,KNN input,98.745499999999993,45,0.45,MIXTURE EXPERIMENTS,11.25,-,1.25,-,5.6651643530737559,12.58925411794168,1.1000000000000003,0.75321251377534393, Kd is derived in this study from reported Koc at the Ca / pH 4 / 3 mM condition (Table S7),,,,,,,,,
645,Campos-Pereira,2022,Chemosphere, 10.1016/j.chemosphere.2022.134167,soil,Peat Oi,PFBS,PFSA,C4HF9O3S,299.9502,0.1,-,0,0,0,0.99997488176662641,0,2.5118233373599799E-5,1,0,-0.99997488176662641,298.95022511823339,96485,-322.73792879431534,4,9,0.2807017543859649,57.009463570952775,4,5.53655844257153,2.2999999999999998,4.7,deionized water 40g/L,0.37974599999999997,6.8,3.7974599999999997E-2,0.107928,1.932634971796938,1.07928E-2,OA,14.768748,KNN input,37.396533331999997,37.430266667999987,24.989000000000001,KNN input,99.815799999999996,44.9,0.44900000000000001,10 mM  NaNO3,25,-,2.0996513999999999,59.99004,6.3422935753561669,14.125375446227542,1.1499999999999999,0.80224634100332315,Kd derived in this study from reported Koc value at Ca and pH 4 conditions,,,,,,,,,
646,Campos-Pereira,2022,Chemosphere, 10.1016/j.chemosphere.2022.134167,soil,Peat Oe,PFBS,PFSA,C4HF9O3S,299.9502,0.1,-,0,0,0,0.99990000999900008,0,9.9990000999900097E-5,1,0,-0.99990000999900008,298.95029999000099,96485,-322.71368340483468,4,9,0.2807017543859649,57.009463570952775,4,5.53655844257153,2.2999999999999998,4.0999999999999996,deionized water 40g/L,1.5636599999999998,27.999999999999996,0.15636599999999998,0.45869399999999994,8.2136986301369852,4.5869399999999991E-2,OA,14.715147999999999,KNN input,37.490533331999998,37.393866668000001,24.9392,KNN input,99.823599999999999,46.6,0.46600000000000003,10 mM  NaNO3,25,-,8.998505999999999,-,7.2174854441321648,15.488166189124817,1.1900000000000002,0.85838591669000031,Kd derived in this study from reported Koc value at Ca and pH 4 conditions,,,,,,,,,
647,Campos-Pereira,2022,Chemosphere, 10.1016/j.chemosphere.2022.134167,soil,Mor Oe,PFBS,PFSA,C4HF9O3S,299.9502,0.1,-,0,0,0,0.99987412330575753,0,1.2587669424250327E-4,1,0,-0.99987412330575753,298.95032587669425,96485,-322.70530063562279,4,9,0.2807017543859649,57.009463570952775,4,5.53655844257153,2.2999999999999998,4,deionized water 40g/L,0.279225,5.0000000000000009,2.7922499999999999E-2,0.40473000000000003,7.2473811442385179,4.0473000000000002E-2,OA,14.763688,KNN input,37.414333332000012,37.430866668,24.970400000000001,KNN input,99.815600000000003,53.6,0.53600000000000003,10 mM  NaNO3,25,-,2.0996513999999999,59.99004,7.3988596582714647,13.803842646028851,1.1400000000000001,0.86916478969277011,Kd derived in this study from reported Koc value at Ca and pH 5 conditions,,,,,,,,,
648,Fabregat-Palau,2021,Science of the Total Environment, 10.1016/j.scitotenv.2021.149343,soil,ALM,PFBS,PFSA,C4HF9O3S,299.9502,0.1,-,0,0,0,0.99999601894414336,0,3.981055856666137E-6,1,0,-0.99999601894414336,298.95020398105584,96485,-322.74477355412608,4,9,0.2807017543859649,57.009463570952775,4,5.53655844257153,2.2999999999999998,5.5,1:25 deionized water,1.0129999999999999,18.13949324021846,0.10129999999999999,0.40400000000000003,14.974054855448481,4.0400000000000005E-2,Asc / OA,23.4,BaCl2-TEA (pH 8.2),54.4,35,10.6,Pipette,100,1.6,1.6E-2,"0,01 M CaCl2 + 0,1 % NaN3",100,-,30,-,0.6,37.5,1.5740312677277188,-0.22184874961635639,Reported Kd originated from a single spiked concentration,,,,,,,,,
649,Fabregat-Palau,2021,Science of the Total Environment, 10.1016/j.scitotenv.2021.149343,soil,DELTA2,PFBS,PFSA,C4HF9O3S,299.9502,0.1,-,0,0,0,0.99999998741074603,0,1.258925395945232E-8,1,0,-0.99999998741074603,298.95020001258922,96485,-322.74605864542895,4,9,0.2807017543859649,57.009463570952775,4,5.53655844257153,2.2999999999999998,8,1:25 deionized water,2.9660000000000002,53.111290178171728,0.29660000000000003,0.23,8.5248332097850259,2.3E-2,Asc / OA,87.3,BaCl2-TEA (pH 8.2),12.2,54.3,33.5,Pipette,100,7.7,7.6999999999999999E-2,"0,01 M CaCl2 + 0,1 % NaN3",100,-,30,-,1.6,20.779220779220779,1.317629257483443,0.20411998265592479,Reported Kd originated from a single spiked concentration,,,,,,,,,
650,Fabregat-Palau,2021,Science of the Total Environment, 10.1016/j.scitotenv.2021.149343,soil,OVI01,PFBS,PFSA,C4HF9O3S,299.9502,0.1,-,0,0,0,0.99999205678074798,0,7.9432192520095278E-6,1,0,-0.99999205678074798,298.95020794321925,96485,-322.74349050399752,4,9,0.2807017543859649,57.009463570952775,4,5.53655844257153,2.2999999999999998,5.2,1:25 deionized water,4.5149999999999997,80.848777867311313,0.45149999999999996,0.377,13.973313565604151,3.7699999999999997E-2,Asc / OA,44.3,BaCl2-TEA (pH 8.2),41.3,39.799999999999997,18.899999999999999,Pipette,100,9.4,9.4E-2,"0,01 M CaCl2 + 0,1 % NaN3",100,-,30,-,1.4,14.893617021276595,1.1730001820785394,0.14612803567823801,Reported Kd originated from a single spiked concentration,,,,,,,,,
651,Fabregat-Palau,2021,Science of the Total Environment, 10.1016/j.scitotenv.2021.149343,soil,UIAR,PFBS,PFSA,C4HF9O3S,299.9502,0.1,-,0,0,0,0.99999800474166611,0,1.9952583339051124E-6,1,0,-0.99999800474166611,298.95020199525828,96485,-322.74541660630831,4,9,0.2807017543859649,57.009463570952775,4,5.53655844257153,2.2999999999999998,5.8,1:25 deionized water,6.5019999999999998,116.42940281135286,0.6502,1.732,64.195700518902896,0.17319999999999999,Asc / OA,90,BaCl2-TEA (pH 8.2),46,51,3,Pipette,100,27,0.27,"0,01 M CaCl2 + 0,1 % NaN3",100,-,50,-,1.5,5.5555555555555554,0.74472749489669388,0.17609125905568124,Reported Kd originated from a single spiked concentration,,,,,,,,,
652,Fabregat-Palau,2021,Science of the Total Environment, 10.1016/j.scitotenv.2021.149343,soil,BRA,PFBS,PFSA,C4HF9O3S,299.9502,0.1,-,0,0,0,0.9999974881198781,0,2.5118801219519806E-6,1,0,-0.9999974881198781,298.95020251188015,96485,-322.74524931091884,4,9,0.2807017543859649,57.009463570952775,4,5.53655844257153,2.2999999999999998,5.7,1:25 deionized water,12.358000000000001,221.29107350702839,1.2358,1.0269999999999999,38.065233506300963,0.10269999999999999,Asc / OA,103,BaCl2-TEA (pH 8.2),35,63,2,Pipette,100,32,0.32,"0,01 M CaCl2 + 0,1 % NaN3",100,-,50,-,3,9.375,0.97197127639975645,0.47712125471966244,Reported Kd originated from a single spiked concentration,,,,,,,,,
653,Fabregat-Palau,2021,Science of the Total Environment, 10.1016/j.scitotenv.2021.149343,soil,DUBLIN,PFBS,PFSA,C4HF9O3S,299.9502,0.1,-,0,0,0,0.9999974881198781,0,2.5118801219519806E-6,1,0,-0.9999974881198781,298.95020251188015,96485,-322.74524931091884,4,9,0.2807017543859649,57.009463570952775,4,5.53655844257153,2.2999999999999998,5.7,1:25 deionized water,10.64,190.52735249350883,1.0640000000000001,0.16700000000000001,6.1897702001482582,1.67E-2,Asc / OA,140,BaCl2-TEA (pH 8.2),20.7,78,1.3,Pipette,100,39,0.39,"0,01 M CaCl2 + 0,1 % NaN3",100,-,50,-,6.8,17.435897435897434,1.2414443056797371,0.83250891270623628,Reported Kd originated from a single spiked concentration,,,,,,,,,
654,Fabregat-Palau,2021,Science of the Total Environment, 10.1016/j.scitotenv.2021.149343,soil,KOM,PFBS,PFSA,C4HF9O3S,299.9502,0.1,-,0,0,0,0.9999974881198781,0,2.5118801219519806E-6,1,0,-0.9999974881198781,298.95020251188015,96485,-322.74524931091884,4,9,0.2807017543859649,57.009463570952775,4,5.53655844257153,2.2999999999999998,5.7,1:25 deionized water,19.667999999999999,352.18909481600861,1.9667999999999999,0.48099999999999998,17.828020756115642,4.8099999999999997E-2,Asc / OA,114,BaCl2-TEA (pH 8.2),20,78.900000000000006,1.1000000000000001,Pipette,100,41,0.41,"0,01 M CaCl2 + 0,1 % NaN3",100,-,50,-,3,7.3170731707317076,0.86433739799992693,0.47712125471966244,Reported Kd originated from a single spiked concentration,,,,,,,,,
655,Nguyen,2020,Environmental Science and Technology, 10.1021/acs.est.0c05705,soil,S1,PFBS,PFSA,C4HF9O3S,299.9502,0.1,-,0,0,0,0.9999999601892845,0,3.9810715470456442E-8,1,0,-0.9999999601892845,298.95020003981068,96485,-322.74604983042116,4,9,0.2807017543859649,57.009463570952775,4,5.53655844257153,2.2999999999999998,7.5,1:10 CaCl2,not reported,not reported,not reported,not reported,not reported,not reported,not reported,41.4,not reported,16.899999999999999,17.5,65.599999999999994,not reported,100,0.7,6.9999999999999993E-3,10 mM CaCl2,100,-,5,-,0.41,58.571428571428577,1.7676858167054788,-0.38721614328026455,Reported Kd at the soil pH condition ,,,,,,,,,
656,Nguyen,2020,Environmental Science and Technology, 10.1021/acs.est.0c05705,soil,S2,PFBS,PFSA,C4HF9O3S,299.9502,0.1,-,0,0,0,0.99999980047380832,0,1.9952619168617852E-7,1,0,-0.99999980047380832,298.95020019952619,96485,-322.74599811045152,4,9,0.2807017543859649,57.009463570952775,4,5.53655844257153,2.2999999999999998,6.8,1:10 CaCl2,not reported,not reported,not reported,not reported,not reported,not reported,not reported,7.1,not reported,48.9,27,24.2,not reported,100.10000000000001,0.37,3.7000000000000002E-3,10 mM CaCl2,100,-,5,-,0.36,97.297297297297291,1.9881007767002923,-0.44369749923271273,Reported Kd at the soil pH condition ,,,,,,,,,
657,Nguyen,2020,Environmental Science and Technology, 10.1021/acs.est.0c05705,soil,S3,PFBS,PFSA,C4HF9O3S,299.9502,0.1,-,0,0,0,0.9999992056723962,0,7.9432760376743655E-7,1,0,-0.9999992056723962,298.9502007943276,96485,-322.7458054984919,4,9,0.2807017543859649,57.009463570952775,4,5.53655844257153,2.2999999999999998,6.2,1:10 CaCl2,not reported,not reported,not reported,not reported,not reported,not reported,not reported,8,not reported,51.44,10.17,38.380000000000003,not reported,99.990000000000009,0.08,8.0000000000000004E-4,10 mM CaCl2,100,-,5,-,0.25,312.5,2.4948500216800942,-0.6020599913279624,Reported Kd at the soil pH condition ,,,,,,,,,
658,Nguyen,2020,Environmental Science and Technology, 10.1021/acs.est.0c05705,soil,S4,PFBS,PFSA,C4HF9O3S,299.9502,0.1,-,0,0,0,0.99999997488113634,0,2.5118863684138424E-8,1,0,-0.99999997488113634,298.95020002511887,96485,-322.74605458801977,4,9,0.2807017543859649,57.009463570952775,4,5.53655844257153,2.2999999999999998,7.7,1:10 CaCl2,not reported,not reported,not reported,not reported,not reported,not reported,not reported,4.8,not reported,46,37,17,not reported,100,0.25,2.5000000000000001E-3,10 mM CaCl2,100,-,5,-,0.17,68,1.8325089127062364,-0.769551078621726,Reported Kd at the soil pH condition ,,,,,,,,,
659,Nguyen,2020,Environmental Science and Technology, 10.1021/acs.est.0c05705,soil,S5,PFBS,PFSA,C4HF9O3S,299.9502,0.1,-,0,0,0,0.99999994988127916,0,5.0118720850840682E-8,1,0,-0.99999994988127916,298.95020005011872,96485,-322.74604649242445,4,9,0.2807017543859649,57.009463570952775,4,5.53655844257153,2.2999999999999998,7.4,1:10 CaCl2,not reported,not reported,not reported,not reported,not reported,not reported,not reported,29.6,not reported,39.799999999999997,7.7,52.5,not reported,100,2.23,2.23E-2,10 mM CaCl2,100,-,5,-,0.34,15.24663677130045,1.1831740539940945,-0.46852108295774486,Reported Kd at the soil pH condition ,,,,,,,,,
660,Nguyen,2020,Environmental Science and Technology, 10.1021/acs.est.0c05705,soil,S6,PFBS,PFSA,C4HF9O3S,299.9502,0.1,-,0,0,0,0.99999997488113634,0,2.5118863684138424E-8,1,0,-0.99999997488113634,298.95020002511887,96485,-322.74605458801977,4,9,0.2807017543859649,57.009463570952775,4,5.53655844257153,2.2999999999999998,7.7,1:10 CaCl2,not reported,not reported,not reported,not reported,not reported,not reported,not reported,21.63,not reported,70,11,19,not reported,100,4.9000000000000004,4.9000000000000002E-2,10 mM CaCl2,100,-,5,-,0.5,10.204081632653061,1.0087739243075051,-0.3010299956639812,Reported Kd at the soil pH condition ,,,,,,,,,
661,Nguyen,2020,Environmental Science and Technology, 10.1021/acs.est.0c05705,soil,S7,PFBS,PFSA,C4HF9O3S,299.9502,0.1,-,0,0,0,0.99999997488113634,0,2.5118863684138424E-8,1,0,-0.99999997488113634,298.95020002511887,96485,-322.74605458801977,4,9,0.2807017543859649,57.009463570952775,4,5.53655844257153,2.2999999999999998,7.7,1:10 CaCl2,not reported,not reported,not reported,not reported,not reported,not reported,not reported,7.8,not reported,48.9,32.6,18.5,not reported,100,0.13,1.2999999999999999E-3,10 mM CaCl2,100,-,5,-,0.2,153.84615384615387,2.1870866433571443,-0.69897000433601875,Reported Kd at the soil pH condition ,,,,,,,,,
662,Nguyen,2020,Environmental Science and Technology, 10.1021/acs.est.0c05705,soil,S8,PFBS,PFSA,C4HF9O3S,299.9502,0.1,-,0,0,0,0.9999999601892845,0,3.9810715470456442E-8,1,0,-0.9999999601892845,298.95020003981068,96485,-322.74604983042116,4,9,0.2807017543859649,57.009463570952775,4,5.53655844257153,2.2999999999999998,7.5,1:10 CaCl2,not reported,not reported,not reported,not reported,not reported,not reported,not reported,2.2799999999999998,not reported,93,1,5,not reported,99,0.4,4.0000000000000001E-3,10 mM CaCl2,100,-,5,-,0.05,12.5,1.0969100130080565,-1.3010299956639813,Reported Kd at the soil pH condition ,,,,,,,,,
663,Nguyen,2020,Environmental Science and Technology, 10.1021/acs.est.0c05705,soil,S9,PFBS,PFSA,C4HF9O3S,299.9502,0.1,-,0,0,0,0.99999990000001004,0,9.9999990000001005E-8,1,0,-0.99999990000001004,298.95020009999996,96485,-322.74603033958959,4,9,0.2807017543859649,57.009463570952775,4,5.53655844257153,2.2999999999999998,7.1,1:10 CaCl2,not reported,not reported,not reported,not reported,not reported,not reported,not reported,17.420000000000002,not reported,48.86,16.05,35.090000000000003,not reported,100,1.19,1.1899999999999999E-2,10 mM CaCl2,100,-,5,-,0.24,20.168067226890756,1.3046642803190753,-0.61978875828839397,Reported Kd at the soil pH condition ,,,,,,,,,
664,Nguyen,2020,Environmental Science and Technology, 10.1021/acs.est.0c05705,soil,S10,PFBS,PFSA,C4HF9O3S,299.9502,0.1,-,0,0,0,0.99999949881301753,0,5.0118698243875318E-7,1,0,-0.99999949881301753,298.95020050118694,96485,-322.74590042494691,4,9,0.2807017543859649,57.009463570952775,4,5.53655844257153,2.2999999999999998,6.4,1:10 CaCl2,not reported,not reported,not reported,not reported,not reported,not reported,not reported,16.54,not reported,29.38,13.9,56.71,not reported,99.990000000000009,0.17,1.7000000000000001E-3,10 mM CaCl2,100,-,5,-,0.31,182.35294117647058,2.2609127724559985,-0.50863830616572736,Reported Kd at the soil pH condition ,,,,,,,,,
665,Cai,2022,Science of the Total Environment, 10.1016/j.scitotenv.2022.152975,soil,Clarke Hill,PFBS,PFSA,C4HF9O3S,299.9502,0.1,-,0,0,0,0.99998004777494953,0,1.9952225050461341E-5,1,0,-0.99998004777494953,298.95021995222504,96485,-322.73960168012212,4,9,0.2807017543859649,57.009463570952775,4,5.53655844257153,2.2999999999999998,4.8,1:5 CaCl2,8.3000000000000007,148.62566030978601,0.83000000000000007,7.85,290.95626389918459,0.78499999999999992,???,15.34083666666667,KNN input,32,40,28,not reported,100,4.9000000000000004,4.9000000000000002E-2,500 mM CaCl2,20,-,10,-,7.0000000000000007E-2,1.4285714285714286,0.15490195998574319,-1.1549019599857431,Reported Kd at 0.5 mM Ca condition (from Table S5),,,,,,,,,
666,Cai,2022,Science of the Total Environment, 10.1016/j.scitotenv.2022.152975,soil,Minatoro,PFBS,PFSA,C4HF9O3S,299.9502,0.1,-,0,0,0,0.99999841510931942,0,1.5848906805786579E-6,1,0,-0.99999841510931942,298.95020158489069,96485,-322.74554949388317,4,9,0.2807017543859649,57.009463570952775,4,5.53655844257153,2.2999999999999998,5.9,1:5 CaCl2,1.4,25.069388485988004,0.13999999999999999,0.92,34.099332839140104,9.1999999999999998E-2,???,15.34083666666667,KNN input,37,22,41,not reported,100,2.6,2.6000000000000002E-2,500 mM CaCl2,20,-,10,-,0.19,7.3076923076923075,0.863780252982011,-0.72124639904717103,Reported Kd at 5 mM Ca condition (from Table S5),,,,,,,,,
667,Cai,2022,Science of the Total Environment, 10.1016/j.scitotenv.2022.152975,soil,Clarke Hill,PFPeS,PFSA,C5HF11O3S,349.94699999999995,0.1,-,0,0,0,0.99998004777494953,0,1.9952225050461341E-5,1,0,-0.99998004777494953,348.94701995222499,96485,-276.497775859429,5,11,0.28708133971291866,59.72332953275783,5,4.6680129716418319,3,4.8,1:5 CaCl2,8.3000000000000007,148.62566030978601,0.83000000000000007,7.85,290.95626389918459,0.78499999999999992,???,15.34083666666667,KNN input,32,40,28,not reported,100,4.9000000000000004,4.9000000000000002E-2,500 mM CaCl2,20,-,10,-,0.83,16.938775510204081,1.2288820123475603,-8.092190762392612E-2,Reported Kd at 10 mM Ca condition (from Table S5),,,,,,,,,
668,Cai,2022,Science of the Total Environment, 10.1016/j.scitotenv.2022.152975,soil,Minatoro,PFPeS,PFSA,C5HF11O3S,349.94699999999995,0.1,-,0,0,0,0.99999841510931942,0,1.5848906805786579E-6,1,0,-0.99999841510931942,348.94700158489064,96485,-276.50286904199169,5,11,0.28708133971291866,59.72332953275783,5,4.6680129716418319,3,5.9,1:5 CaCl2,1.4,25.069388485988004,0.13999999999999999,0.92,34.099332839140104,9.1999999999999998E-2,???,15.34083666666667,KNN input,37,22,41,not reported,100,2.6,2.6000000000000002E-2,500 mM CaCl2,20,-,10,-,0.54,20.76923076923077,1.3174204118521506,-0.26760624017703144,Reported Kd at 10 mM Ca condition (from Table S5),,,,,,,,,
669,Nguyen,2020,Environmental Science and Technology, 10.1021/acs.est.0c05705,soil,S1,PFPeS,PFSA,C5HF11O3S,349.94699999999995,0.1,-,0,0,0,0.9999999601892845,0,3.9810715470456442E-8,1,0,-0.9999999601892845,348.94700003981069,96485,-276.50329748602314,5,11,0.28708133971291866,59.72332953275783,5,4.6680129716418319,3,7.5,1:10 CaCl2,not reported,not reported,not reported,not reported,not reported,not reported,not reported,41.4,not reported,16.899999999999999,17.5,65.599999999999994,not reported,100,0.7,6.9999999999999993E-3,10 mM CaCl2,100,-,5,-,0.46,65.714285714285722,1.8176597916673174,-0.33724216831842591,Reported Kd at the soil pH condition ,,,,,,,,,
670,Nguyen,2020,Environmental Science and Technology, 10.1021/acs.est.0c05705,soil,S2,PFPeS,PFSA,C5HF11O3S,349.94699999999995,0.1,-,0,0,0,0.99999980047380832,0,1.9952619168617852E-7,1,0,-0.99999980047380832,348.94700019952614,96485,-276.50325319760816,5,11,0.28708133971291866,59.72332953275783,5,4.6680129716418319,3,6.8,1:10 CaCl2,not reported,not reported,not reported,not reported,not reported,not reported,not reported,7.1,not reported,48.9,27,24.2,not reported,100.10000000000001,0.37,3.7000000000000002E-3,10 mM CaCl2,100,-,5,-,0.4,108.10810810810811,2.0338582672609675,-0.3979400086720376,Reported Kd at the soil pH condition ,,,,,,,,,
671,Nguyen,2020,Environmental Science and Technology, 10.1021/acs.est.0c05705,soil,S3,PFPeS,PFSA,C5HF11O3S,349.94699999999995,0.1,-,0,0,0,0.9999992056723962,0,7.9432760376743655E-7,1,0,-0.9999992056723962,348.94700079432755,96485,-276.50308826173352,5,11,0.28708133971291866,59.72332953275783,5,4.6680129716418319,3,6.2,1:10 CaCl2,not reported,not reported,not reported,not reported,not reported,not reported,not reported,8,not reported,51.44,10.17,38.380000000000003,not reported,99.990000000000009,0.08,8.0000000000000004E-4,10 mM CaCl2,100,-,5,-,0.28000000000000003,350,2.5440680443502757,-0.55284196865778079,Reported Kd at the soil pH condition ,,,,,,,,,
672,Nguyen,2020,Environmental Science and Technology, 10.1021/acs.est.0c05705,soil,S4,PFPeS,PFSA,C5HF11O3S,349.94699999999995,0.1,-,0,0,0,0.99999997488113634,0,2.5118863684138424E-8,1,0,-0.99999997488113634,348.94700002511883,96485,-276.50330156001058,5,11,0.28708133971291866,59.72332953275783,5,4.6680129716418319,3,7.7,1:10 CaCl2,not reported,not reported,not reported,not reported,not reported,not reported,not reported,4.8,not reported,46,37,17,not reported,100,0.25,2.5000000000000001E-3,10 mM CaCl2,100,-,5,-,0.18,72,1.8573324964312685,-0.74472749489669399,Reported Kd at the soil pH condition ,,,,,,,,,
673,Nguyen,2020,Environmental Science and Technology, 10.1021/acs.est.0c05705,soil,S5,PFPeS,PFSA,C5HF11O3S,349.94699999999995,0.1,-,0,0,0,0.99999994988127916,0,5.0118720850840682E-8,1,0,-0.99999994988127916,348.94700005011867,96485,-276.50329462765762,5,11,0.28708133971291866,59.72332953275783,5,4.6680129716418319,3,7.4,1:10 CaCl2,not reported,not reported,not reported,not reported,not reported,not reported,not reported,29.6,not reported,39.799999999999997,7.7,52.5,not reported,100,2.23,2.23E-2,10 mM CaCl2,100,-,5,-,0.37,16.591928251121075,1.2198968610188343,-0.43179827593300502,Reported Kd at the soil pH condition ,,,,,,,,,
674,Nguyen,2020,Environmental Science and Technology, 10.1021/acs.est.0c05705,soil,S6,PFPeS,PFSA,C5HF11O3S,349.94699999999995,0.1,-,0,0,0,0.99999997488113634,0,2.5118863684138424E-8,1,0,-0.99999997488113634,348.94700002511883,96485,-276.50330156001058,5,11,0.28708133971291866,59.72332953275783,5,4.6680129716418319,3,7.7,1:10 CaCl2,not reported,not reported,not reported,not reported,not reported,not reported,not reported,21.63,not reported,70,11,19,not reported,100,4.9000000000000004,4.9000000000000002E-2,10 mM CaCl2,100,-,5,-,0.81,16.530612244897959,1.2182889388501361,-9.1514981121350217E-2,Reported Kd at the soil pH condition ,,,,,,,,,
675,Nguyen,2020,Environmental Science and Technology, 10.1021/acs.est.0c05705,soil,S7,PFPeS,PFSA,C5HF11O3S,349.94699999999995,0.1,-,0,0,0,0.99999997488113634,0,2.5118863684138424E-8,1,0,-0.99999997488113634,348.94700002511883,96485,-276.50330156001058,5,11,0.28708133971291866,59.72332953275783,5,4.6680129716418319,3,7.7,1:10 CaCl2,not reported,not reported,not reported,not reported,not reported,not reported,not reported,7.8,not reported,48.9,32.6,18.5,not reported,100,0.13,1.2999999999999999E-3,10 mM CaCl2,100,-,5,-,0.21,161.53846153846155,2.2082759424270826,-0.6777807052660807,Reported Kd at the soil pH condition ,,,,,,,,,
676,Nguyen,2020,Environmental Science and Technology, 10.1021/acs.est.0c05705,soil,S8,PFPeS,PFSA,C5HF11O3S,349.94699999999995,0.1,-,0,0,0,0.9999999601892845,0,3.9810715470456442E-8,1,0,-0.9999999601892845,348.94700003981069,96485,-276.50329748602314,5,11,0.28708133971291866,59.72332953275783,5,4.6680129716418319,3,7.5,1:10 CaCl2,not reported,not reported,not reported,not reported,not reported,not reported,not reported,2.2799999999999998,not reported,93,1,5,not reported,99,0.4,4.0000000000000001E-3,10 mM CaCl2,100,-,5,-,0.1,25,1.3979400086720377,-1,Reported Kd at the soil pH condition ,,,,,,,,,
677,Nguyen,2020,Environmental Science and Technology, 10.1021/acs.est.0c05705,soil,S9,PFPeS,PFSA,C5HF11O3S,349.94699999999995,0.1,-,0,0,0,0.99999990000001004,0,9.9999990000001005E-8,1,0,-0.99999990000001004,348.94700009999991,96485,-276.50328079579612,5,11,0.28708133971291866,59.72332953275783,5,4.6680129716418319,3,7.1,1:10 CaCl2,not reported,not reported,not reported,not reported,not reported,not reported,not reported,17.420000000000002,not reported,48.86,16.05,35.090000000000003,not reported,100,1.19,1.1899999999999999E-2,10 mM CaCl2,100,-,5,-,0.3,25.210084033613445,1.4015742933271316,-0.52287874528033762,Reported Kd at the soil pH condition ,,,,,,,,,
678,Nguyen,2020,Environmental Science and Technology, 10.1021/acs.est.0c05705,soil,S10,PFPeS,PFSA,C5HF11O3S,349.94699999999995,0.1,-,0,0,0,0.99999949881301753,0,5.0118698243875318E-7,1,0,-0.99999949881301753,348.94700050118695,96485,-276.50316954836757,5,11,0.28708133971291866,59.72332953275783,5,4.6680129716418319,3,6.4,1:10 CaCl2,not reported,not reported,not reported,not reported,not reported,not reported,not reported,16.54,not reported,29.38,13.9,56.71,not reported,99.990000000000009,0.17,1.7000000000000001E-3,10 mM CaCl2,100,-,5,-,0.35,205.88235294117644,2.3136191229720016,-0.45593195564972439,Reported Kd at the soil pH condition ,,,,,,,,,
679,McLachlan,2019,Chemosphere, 10.1016/j.chemosphere.2019.02.012,soil,Lower Layer,PFHxS,PFSA,C6F13O3SH,399.94379999999995,0.1,-,0,0,0,0.99999292059227451,0,7.0794077254728099E-6,1,0,-0.99999292059227451,398.94380707940763,96485,-241.84939139596901,6,13,0.291497975708502,61.758677094131734,6,3.7905666251460763,3.6,5.25,not reported,not reported,not reported,not reported,not reported,not reported,not reported,not reported,5.7023166666666656,KNN input,100,0,0,not reported,100,0.4,4.0000000000000001E-3,deionized water,200,-,1,1000,0.56000000000000005,140,2.1461280356782382,-0.25181197299379954,Mean Kd value at the certain condition reported in Table S9,,,,,,,,,
680,McLachlan,2019,Chemosphere, 10.1016/j.chemosphere.2019.02.012,soil,Upper layer,PFHxS,PFSA,C6F13O3SH,399.94379999999995,0.1,-,0,0,0,0.99999730847244039,0,2.6915275595868084E-6,1,0,-0.99999730847244039,398.94380269152748,96485,-241.85045526968025,6,13,0.291497975708502,61.758677094131734,6,3.7905666251460763,3.6,5.67,not reported,not reported,not reported,not reported,not reported,not reported,not reported,not reported,9.2037666666666649,KNN input,71,24,5,not reported,100,0.93,9.300000000000001E-3,deionized water,200,-,1,1000,2,215.05376344086019,2.332547047110046,0.3010299956639812,Mean Kd value at the certain condition reported in Table S9,,,,,,,,,
681,Campos Pereira,2023,Chemosphere, 10.1016/j.chemosphere.2023.138133,soil,Kungsangen (0-10cm),PFHxS,PFSA,C6F13O3SH,399.94379999999995,0.1,-,0,0,0,0.99999841510931942,0,1.5848906805786579E-6,1,0,-0.99999841510931942,398.94380158489065,96485,-241.85072358190735,6,13,0.291497975708502,61.758677094131734,6,3.7905666251460763,3.6,5.9,ISO 10390:2005,10.052100000000001,180,1.0052100000000002,1.3491,50,0.13491,Oxalate,20,CoHex,4.2,53,43,ISO 11277:2020,100.2,3.1,3.1E-2,10 mM NO3,10,-,-,-,5.1286138399136494,165.43915612624676,2.2186383061657273,0.71, log Kd values reported in Table S7 at pH 5.6,,,,,,,,,
682,Campos Pereira,2023,Chemosphere, 10.1016/j.chemosphere.2023.138133,soil,Paskalampa Bs,PFHxS,PFSA,C6F13O3SH,399.94379999999995,0.1,-,0,0,0,0.99999601894414336,0,3.981055856666137E-6,1,0,-0.99999601894414336,398.94380398105585,96485,-241.85014261408938,6,13,0.291497975708502,61.758677094131734,6,3.7905666251460763,3.6,5.5,ISO 10390:2005,7.2598499999999992,130,0.72598499999999988,13.491,500,1.3491,Oxalate,1,CoHex,54,42,4,ISO 11277:2020,100,2.2000000000000002,2.2000000000000002E-2,10 mM NO3,10,-,-,-,9.1201083935590983,414.55038152541351,2.6175773191777938,0.96, log Kd values reported in Table S7 at pH 5.7,,,,,,,,,
683,Campos Pereira,2023,Chemosphere, 10.1016/j.chemosphere.2023.138133,soil,Arboga (field-contaminated),PFHxS,PFSA,C6F13O3SH,399.94379999999995,0.1,-,0,0,0,0.99999984151070587,0,1.584892941272506E-7,1,0,-0.99999984151070587,398.94380015848924,96485,-241.8510694233866,6,13,0.291497975708502,61.758677094131734,6,3.7905666251460763,3.6,6.9,ISO 10390:2005,7.2598499999999992,130,0.72598499999999988,1.1332439999999999,42,0.11332439999999999,Oxalate,13,CoHex,24,26,50,ISO 11277:2020,100,1.7,1.7000000000000001E-2,10 mM NO3,10,-,-,-,0.34673685045253166,20.396285320737157,1.3095510786217262,-0.46, log Kd values reported in Table S7 at pH 6.8,,,,,,,,,
684,Campos Pereira,2023,Chemosphere, 10.1016/j.chemosphere.2023.138133,soil,Fors,PFHxS,PFSA,C6F13O3SH,399.94379999999995,0.1,-,0,0,0,0.99999999205671775,0,7.9432822841470747E-9,1,0,-0.99999999205671775,398.94380000794325,96485,-241.85110592437161,6,13,0.291497975708502,61.758677094131734,6,3.7905666251460763,3.6,8.1999999999999993,ISO 10390:2005,1.89873,34,0.18987300000000001,0.75549599999999995,28,7.5549599999999995E-2,Oxalate,15,CoHex,27,56,16,ISO 11277:2020,99,1.6,1.6E-2,10 mM NO3,10,-,-,-,4.5708818961487507,285.6801185092969,2.4558800173440751,0.66, log Kd values reported in Table S7 at pH 8.3,,,,,,,,,
685,Campos Pereira,2023,Chemosphere, 10.1016/j.chemosphere.2023.138133,soil,Arboga (field-contaminated),PFHxS,PFSA,C6F13O3SH,399.94379999999995,0.1,-,0,0,0,0.99999601894414336,0,3.981055856666137E-6,1,0,-0.99999601894414336,398.94380398105585,96485,-241.85014261408938,6,13,0.291497975708502,61.758677094131734,6,3.7905666251460763,3.6,5.5,ISO 10390:2005,6.1429499999999999,110,0.61429500000000004,0.83644200000000002,31,8.3644200000000002E-2,Oxalate,8.6,CoHex,27,44,29,ISO 11277:2020,100,1.3,1.3000000000000001E-2,10 mM NO3,10,-,-,-,4.7315125896148054,363.96250689344652,2.5610566476931633,0.67500000000000004, log Kd values reported in Table S7 at pH 5.4,,,,,,,,,
686,Campos Pereira,2023,Chemosphere, 10.1016/j.chemosphere.2023.138133,soil,Nantuna,PFHxS,PFSA,C6F13O3SH,399.94379999999995,0.1,-,0,0,0,0.99999999369042658,0,6.309573404991195E-9,1,0,-0.99999999369042658,398.94380000630957,96485,-241.8511063204763,6,13,0.291497975708502,61.758677094131734,6,3.7905666251460763,3.6,8.3000000000000007,ISO 10390:2005,2.066265,37,0.20662649999999999,0.72851399999999999,27,7.2851399999999997E-2,Oxalate,14,CoHex,80,15,4.4000000000000004,ISO 11277:2020,99.4,1.2,1.2E-2,10 mM NO3,10,-,-,-,2.1627185237270203,180.22654364391835,2.2558187539523753,0.33500000000000002, log Kd values reported in Table S7 at pH 7.3,,,,,,,,,
687,Campos Pereira,2023,Chemosphere, 10.1016/j.chemosphere.2023.138133,soil,Krusenberg,PFHxS,PFSA,C6F13O3SH,399.94379999999995,0.1,-,0,0,0,0.99999601894414336,0,3.981055856666137E-6,1,0,-0.99999601894414336,398.94380398105585,96485,-241.85014261408938,6,13,0.291497975708502,61.758677094131734,6,3.7905666251460763,3.6,5.5,ISO 10390:2005,1.3402799999999999,24,0.13402799999999998,0.32378400000000002,12,3.2378400000000002E-2,Oxalate,2.6,CoHex,86,8,6,ISO 11277:2020,100,1.2,1.2E-2,10 mM NO3,10,-,-,-,7.9432823472428176,661.9401956035681,2.8208187539523752,0.9, log Kd values reported in Table S7 at pH 5.5,,,,,,,,,
688,Campos Pereira,2023,Chemosphere, 10.1016/j.chemosphere.2023.138133,soil,Paskalampa E,PFHxS,PFSA,C6F13O3SH,399.94379999999995,0.1,-,0,0,0,0.99996837822336671,0,3.1621776633305525E-5,1,0,-0.99996837822336671,398.94383162177661,96485,-241.8434409191527,6,13,0.291497975708502,61.758677094131734,6,3.7905666251460763,3.6,4.5999999999999996,ISO 10390:2005,0.1396125,2.5,1.396125E-2,5.12658E-2,1.9,5.1265800000000004E-3,Oxalate,1.8,CoHex,53,40,7,ISO 11277:2020,100,1.1000000000000001,1.1000000000000001E-2,10 mM NO3,10,-,-,-,2.5118864315095806,228.35331195541639,2.358607314841775,0.4, log Kd values reported in Table S7 at pH 5.4,,,,,,,,,
689,Campos Pereira,2023,Chemosphere, 10.1016/j.chemosphere.2023.138133,soil,Kungsangen (70-80cm),PFHxS,PFSA,C6F13O3SH,399.94379999999995,0.1,-,0,0,0,0.99999968377233395,0,3.1622766601686895E-7,1,0,-0.99999968377233395,398.94380031622762,96485,-241.85103117856113,6,13,0.291497975708502,61.758677094131734,6,3.7905666251460763,3.6,6.6,ISO 10390:2005,11.169,200,1.1169,1.3760819999999998,51,0.13760819999999999,Oxalate,16,CoHex,0.68,48,52,ISO 11277:2020,100.68,0.91,9.1000000000000004E-3,10 mM NO3,10,-,-,-,0.54954087385762451,60.389107017321372,1.7809586076789063,-0.26, log Kd values reported in Table S7 at pH 6.6,,,,,,,,,
690,Campos Pereira,2023,Chemosphere, 10.1016/j.chemosphere.2023.138133,soil,Hogasa (subsoil),PFHxS,PFSA,C6F13O3SH,399.94379999999995,0.1,-,0,0,0,0.99999800474166611,0,1.9952583339051124E-6,1,0,-0.99999800474166611,398.9438019952583,96485,-241.85062408526008,6,13,0.291497975708502,61.758677094131734,6,3.7905666251460763,3.6,5.8,ISO 10390:2005,1.6753499999999999,30,0.16753499999999999,0.75549599999999995,28,7.5549599999999995E-2,Oxalate,0.77,CoHex,89,8,3,ISO 11277:2020,100,0.3,3.0000000000000001E-3,10 mM NO3,10,-,-,-,4.5708818961487507,1523.6272987162502,3.1828787452803375,0.66, log Kd values reported in Table S7 at pH 6.0,,,,,,,,,
691,Guelfo,2013,Environmental Science and Technology, 10.1021/es3048043,soil,Loamy sand A,PFHxS,PFSA,C6F13O3SH,399.94379999999995,0.1,-,0,0,0,0.99999900000099995,0,9.9999900000100006E-7,1,0,-0.99999900000099995,398.94380099999893,96485,-241.85086539318539,6,13,0.291497975708502,61.758677094131734,6,3.7905666251460763,3.6,6.1,not reported,2.21,39.573820395738203,0.221,0.93,34.469977761304669,9.2999999999999999E-2,CBD,14.27683666666667,KNN input,81,1,9,not reported,91,1.7,1.7000000000000001E-2,AGW + 1g/L NaN3,375,-,0.5,1000,1.04,61.17647058823529,1.7865844179205064,1.703333929878037E-2,Reported Kd was interpolated in the examined study at Cw = 5 pM,,,,,,,,,
692,Guelfo,2013,Environmental Science and Technology, 10.1021/es3048043,soil,Loam B,PFHxS,PFSA,C6F13O3SH,399.94379999999995,0.1,-,0,0,0,0.99999998004737722,0,1.995262275158161E-8,1,0,-0.99999998004737722,398.94380001995256,96485,-241.85110301261892,6,13,0.291497975708502,61.758677094131734,6,3.7905666251460763,3.6,7.8,not reported,6.14,0.61399999999999999,0.61399999999999999,1.67,0.16699999999999998,0.16699999999999998,CBD,6.4956666666666676,KNN input,33,42,25,not reported,100,4.5,4.4999999999999998E-2,AGW + 1g/L NaN3,375,-,0.5,1000,6.27,139.33333333333334,2.1440550270553729,0.79726754083071638,Reported Kd was interpolated in the examined study at Cw = 5 pM,,,,,,,,,
693,Guelfo,2013,Environmental Science and Technology, 10.1021/es3048043,soil,Sandy Clay Loam C,PFHxS,PFSA,C6F13O3SH,399.94379999999995,0.1,-,0,0,0,0.99999205678074798,0,7.9432192520095278E-6,1,0,-0.99999205678074798,398.94380794321916,96485,-241.84918195853504,6,13,0.291497975708502,61.758677094131734,6,3.7905666251460763,3.6,5.2,not reported,24.17,432.80508550452146,2.4170000000000003,3.99,147.88732394366198,0.39900000000000002,CBD,12.009766666666669,KNN input,47,20,33,not reported,100,0.8,8.0000000000000002E-3,AGW + 1g/L NaN3,375,-,0.5,1000,0.8,100,2,-9.6910013008056392E-2,Reported Kd was interpolated in the examined study at Cw = 5 pM,,,,,,,,,
694,Huiting Chen,2016,Chemosphere, 10.1016/j.chemosphere.2015.10.055,sediment,fresh sediment,PFHxS,PFSA,C6F13O3SH,399.94379999999995,0.1,-,0,0,0,0.99999996837722438,0,3.1622775601683729E-8,1,0,-0.99999996837722438,398.94380003162274,96485,-241.85110018310473,6,13,0.291497975708502,61.758677094131734,6,3.7905666251460763,3.6,7.6,not reported,2.8492E-2,0.51019786910197873,2.8492000000000001E-3,1.2054E-2,0.4467753891771683,1.2054000000000001E-3,not reported,15.90036666666667,KNN input,4,61,35,not reported,100,2.52,2.52E-2,1 mM NaHCO3 + 1 mM NaCl,125,-,0.5,100,1.6595869074375607,65.856623311014317,1.818599459218456,0.22,Reported Kd at Cw = 2.5 ppb,,,,,,,,,
695,Aly,2019,Env Sci WR&T,10.1039/c9ew00426b,soil,-,PFHxS,PFSA,C6F13O3SH,399.94379999999995,0.1,-,0,0,0,0.99999987410747471,0,1.2589252533048661E-7,1,0,-0.99999987410747471,398.94380012589249,96485,-241.85107732671233,6,13,0.291497975708502,61.758677094131734,6,3.7905666251460763,3.6,7,not reported,not reported,not reported,not reported,not reported,not reported,not reported,not reported,26.903333333333332,not reported,31.549399999999999,38.265099999999997,30.404799999999991,KNN input,100.21929999999999,1.4433333333333334,1.4433333333333333E-2,"0,01 M NaHCO3",500,-,10,100,0.45,31.177829099307161,1.4938458721416408,-0.34678748622465633,Reported Kd resulting from Reported Kd originated from a linear isotherm,,,,,,,,,
696,Fabregat-Palau,2021,Science of the Total Environment, 10.1016/j.scitotenv.2021.149343,soil,ALM,PFHxS,PFSA,C6F13O3SH,399.94379999999995,0.1,-,0,0,0,0.99999601894414336,0,3.981055856666137E-6,1,0,-0.99999601894414336,398.94380398105585,96485,-241.85014261408938,6,13,0.291497975708502,61.758677094131734,6,3.7905666251460763,3.6,5.5,1:25 deionized water,1.0129999999999999,18.13949324021846,0.10129999999999999,0.40400000000000003,14.974054855448481,4.0400000000000005E-2,Asc / OA,23.4,BaCl2-TEA (pH 8.2),54.4,35,10.6,Pipette,100,1.6,1.6E-2,"0,01 M CaCl2 + 0,1 % NaN3",100,-,50,-,2.4,150,2.1760912590556813,0.38021124171160603,Reported Kd originated from a single spiked concentration,,,,,,,,,
697,Fabregat-Palau,2021,Science of the Total Environment, 10.1016/j.scitotenv.2021.149343,soil,DELTA2,PFHxS,PFSA,C6F13O3SH,399.94379999999995,0.1,-,0,0,0,0.99999998741074603,0,1.258925395945232E-8,1,0,-0.99999998741074603,398.94380001258918,96485,-241.85110479792169,6,13,0.291497975708502,61.758677094131734,6,3.7905666251460763,3.6,8,1:25 deionized water,2.9660000000000002,53.111290178171728,0.29660000000000003,0.23,8.5248332097850259,2.3E-2,Asc / OA,87.3,BaCl2-TEA (pH 8.2),12.2,54.3,33.5,Pipette,100,7.7,7.6999999999999999E-2,"0,01 M CaCl2 + 0,1 % NaN3",100,-,50,-,4.0999999999999996,53.246753246753244,1.7262931315472536,0.61278385671973545,Reported Kd originated from a single spiked concentration,,,,,,,,,
698,Fabregat-Palau,2021,Science of the Total Environment, 10.1016/j.scitotenv.2021.149343,soil,OVI01,PFHxS,PFSA,C6F13O3SH,399.94379999999995,0.1,-,0,0,0,0.99999205678074798,0,7.9432192520095278E-6,1,0,-0.99999205678074798,398.94380794321916,96485,-241.84918195853504,6,13,0.291497975708502,61.758677094131734,6,3.7905666251460763,3.6,5.2,1:25 deionized water,4.5149999999999997,80.848777867311313,0.45149999999999996,0.377,13.973313565604151,3.7699999999999997E-2,Asc / OA,44.3,BaCl2-TEA (pH 8.2),41.3,39.799999999999997,18.899999999999999,Pipette,100,9.4,9.4E-2,"0,01 M CaCl2 + 0,1 % NaN3",100,-,50,-,5.4,57.446808510638299,1.7592659062232698,0.7323937598229685,Reported Kd originated from a single spiked concentration,,,,,,,,,
699,Fabregat-Palau,2021,Science of the Total Environment, 10.1016/j.scitotenv.2021.149343,soil,UIAR,PFHxS,PFSA,C6F13O3SH,399.94379999999995,0.1,-,0,0,0,0.99999800474166611,0,1.9952583339051124E-6,1,0,-0.99999800474166611,398.9438019952583,96485,-241.85062408526008,6,13,0.291497975708502,61.758677094131734,6,3.7905666251460763,3.6,5.8,1:25 deionized water,6.5019999999999998,116.42940281135286,0.6502,1.732,64.195700518902896,0.17319999999999999,Asc / OA,90,BaCl2-TEA (pH 8.2),46,51,3,Pipette,100,27,0.27,"0,01 M CaCl2 + 0,1 % NaN3",100,-,140,-,18,66.666666666666657,1.8239087409443187,1.255272505103306,Reported Kd originated from a single spiked concentration,,,,,,,,,
700,Fabregat-Palau,2021,Science of the Total Environment, 10.1016/j.scitotenv.2021.149343,soil,BRA,PFHxS,PFSA,C6F13O3SH,399.94379999999995,0.1,-,0,0,0,0.9999974881198781,0,2.5118801219519806E-6,1,0,-0.9999974881198781,398.94380251188011,96485,-241.85049882651887,6,13,0.291497975708502,61.758677094131734,6,3.7905666251460763,3.6,5.7,1:25 deionized water,12.358000000000001,221.29107350702839,1.2358,1.0269999999999999,38.065233506300963,0.10269999999999999,Asc / OA,103,BaCl2-TEA (pH 8.2),35,63,2,Pipette,100,32,0.32,"0,01 M CaCl2 + 0,1 % NaN3",100,-,140,-,17,53.125,1.7252989430583681,1.2304489213782739,Reported Kd originated from a single spiked concentration,,,,,,,,,
701,Fabregat-Palau,2021,Science of the Total Environment, 10.1016/j.scitotenv.2021.149343,soil,DUBLIN,PFHxS,PFSA,C6F13O3SH,399.94379999999995,0.1,-,0,0,0,0.9999974881198781,0,2.5118801219519806E-6,1,0,-0.9999974881198781,398.94380251188011,96485,-241.85049882651887,6,13,0.291497975708502,61.758677094131734,6,3.7905666251460763,3.6,5.7,1:25 deionized water,10.64,190.52735249350883,1.0640000000000001,0.16700000000000001,6.1897702001482582,1.67E-2,Asc / OA,140,BaCl2-TEA (pH 8.2),20.7,78,1.3,Pipette,100,39,0.39,"0,01 M CaCl2 + 0,1 % NaN3",100,-,140,-,21,53.846153846153847,1.73115468770742,1.3222192947339193,Reported Kd originated from a single spiked concentration,,,,,,,,,
702,Fabregat-Palau,2021,Science of the Total Environment, 10.1016/j.scitotenv.2021.149343,soil,KOM,PFHxS,PFSA,C6F13O3SH,399.94379999999995,0.1,-,0,0,0,0.9999974881198781,0,2.5118801219519806E-6,1,0,-0.9999974881198781,398.94380251188011,96485,-241.85049882651887,6,13,0.291497975708502,61.758677094131734,6,3.7905666251460763,3.6,5.7,1:25 deionized water,19.667999999999999,352.18909481600861,1.9667999999999999,0.48099999999999998,17.828020756115642,4.8099999999999997E-2,Asc / OA,114,BaCl2-TEA (pH 8.2),20,78.900000000000006,1.1000000000000001,Pipette,100,41,0.41,"0,01 M CaCl2 + 0,1 % NaN3",100,-,140,-,18,43.902439024390247,1.6424886483835706,1.255272505103306,Reported Kd originated from a single spiked concentration,,,,,,,,,
703,Oliver,2020,Science of the Total Environment, 10.1016/j.scitotenv.2020.1372630048-9697,sediment,N1,PFHxS,PFSA,C6F13O3SH,399.94379999999995,0.1,-,0,0,0,0.99999988779816718,0,1.1220183284094351E-7,1,0,-0.99999988779816718,398.94380011220176,96485,-241.8510806461212,6,13,0.291497975708502,61.758677094131734,6,3.7905666251460763,3.6,7.05,not reported,9.9,177.27639000805803,0.99,3.3,122.31282431430689,0.32999999999999996,E. A.,7.6433666666666662,KNN input,78,5,11,not reported,94,1.6,1.6E-2,15 PSU ASW,20,-,10,-,0.98,61.25,1.7871060930365701,-8.7739243075051505E-3,Reported Kd originated from a single spiked concentration,,,,,,,,,
704,Oliver,2020,Science of the Total Environment, 10.1016/j.scitotenv.2020.1372630048-9697,sediment,N4,PFHxS,PFSA,C6F13O3SH,399.94379999999995,0.1,-,0,0,0,0.99999993690426958,0,6.3095730466947729E-8,1,0,-0.99999993690426958,398.94380006309569,96485,-241.85109255225598,6,13,0.291497975708502,61.758677094131734,6,3.7905666251460763,3.6,7.3,not reported,1.1000000000000001,19.697376667562004,0.11000000000000001,0.54,20.014825796886583,5.4000000000000006E-2,E. A.,14.54611666666667,KNN input,92,0.7,3.1,not reported,95.8,0.5,5.0000000000000001E-3,15 PSU ASW,20,-,10,-,0.87,174,2.2405492482825999,-6.0480747381381476E-2,Reported Kd originated from a single spiked concentration,,,,,,,,,
705,Oliver,2020,Science of the Total Environment, 10.1016/j.scitotenv.2020.1372630048-9697,sediment,N7,PFHxS,PFSA,C6F13O3SH,399.94379999999995,0.1,-,0,0,0,0.99999991871695504,0,8.128304500947571E-8,1,0,-0.99999991871695504,398.94380008128303,96485,-241.85108814260812,6,13,0.291497975708502,61.758677094131734,6,3.7905666251460763,3.6,7.19,not reported,3,53.720118184260009,0.3,1.2,44.477390659747961,0.12,E. A.,5.4888166666666667,KNN input,83,1.9,5.3,not reported,90.2,2.7,2.7000000000000003E-2,15 PSU ASW,20,-,10,-,2.29,84.81481481481481,1.9284717181809006,0.35983548233988799,Reported Kd originated from a single spiked concentration,,,,,,,,,
706,Oliver,2020,Science of the Total Environment, 10.1016/j.scitotenv.2020.1372630048-9697,sediment,N9-FC,PFHxS,PFSA,C6F13O3SH,399.94379999999995,0.1,-,0,0,0,0.9999999601892845,0,3.9810715470456442E-8,1,0,-0.9999999601892845,398.94380003981064,96485,-241.85109819787866,6,13,0.291497975708502,61.758677094131734,6,3.7905666251460763,3.6,7.5,not reported,2.2000000000000002,39.394753335124008,0.22000000000000003,8,296.51593773165308,0.8,E. A.,5.670066666666667,KNN input,76,6,13,not reported,95,1.1000000000000001,1.1000000000000001E-2,15 PSU ASW,20,-,10,-,1.08,98.181818181818173,1.9920310703287247,3.342375548694973E-2,Reported Kd originated from a single spiked concentration,,,,,,,,,
707,Oliver,2020,Science of the Total Environment, 10.1016/j.scitotenv.2020.1372630048-9697,sediment,N10-TC,PFHxS,PFSA,C6F13O3SH,399.94379999999995,0.1,-,0,0,0,0.99999981379132097,0,1.8620867899260757E-7,1,0,-0.99999981379132097,398.94380018620865,96485,-241.85106270261835,6,13,0.291497975708502,61.758677094131734,6,3.7905666251460763,3.6,6.83,not reported,47,841.61518488674005,4.7,20,741.28984432913273,2,E. A.,8.2616166666666668,KNN input,13,14,53,not reported,80,5,0.05,15 PSU ASW,20,-,10,-,5.69,113.8,2.0561422620590522,0.75511226639507123,Reported Kd originated from a single spiked concentration,,,,,,,,,
708,Oliver,2020,Science of the Total Environment, 10.1016/j.scitotenv.2020.1372630048-9697,sediment,N12,PFHxS,PFSA,C6F13O3SH,399.94379999999995,0.1,-,0,0,0,0.99999979107043058,0,2.0892956943382908E-7,1,0,-0.99999979107043058,398.94380020892953,96485,-241.85105719377182,6,13,0.291497975708502,61.758677094131734,6,3.7905666251460763,3.6,6.78,not reported,21,376.04082728982007,2.1,1.8,66.716085989621945,0.18,E. A.,5.6660666666666657,KNN input,88,2.1,5.7,not reported,95.8,1.1000000000000001,1.1000000000000001E-2,15 PSU ASW,20,-,10,-,1.83,166.36363636363635,2.2210584045722044,0.26245108973042947,Reported Kd originated from a single spiked concentration,,,,,,,,,
709,Oliver,2020,Science of the Total Environment, 10.1016/j.scitotenv.2020.1372630048-9697,sediment,N13,PFHxS,PFSA,C6F13O3SH,399.94379999999995,0.1,-,0,0,0,0.99999973697327005,0,2.6302673000645904E-7,1,0,-0.99999973697327005,398.94380026302667,96485,-241.8510440775184,6,13,0.291497975708502,61.758677094131734,6,3.7905666251460763,3.6,6.68,not reported,0.62,11.102157758080402,6.2E-2,0.7,25.945144551519643,6.9999999999999993E-2,E. A.,9.8359666666666676,KNN input,96,0,0.5,not reported,96.5,0.3,3.0000000000000001E-3,15 PSU ASW,20,-,10,-,0.44,146.66666666666666,2.1663314217665248,-0.35654732351381258,Reported Kd originated from a single spiked concentration,,,,,,,,,
710,Oliver,2020,Science of the Total Environment, 10.1016/j.scitotenv.2020.1372630048-9697,sediment,N14,PFHxS,PFSA,C6F13O3SH,399.94379999999995,0.1,-,0,0,0,0.99999925869030826,0,7.413096917604484E-7,1,0,-0.99999925869030826,398.94380074130964,96485,-241.85092811430573,6,13,0.291497975708502,61.758677094131734,6,3.7905666251460763,3.6,6.23,not reported,25,447.66765153550006,2.5,11,407.70941438102295,1.1000000000000001,E. A.,5.7400666666666664,KNN input,75,8.6,8.8000000000000007,not reported,92.399999999999991,3.6,3.6000000000000004E-2,15 PSU ASW,20,-,10,-,3.19,88.6111111111111,1.9474881822898937,0.50379068305718111,Reported Kd originated from a single spiked concentration,,,,,,,,,
711,Oliver,2020,Science of the Total Environment, 10.1016/j.scitotenv.2020.1372630048-9697,sediment,N15,PFHxS,PFSA,C6F13O3SH,399.94379999999995,0.1,-,0,0,0,0.99999993543458121,0,6.4565418734771836E-8,1,0,-0.99999993543458121,398.94380006456538,96485,-241.85109219591922,6,13,0.291497975708502,61.758677094131734,6,3.7905666251460763,3.6,7.29,not reported,5.3,94.905542125526011,0.53,2.1,77.835433654558926,0.21000000000000002,E. A.,6.4225666666666674,KNN input,90,2.2999999999999998,0.3,not reported,92.6,0.7,6.9999999999999993E-3,15 PSU ASW,20,-,10,-,0.73,104.28571428571429,2.018224820106199,-0.13667713987954411,Reported Kd originated from a single spiked concentration,,,,,,,,,
712,Oliver,2020,Science of the Total Environment, 10.1016/j.scitotenv.2020.1372630048-9697,sediment,N16,PFHxS,PFSA,C6F13O3SH,399.94379999999995,0.1,-,0,0,0,0.99999992237529434,0,7.7624705637273547E-8,1,0,-0.99999992237529434,398.94380007762464,96485,-241.85108902959934,6,13,0.291497975708502,61.758677094131734,6,3.7905666251460763,3.6,7.21,not reported,37,662.54812427254012,3.7,4.9000000000000004,181.61601186063751,0.49000000000000005,E. A.,8.0642166666666668,KNN input,57,8,15,not reported,80,4.8,4.8000000000000001E-2,15 PSU ASW,20,-,10,-,2.41,50.208333333333336,1.7007758051992812,0.3820170425748684,Reported Kd originated from a single spiked concentration,,,,,,,,,
713,Oliver,2020,Science of the Total Environment, 10.1016/j.scitotenv.2020.1372630048-9697,sediment,S6,PFHxS,PFSA,C6F13O3SH,399.94379999999995,0.1,-,0,0,0,0.99999987977357097,0,1.2022642900734515E-7,1,0,-0.99999987977357097,398.94380012022634,96485,-241.85107870049899,6,13,0.291497975708502,61.758677094131734,6,3.7905666251460763,3.6,7.02,not reported,22,393.94753335124005,2.2000000000000002,5.9,218.68050407709413,0.59000000000000008,E. A.,14.11508666666667,KNN input,45,24,20,not reported,89,2.9,2.8999999999999998E-2,15 PSU ASW,20,-,10,-,3.47,119.65517241379312,2.0779314768919179,0.54032947479087379,Reported Kd originated from a single spiked concentration,,,,,,,,,
714,Oliver,2020,Science of the Total Environment, 10.1016/j.scitotenv.2020.1372630048-9697,sediment,S7,PFHxS,PFSA,C6F13O3SH,399.94379999999995,0.1,-,0,0,0,0.99999994629682321,0,5.3703176752993845E-8,1,0,-0.99999994629682321,398.94380005370311,96485,-241.85109482954951,6,13,0.291497975708502,61.758677094131734,6,3.7905666251460763,3.6,7.37,not reported,6.9,123.55627182379801,0.69000000000000006,3.1,114.89992587101557,0.31,E. A.,15.382516666666669,KNN input,73,4,9,not reported,86,5.7,5.7000000000000002E-2,15 PSU ASW,20,-,10,-,3.46,60.701754385964911,1.7832012431202853,0.53907609879277663,Reported Kd originated from a single spiked concentration,,,,,,,,,
715,Oliver,2020,Science of the Total Environment, 10.1016/j.scitotenv.2020.1372630048-9697,sediment,S9,PFHxS,PFSA,C6F13O3SH,399.94379999999995,0.1,-,0,0,0,0.99999996532631619,0,3.467368384298878E-8,1,0,-0.99999996532631619,398.9438000346737,96485,-241.85109944338961,6,13,0.291497975708502,61.758677094131734,6,3.7905666251460763,3.6,7.56,not reported,1.5,26.860059092130005,0.15,0.6,22.23869532987398,0.06,E. A.,11.48601666666667,KNN input,98,0.1,0.6,not reported,98.699999999999989,0.1,1E-3,15 PSU ASW,20,-,10,-,0.35,349.99999999999994,2.5440680443502757,-0.45593195564972439,Reported Kd originated from a single spiked concentration,,,,,,,,,
716,Oliver,2020,Science of the Total Environment, 10.1016/j.scitotenv.2020.1372630048-9697,sediment,S11,PFHxS,PFSA,C6F13O3SH,399.94379999999995,0.1,-,0,0,0,0.99999997601167134,0,2.3988328614754938E-8,1,0,-0.99999997601167134,398.94380002398827,96485,-241.85110203413242,6,13,0.291497975708502,61.758677094131734,6,3.7905666251460763,3.6,7.72,not reported,12,214.88047273704004,1.2,5.8,214.97405485544849,0.57999999999999996,E. A.,8.416266666666667,KNN input,32,31,38,not reported,101,11,0.11,15 PSU ASW,20,-,10,-,7.71,70.090909090909093,1.8456616928927319,0.88705437805095699,Reported Kd originated from a single spiked concentration,,,,,,,,,
717,Oliver,2020,Science of the Total Environment, 10.1016/j.scitotenv.2020.1372630048-9697,sediment,S13,PFHxS,PFSA,C6F13O3SH,399.94379999999995,0.1,-,0,0,0,0.99999984151070587,0,1.584892941272506E-7,1,0,-0.99999984151070587,398.94380015848924,96485,-241.8510694233866,6,13,0.291497975708502,61.758677094131734,6,3.7905666251460763,3.6,6.9,not reported,42,752.08165457964014,4.2,1,37.064492216456635,0.1,E. A.,5.6875666666666662,KNN input,19,36,32,not reported,87,5.9,5.9000000000000004E-2,15 PSU ASW,20,-,10,-,4.18,70.847457627118629,1.850324270132891,0.62117628177503514,Reported Kd originated from a single spiked concentration,,,,,,,,,
718,Oliver,2020,Science of the Total Environment, 10.1016/j.scitotenv.2020.1372630048-9697,sediment,Syd1,PFHxS,PFSA,C6F13O3SH,399.94379999999995,0.1,-,0,0,0,0.99999979107043058,0,2.0892956943382908E-7,1,0,-0.99999979107043058,398.94380020892953,96485,-241.85105719377182,6,13,0.291497975708502,61.758677094131734,6,3.7905666251460763,3.6,6.78,not reported,15,268.60059092130001,1.5,4.9000000000000004,181.61601186063751,0.49000000000000005,E. A.,6.7671166666666656,KNN input,79,4,9,not reported,92,3.2,3.2000000000000001E-2,15 PSU ASW,20,-,10,-,2.83,88.4375,1.9466364572043842,0.45178643552429026,Reported Kd originated from a single spiked concentration,,,,,,,,,
719,Oliver,2020,Science of the Total Environment, 10.1016/j.scitotenv.2020.1372630048-9697,sediment,Syd2,PFHxS,PFSA,C6F13O3SH,399.94379999999995,0.1,-,0,0,0,0.99999993081690774,0,6.9183092305592872E-8,1,0,-0.99999993081690774,398.94380006918306,96485,-241.85109107633042,6,13,0.291497975708502,61.758677094131734,6,3.7905666251460763,3.6,7.26,not reported,26,465.57435759692004,2.6,9.1999999999999993,340.99332839140101,0.91999999999999993,E. A.,12.88201666666667,KNN input,37,14,34,not reported,85,10,0.1,15 PSU ASW,20,-,10,-,8.18,81.8,1.9127533036713229,0.91275330367132301,Reported Kd originated from a single spiked concentration,,,,,,,,,
720,Oliver,2020,Science of the Total Environment, 10.1016/j.scitotenv.2020.1372630048-9697,sediment,Syd4,PFHxS,PFSA,C6F13O3SH,399.94379999999995,0.1,-,0,0,0,0.99999991682362976,0,8.3176370191957686E-8,1,0,-0.99999991682362976,398.94380008317631,96485,-241.85108768355752,6,13,0.291497975708502,61.758677094131734,6,3.7905666251460763,3.6,7.18,not reported,25,447.66765153550006,2.5,8.1999999999999993,303.92883617494442,0.82,E. A.,12.04371666666666,KNN input,44,14,24,not reported,82,10.1,0.10099999999999999,15 PSU ASW,20,-,10,-,6.21,61.485148514851488,1.7887702263939376,0.7930916001765802,Reported Kd originated from a single spiked concentration,,,,,,,,,
721,Oliver,2020,Science of the Total Environment, 10.1016/j.scitotenv.2020.1372630048-9697,sediment,Syd5,PFHxS,PFSA,C6F13O3SH,399.94379999999995,0.1,-,0,0,0,0.99999989767071129,0,1.0232928875679092E-7,1,0,-0.99999989767071129,398.94380010232925,96485,-241.85108303979192,6,13,0.291497975708502,61.758677094131734,6,3.7905666251460763,3.6,7.09,not reported,28,501.38776971976006,2.8,10,370.64492216456637,1,E. A.,15.281916666666669,KNN input,15,26,42,not reported,83,5.6,5.5999999999999994E-2,15 PSU ASW,20,-,10,-,6.21,110.89285714285715,2.0449035731703797,0.7930916001765802,Reported Kd originated from a single spiked concentration,,,,,,,,,
722,Nguyen,2020,Environmental Science and Technology, 10.1021/acs.est.0c05705,soil,S1,PFHxS,PFSA,C6F13O3SH,399.94379999999995,0.1,-,0,0,0,0.9999999601892845,0,3.9810715470456442E-8,1,0,-0.9999999601892845,398.94380003981064,96485,-241.85109819787866,6,13,0.291497975708502,61.758677094131734,6,3.7905666251460763,3.6,7.5,1:10 CaCl2,not reported,not reported,not reported,not reported,not reported,not reported,not reported,41.4,not reported,16.899999999999999,17.5,65.599999999999994,not reported,100,0.7,6.9999999999999993E-3,10 mM CaCl2,100,-,5,-,0.77,110.00000000000001,2.0413926851582249,-0.11350927482751812,Reported Kd at the soil pH condition ,,,,,,,,,
723,Nguyen,2020,Environmental Science and Technology, 10.1021/acs.est.0c05705,soil,S2,PFHxS,PFSA,C6F13O3SH,399.94379999999995,0.1,-,0,0,0,0.99999980047380832,0,1.9952619168617852E-7,1,0,-0.99999980047380832,398.94380019952615,96485,-241.85105947368973,6,13,0.291497975708502,61.758677094131734,6,3.7905666251460763,3.6,6.8,1:10 CaCl2,not reported,not reported,not reported,not reported,not reported,not reported,not reported,7.1,not reported,48.9,27,24.2,not reported,100.10000000000001,0.37,3.7000000000000002E-3,10 mM CaCl2,100,-,5,-,0.69,186.48648648648646,2.2706473666702602,-0.16115090926274472,Reported Kd at the soil pH condition ,,,,,,,,,
724,Nguyen,2020,Environmental Science and Technology, 10.1021/acs.est.0c05705,soil,S3,PFHxS,PFSA,C6F13O3SH,399.94379999999995,0.1,-,0,0,0,0.9999992056723962,0,7.9432760376743655E-7,1,0,-0.9999992056723962,398.94380079432756,96485,-241.85091525972405,6,13,0.291497975708502,61.758677094131734,6,3.7905666251460763,3.6,6.2,1:10 CaCl2,not reported,not reported,not reported,not reported,not reported,not reported,not reported,8,not reported,51.44,10.17,38.380000000000003,not reported,99.990000000000009,0.08,8.0000000000000004E-4,10 mM CaCl2,100,-,5,-,0.4,500,2.6989700043360187,-0.3979400086720376,Reported Kd at the soil pH condition ,,,,,,,,,
725,Nguyen,2020,Environmental Science and Technology, 10.1021/acs.est.0c05705,soil,S4,PFHxS,PFSA,C6F13O3SH,399.94379999999995,0.1,-,0,0,0,0.99999997488113634,0,2.5118863684138424E-8,1,0,-0.99999997488113634,398.94380002511883,96485,-241.85110176002593,6,13,0.291497975708502,61.758677094131734,6,3.7905666251460763,3.6,7.7,1:10 CaCl2,not reported,not reported,not reported,not reported,not reported,not reported,not reported,4.8,not reported,46,37,17,not reported,100,0.25,2.5000000000000001E-3,10 mM CaCl2,100,-,5,-,0.45,180,2.255272505103306,-0.34678748622465633,Reported Kd at the soil pH condition ,,,,,,,,,
726,Nguyen,2020,Environmental Science and Technology, 10.1021/acs.est.0c05705,soil,S5,PFHxS,PFSA,C6F13O3SH,399.94379999999995,0.1,-,0,0,0,0.99999994988127916,0,5.0118720850840682E-8,1,0,-0.99999994988127916,398.94380005011868,96485,-241.85109569862715,6,13,0.291497975708502,61.758677094131734,6,3.7905666251460763,3.6,7.4,1:10 CaCl2,not reported,not reported,not reported,not reported,not reported,not reported,not reported,29.6,not reported,39.799999999999997,7.7,52.5,not reported,100,2.23,2.23E-2,10 mM CaCl2,100,-,5,-,0.52,23.318385650224215,1.3676984805866386,-0.28399665636520083,Reported Kd at the soil pH condition ,,,,,,,,,
727,Nguyen,2020,Environmental Science and Technology, 10.1021/acs.est.0c05705,soil,S6,PFHxS,PFSA,C6F13O3SH,399.94379999999995,0.1,-,0,0,0,0.99999997488113634,0,2.5118863684138424E-8,1,0,-0.99999997488113634,398.94380002511883,96485,-241.85110176002593,6,13,0.291497975708502,61.758677094131734,6,3.7905666251460763,3.6,7.7,1:10 CaCl2,not reported,not reported,not reported,not reported,not reported,not reported,not reported,21.63,not reported,70,11,19,not reported,100,4.9000000000000004,4.9000000000000002E-2,10 mM CaCl2,100,-,5,-,2.12,43.265306122448983,1.6361397809002378,0.32633586092875144,Reported Kd at the soil pH condition ,,,,,,,,,
728,Nguyen,2020,Environmental Science and Technology, 10.1021/acs.est.0c05705,soil,S7,PFHxS,PFSA,C6F13O3SH,399.94379999999995,0.1,-,0,0,0,0.99999997488113634,0,2.5118863684138424E-8,1,0,-0.99999997488113634,398.94380002511883,96485,-241.85110176002593,6,13,0.291497975708502,61.758677094131734,6,3.7905666251460763,3.6,7.7,1:10 CaCl2,not reported,not reported,not reported,not reported,not reported,not reported,not reported,7.8,not reported,48.9,32.6,18.5,not reported,100,0.13,1.2999999999999999E-3,10 mM CaCl2,100,-,5,-,0.39,300,2.4771212547196626,-0.40893539297350079,Reported Kd at the soil pH condition ,,,,,,,,,
729,Nguyen,2020,Environmental Science and Technology, 10.1021/acs.est.0c05705,soil,S8,PFHxS,PFSA,C6F13O3SH,399.94379999999995,0.1,-,0,0,0,0.9999999601892845,0,3.9810715470456442E-8,1,0,-0.9999999601892845,398.94380003981064,96485,-241.85109819787866,6,13,0.291497975708502,61.758677094131734,6,3.7905666251460763,3.6,7.5,1:10 CaCl2,not reported,not reported,not reported,not reported,not reported,not reported,not reported,2.2799999999999998,not reported,93,1,5,not reported,99,0.4,4.0000000000000001E-3,10 mM CaCl2,100,-,5,-,0.28000000000000003,70,1.8450980400142569,-0.55284196865778079,Reported Kd at the soil pH condition ,,,,,,,,,
730,Nguyen,2020,Environmental Science and Technology, 10.1021/acs.est.0c05705,soil,S9,PFHxS,PFSA,C6F13O3SH,399.94379999999995,0.1,-,0,0,0,0.99999990000001004,0,9.9999990000001005E-8,1,0,-0.99999990000001004,398.94380009999992,96485,-241.85108360454748,6,13,0.291497975708502,61.758677094131734,6,3.7905666251460763,3.6,7.1,1:10 CaCl2,not reported,not reported,not reported,not reported,not reported,not reported,not reported,17.420000000000002,not reported,48.86,16.05,35.090000000000003,not reported,100,1.19,1.1899999999999999E-2,10 mM CaCl2,100,-,5,-,0.56999999999999995,47.899159663865547,1.6803278942799607,-0.24412514432750865,Reported Kd at the soil pH condition ,,,,,,,,,
731,Nguyen,2020,Environmental Science and Technology, 10.1021/acs.est.0c05705,soil,S10,PFHxS,PFSA,C6F13O3SH,399.94379999999995,0.1,-,0,0,0,0.99999949881301753,0,5.0118698243875318E-7,1,0,-0.99999949881301753,398.9438005011869,96485,-241.85098633381807,6,13,0.291497975708502,61.758677094131734,6,3.7905666251460763,3.6,6.4,1:10 CaCl2,not reported,not reported,not reported,not reported,not reported,not reported,not reported,16.54,not reported,29.38,13.9,56.71,not reported,99.990000000000009,0.17,1.7000000000000001E-3,10 mM CaCl2,100,-,5,-,0.63,370.58823529411762,2.5688916280753076,-0.20065945054641829,Reported Kd at the soil pH condition ,,,,,,,,,
732,Cai,2022,Science of the Total Environment, 10.1016/j.scitotenv.2022.152975,soil,Clarke Hill,PFHxS,PFSA,C6F13O3SH,399.94379999999995,0.1,-,0,0,0,0.99998004777494953,0,1.9952225050461341E-5,1,0,-0.99998004777494953,398.943819952225,96485,-241.84627028718029,6,13,0.291497975708502,61.758677094131734,6,3.7905666251460763,3.6,4.8,1:5 CaCl2,8.3000000000000007,148.62566030978601,0.83000000000000007,7.85,290.95626389918459,0.78499999999999992,???,15.34083666666667,KNN input,32,40,28,not reported,100,4.9000000000000004,4.9000000000000002E-2,500 mM CaCl2,20,-,10,-,1.43,29.183673469387752,1.465139957436548,0.1553360374650618,Reported Kd at 5 mM Ca condition (from Table S5),,,,,,,,,
733,Cai,2022,Science of the Total Environment, 10.1016/j.scitotenv.2022.152975,soil,Minatoro,PFHxS,PFSA,C6F13O3SH,399.94379999999995,0.1,-,0,0,0,0.99999841510931942,0,1.5848906805786579E-6,1,0,-0.99999841510931942,398.94380158489065,96485,-241.85072358190735,6,13,0.291497975708502,61.758677094131734,6,3.7905666251460763,3.6,5.9,1:5 CaCl2,1.4,25.069388485988004,0.13999999999999999,0.92,34.099332839140104,9.1999999999999998E-2,???,15.34083666666667,KNN input,37,22,41,not reported,100,2.6,2.6000000000000002E-2,500 mM CaCl2,20,-,10,-,0.69,26.538461538461533,1.4238757427664372,-0.16115090926274472,Reported Kd at 5 mM Ca condition (from Table S5),,,,,,,,,
734,Oliver,2020,Environmental Pollution, 10.1016/j.envpol.2019.113726,soil,1,PFHxS,PFSA,C6F13O3SH,399.94379999999995,0.1,-,0,0,0,0.99999968377233395,0,3.1622766601686895E-7,1,0,-0.99999968377233395,398.94380031622762,96485,-241.85103117856113,6,13,0.291497975708502,61.758677094131734,6,3.7905666251460763,3.6,6.6,1:5 Water,4.17,74.67096427612141,0.41699999999999998,2.58,95.626389918458116,0.25800000000000001,OA,10,NH4Cl (pH 7 or 8),43,12,45,Pipette,100,1.8,1.8000000000000002E-2,"0,5 mM CaCl2",200,-,5 or 7.5,-,0.08,4.4444444444444438,0.64781748188863741,-1.0969100130080565,Reported Kd originated from a single spiked concentration,,,,,,,,,
735,Oliver,2020,Environmental Pollution, 10.1016/j.envpol.2019.113726,soil,2,PFHxS,PFSA,C6F13O3SH,399.94379999999995,0.1,-,0,0,0,0.99999968377233395,0,3.1622766601686895E-7,1,0,-0.99999968377233395,398.94380031622762,96485,-241.85103117856113,6,13,0.291497975708502,61.758677094131734,6,3.7905666251460763,3.6,6.6,1:5 Water,6.06,108.51463873220521,0.60599999999999998,3.75,138.99184581171238,0.375,OA,9.5399999999999991,NH4Cl (pH 7 or 8),36,23,41,Pipette,100,2.1,2.1000000000000001E-2,"0,5 mM CaCl2",20,-,5 or 7.5,-,0.06,2.8571428571428568,0.45593195564972433,-1.2218487496163564,Reported Kd originated from a single spiked concentration,,,,,,,,,
736,Oliver,2020,Environmental Pollution, 10.1016/j.envpol.2019.113726,soil,3,PFHxS,PFSA,C6F13O3SH,399.94379999999995,0.1,-,0,0,0,0.99999936904305364,0,6.309569463732732E-7,1,0,-0.99999936904305364,398.94380063095696,96485,-241.85095487013834,6,13,0.291497975708502,61.758677094131734,6,3.7905666251460763,3.6,6.3,1:5 Water,0.46600000000000003,8.3445250246217206,4.6600000000000003E-2,0.185,6.8569310600444773,1.8499999999999999E-2,OA,2.83,NH4Cl (pH 7 or 8),91,2,7,Pipette,100,0.6,6.0000000000000001E-3,"0,5 mM CaCl2",20,-,5 or 7.5,-,3.92,653.33333333333326,2.8151348166368138,0.59328606702045728,Reported Kd originated from a single spiked concentration,,,,,,,,,
737,Oliver,2020,Environmental Pollution, 10.1016/j.envpol.2019.113726,soil,4,PFHxS,PFSA,C6F13O3SH,399.94379999999995,0.1,-,0,0,0,0.99999993690426958,0,6.3095730466947729E-8,1,0,-0.99999993690426958,398.94380006309569,96485,-241.85109255225598,6,13,0.291497975708502,61.758677094131734,6,3.7905666251460763,3.6,7.3,1:5 Water,7.87,140.92577670337542,0.78700000000000003,2.4,88.954781319495922,0.24,OA,27.69,NH4Cl (pH 7 or 8),27,21,52,Pipette,100,1.8,1.8000000000000002E-2,"0,5 mM CaCl2",20,-,5 or 7.5,-,5.63,312.77777777777771,2.4952358897480402,0.75050839485134624,Reported Kd originated from a single spiked concentration,,,,,,,,,
738,Oliver,2020,Environmental Pollution, 10.1016/j.envpol.2019.113726,soil,5,PFHxS,PFSA,C6F13O3SH,399.94379999999995,0.1,-,0,0,0,0.99999936904305364,0,6.309569463732732E-7,1,0,-0.99999936904305364,398.94380063095696,96485,-241.85095487013834,6,13,0.291497975708502,61.758677094131734,6,3.7905666251460763,3.6,6.3,1:5 Water,4.12,73.775628973050402,0.41200000000000003,2.57,95.255744996293544,0.25700000000000001,OA,7.18,NH4Cl (pH 7 or 8),40,12,48,Pipette,100,1.5,1.4999999999999999E-2,"0,5 mM CaCl2",20,-,5 or 7.5,-,3.39,226.00000000000003,2.3541084391474008,0.53019969820308221,Reported Kd originated from a single spiked concentration,,,,,,,,,
739,Oliver,2020,Environmental Pollution, 10.1016/j.envpol.2019.113726,soil,6,PFHxS,PFSA,C6F13O3SH,399.94379999999995,0.1,-,0,0,0,0.99999000009999905,0,9.9999000009999908E-6,1,0,-0.99999000009999905,398.9438099999,96485,-241.84868330122129,6,13,0.291497975708502,61.758677094131734,6,3.7905666251460763,3.6,5.0999999999999996,1:5 Water,2.35,42.080759244337003,0.23500000000000001,0.92900000000000005,34.43291326908821,9.290000000000001E-2,OA,3.64,NH4Cl (pH 7 or 8),48,22,30,Pipette,100,0.9,9.0000000000000011E-3,"0,5 mM CaCl2",20,-,5 or 7.5,-,0.32,35.55555555555555,1.5509074688805811,-0.49485002168009401,Reported Kd originated from a single spiked concentration,,,,,,,,,
740,Oliver,2020,Environmental Pollution, 10.1016/j.envpol.2019.113726,soil,7,PFHxS,PFSA,C6F13O3SH,399.94379999999995,0.1,-,0,0,0,0.99999949881301753,0,5.0118698243875318E-7,1,0,-0.99999949881301753,398.9438005011869,96485,-241.85098633381807,6,13,0.291497975708502,61.758677094131734,6,3.7905666251460763,3.6,6.4,1:5 Water,2.2599999999999998,40.469155698809203,0.22599999999999998,2.06,76.352853965900664,0.20600000000000002,OA,5.83,NH4Cl (pH 7 or 8),66,12,22,Pipette,100,0.9,9.0000000000000011E-3,"0,5 mM CaCl2",20,-,5 or 7.5,-,0.28000000000000003,31.111111111111111,1.4929155219028944,-0.55284196865778079,Reported Kd originated from a single spiked concentration,,,,,,,,,
741,Oliver,2020,Environmental Pollution, 10.1016/j.envpol.2019.113726,soil,8,PFHxS,PFSA,C6F13O3SH,399.94379999999995,0.1,-,0,0,0,0.99999980047380832,0,1.9952619168617852E-7,1,0,-0.99999980047380832,398.94380019952615,96485,-241.85105947368973,6,13,0.291497975708502,61.758677094131734,6,3.7905666251460763,3.6,6.8,1:5 Water,4.41,78.968573730862204,0.441,1.85,68.56931060044478,0.185,OA,10.86,NH4Cl (pH 7 or 8),54,21,25,Pipette,100,1.1000000000000001,1.1000000000000001E-2,"0,5 mM CaCl2",20,-,5 or 7.5,-,2.71,246.36363636363635,2.3915766057161805,0.43296929087440572,Reported Kd originated from a single spiked concentration,,,,,,,,,
742,Oliver,2020,Environmental Pollution, 10.1016/j.envpol.2019.113726,soil,9,PFHxS,PFSA,C6F13O3SH,399.94379999999995,0.1,-,0,0,0,0.99999990000001004,0,9.9999990000001005E-8,1,0,-0.99999990000001004,398.94380009999992,96485,-241.85108360454748,6,13,0.291497975708502,61.758677094131734,6,3.7905666251460763,3.6,7.1,1:5 Water,3.37,60.345599426985409,0.33700000000000002,1.47,54.484803558191253,0.14699999999999999,OA,15.69,NH4Cl (pH 7 or 8),60,16,24,Pipette,100,1.6,1.6E-2,"0,5 mM CaCl2",20,-,5 or 7.5,-,0.63,39.375,1.5952205667976569,-0.20065945054641829,Reported Kd originated from a single spiked concentration,,,,,,,,,
743,Oliver,2020,Environmental Pollution, 10.1016/j.envpol.2019.113726,soil,11,PFHxS,PFSA,C6F13O3SH,399.94379999999995,0.1,-,0,0,0,0.99999498815278243,0,5.011847217534286E-6,1,0,-0.99999498815278243,398.94380501184713,96485,-241.8498926911673,6,13,0.291497975708502,61.758677094131734,6,3.7905666251460763,3.6,5.4,1:5 Water,2.72,48.706240487062409,0.27200000000000002,2.65,98.220904373610082,0.26500000000000001,OA,7.61,NH4Cl (pH 7 or 8),34,22,44,Pipette,100,1.7,1.7000000000000001E-2,"0,5 mM CaCl2",20,-,5 or 7.5,-,0.13,7.6470588235294112,0.88349443092856283,-0.88605664769316317,Reported Kd originated from a single spiked concentration,,,,,,,,,
744,Oliver,2020,Environmental Pollution, 10.1016/j.envpol.2019.113726,soil,13,PFHxS,PFSA,C6F13O3SH,399.94379999999995,0.1,-,0,0,0,0.9999992056723962,0,7.9432760376743655E-7,1,0,-0.9999992056723962,398.94380079432756,96485,-241.85091525972405,6,13,0.291497975708502,61.758677094131734,6,3.7905666251460763,3.6,6.2,1:5 Water,2.71,48.527173426448208,0.27100000000000002,1.63,60.415122312824316,0.16299999999999998,OA,5.24,NH4Cl (pH 7 or 8),55,13,32,Pipette,100,1.6,1.6E-2,"0,5 mM CaCl2",20,-,5 or 7.5,-,0.2,12.5,1.0969100130080565,-0.69897000433601875,Reported Kd originated from a single spiked concentration,,,,,,,,,
745,Oliver,2020,Environmental Pollution, 10.1016/j.envpol.2019.113726,soil,14,PFHxS,PFSA,C6F13O3SH,399.94379999999995,0.1,-,0,0,0,0.99999987410747471,0,1.2589252533048661E-7,1,0,-0.99999987410747471,398.94380012589249,96485,-241.85107732671233,6,13,0.291497975708502,61.758677094131734,6,3.7905666251460763,3.6,7,1:5 Water,3.22,57.659593517772407,0.32200000000000001,1.79,66.345441067457372,0.17899999999999999,OA,17.75,NH4Cl (pH 7 or 8),36,8,56,Pipette,100,1.2,1.2E-2,"0,5 mM CaCl2",20,-,5 or 7.5,-,1.47,122.5,2.0881360887005513,0.16731733474817609,Reported Kd originated from a single spiked concentration,,,,,,,,,
746,Oliver,2020,Environmental Pollution, 10.1016/j.envpol.2019.113726,soil,15,PFHxS,PFSA,C6F13O3SH,399.94379999999995,0.1,-,0,0,0,0.99999992056718279,0,7.9432817162854954E-8,1,0,-0.99999992056718279,398.94380007943272,96485,-241.85108859120945,6,13,0.291497975708502,61.758677094131734,6,3.7905666251460763,3.6,7.2,1:5 Water,2.4300000000000002,43.513295729250608,0.24300000000000002,2.08,77.094143810229795,0.20800000000000002,OA,10.81,NH4Cl (pH 7 or 8),67,4,29,Pipette,100,1.5,1.4999999999999999E-2,"0,5 mM CaCl2",20,-,5 or 7.5,-,1.85,123.33333333333334,2.0910804693473324,0.26717172840301384,Reported Kd originated from a single spiked concentration,,,,,,,,,
747,Oliver,2020,Environmental Pollution, 10.1016/j.envpol.2019.113726,soil,16,PFHxS,PFSA,C6F13O3SH,399.94379999999995,0.1,-,0,0,0,0.99999990000001004,0,9.9999990000001005E-8,1,0,-0.99999990000001004,398.94380009999992,96485,-241.85108360454748,6,13,0.291497975708502,61.758677094131734,6,3.7905666251460763,3.6,7.1,1:5 Water,1.82,32.590205031784407,0.182,1.61,59.673832468495178,0.161,OA,14.74,NH4Cl (pH 7 or 8),60,9,31,Pipette,100,1,0.01,"0,5 mM CaCl2",20,-,5 or 7.5,-,1.7,170,2.2304489213782741,0.23044892137827391,Reported Kd originated from a single spiked concentration,,,,,,,,,
748,Oliver,2020,Environmental Pollution, 10.1016/j.envpol.2019.113726,soil,17,PFHxS,PFSA,C6F13O3SH,399.94379999999995,0.1,-,0,0,0,0.99998741090436938,0,1.258909563061765E-5,1,0,-0.99998741090436938,398.94381258909556,96485,-241.84805553178114,6,13,0.291497975708502,61.758677094131734,6,3.7905666251460763,3.6,5,1:5 Water,3.66,65.538544184797203,0.36599999999999999,2.37,87.842846553002218,0.23700000000000002,OA,5.42,NH4Cl (pH 7 or 8),38,16,46,Pipette,100,1.6,1.6E-2,"0,5 mM CaCl2",20,-,5 or 7.5,-,0.21,13.125,1.1180993120779945,-0.6777807052660807,Reported Kd originated from a single spiked concentration,,,,,,,,,
749,Oliver,2020,Environmental Pollution, 10.1016/j.envpol.2019.113726,soil,18,PFHxS,PFSA,C6F13O3SH,399.94379999999995,0.1,-,0,0,0,0.99998741090436938,0,1.258909563061765E-5,1,0,-0.99998741090436938,398.94381258909556,96485,-241.84805553178114,6,13,0.291497975708502,61.758677094131734,6,3.7905666251460763,3.6,5,1:5 Water,4.32,77.356970185334404,0.43200000000000005,19.399999999999999,719.05114899925866,1.94,OA,17.3,NH4Cl (pH 7 or 8),49,38,13,Pipette,100,4.8,4.8000000000000001E-2,"0,5 mM CaCl2",20,-,5 or 7.5,-,1.96,40.833333333333329,1.6110148339808887,0.29225607135647602,Reported Kd originated from a single spiked concentration,,,,,,,,,
750,Oliver,2020,Environmental Pollution, 10.1016/j.envpol.2019.113726,soil,19,PFHxS,PFSA,C6F13O3SH,399.94379999999995,0.1,-,0,0,0,0.99999800474166611,0,1.9952583339051124E-6,1,0,-0.99999800474166611,398.9438019952583,96485,-241.85062408526008,6,13,0.291497975708502,61.758677094131734,6,3.7905666251460763,3.6,5.8,1:5 Water,1.58,28.292595577043603,0.158,0.65500000000000003,24.277242401779095,6.5500000000000003E-2,OA,4.34,NH4Cl (pH 7 or 8),74,5,21,Pipette,100,0.8,8.0000000000000002E-3,"0,5 mM CaCl2",20,-,5 or 7.5,-,0.67,83.75,1.9229848157088829,-0.17392519729917355,Reported Kd originated from a single spiked concentration,,,,,,,,,
751,Oliver,2020,Environmental Pollution, 10.1016/j.envpol.2019.113726,soil,20,PFHxS,PFSA,C6F13O3SH,399.94379999999995,0.1,-,0,0,0,0.99999601894414336,0,3.981055856666137E-6,1,0,-0.99999601894414336,398.94380398105585,96485,-241.85014261408938,6,13,0.291497975708502,61.758677094131734,6,3.7905666251460763,3.6,5.5,1:5 Water,2.91,52.10851463873221,0.29100000000000004,2.72,100.81541882876205,0.27200000000000002,OA,16.3,NH4Cl (pH 7 or 8),21,21,58,Pipette,100,1,0.01,"0,5 mM CaCl2",20,-,5 or 7.5,-,2.5,250,2.3979400086720375,0.3979400086720376,Reported Kd originated from a single spiked concentration,,,,,,,,,
752,Oliver,2020,Environmental Pollution, 10.1016/j.envpol.2019.113726,soil,21,PFHxS,PFSA,C6F13O3SH,399.94379999999995,0.1,-,0,0,0,0.9999974881198781,0,2.5118801219519806E-6,1,0,-0.9999974881198781,398.94380251188011,96485,-241.85049882651887,6,13,0.291497975708502,61.758677094131734,6,3.7905666251460763,3.6,5.7,1:5 Water,2.2599999999999998,40.469155698809203,0.22599999999999998,5.72,212.00889547813193,0.57199999999999995,OA,9.98,NH4Cl (pH 7 or 8),70,8,22,Pipette,100,3.5,3.5000000000000003E-2,"0,5 mM CaCl2",20,-,5 or 7.5,-,0.52,14.857142857142856,1.1719352992845236,-0.28399665636520083,Reported Kd originated from a single spiked concentration,,,,,,,,,
753,Oliver,2020,Environmental Pollution, 10.1016/j.envpol.2019.113726,soil,22,PFHxS,PFSA,C6F13O3SH,399.94379999999995,0.1,-,0,0,0,0.99999987410747471,0,1.2589252533048661E-7,1,0,-0.99999987410747471,398.94380012589249,96485,-241.85107732671233,6,13,0.291497975708502,61.758677094131734,6,3.7905666251460763,3.6,7,1:5 Water,3.78,67.687348912167607,0.378,2.46,91.178650852483315,0.246,OA,19.12,NH4Cl (pH 7 or 8),35,13,52,Pipette,100,1.1000000000000001,1.1000000000000001E-2,"0,5 mM CaCl2",20,-,5 or 7.5,-,0.24,21.818181818181817,1.338818556553381,-0.61978875828839397,Reported Kd originated from a single spiked concentration,,,,,,,,,
754,Oliver,2020,Environmental Pollution, 10.1016/j.envpol.2019.113726,soil,23,PFHxS,PFSA,C6F13O3SH,399.94379999999995,0.1,-,0,0,0,0.99999960189298798,0,3.9810701206424001E-7,1,0,-0.99999960189298798,398.94380039810699,96485,-241.85101132631303,6,13,0.291497975708502,61.758677094131734,6,3.7905666251460763,3.6,6.5,1:5 Water,2.0299999999999998,36.350613304682604,0.20299999999999999,1.53,56.708673091178653,0.153,OA,7.1,NH4Cl (pH 7 or 8),60,16,24,Pipette,100,1.3,1.3000000000000001E-2,"0,5 mM CaCl2",20,-,5 or 7.5,-,0.05,3.8461538461538458,0.58502665202918203,-1.3010299956639813,Reported Kd originated from a single spiked concentration,,,,,,,,,
755,Oliver,2020,Environmental Pollution, 10.1016/j.envpol.2019.113726,soil,24,PFHxS,PFSA,C6F13O3SH,399.94379999999995,0.1,-,0,0,0,0.99999968377233395,0,3.1622766601686895E-7,1,0,-0.99999968377233395,398.94380031622762,96485,-241.85103117856113,6,13,0.291497975708502,61.758677094131734,6,3.7905666251460763,3.6,6.6,1:5 Water,1.82,32.590205031784407,0.182,2.0699999999999998,76.723498888065237,0.20699999999999999,OA,7.54,NH4Cl (pH 7 or 8),67,11,22,Pipette,100,1.3,1.3000000000000001E-2,"0,5 mM CaCl2",20,-,5 or 7.5,-,0.12,9.2307692307692299,0.96523789374078806,-0.92081875395237522,Reported Kd originated from a single spiked concentration,,,,,,,,,
756,Oliver,2020,Environmental Pollution, 10.1016/j.envpol.2019.113726,soil,25,PFHxS,PFSA,C6F13O3SH,399.94379999999995,0.1,-,0,0,0,0.99999800474166611,0,1.9952583339051124E-6,1,0,-0.99999800474166611,398.9438019952583,96485,-241.85062408526008,6,13,0.291497975708502,61.758677094131734,6,3.7905666251460763,3.6,5.8,1:5 Water,2.56,45.841167517235206,0.25600000000000001,1.68,62.268346923647144,0.16799999999999998,OA,6.17,NH4Cl (pH 7 or 8),59,15,26,Pipette,100,0.9,9.0000000000000011E-3,"0,5 mM CaCl2",20,-,5 or 7.5,-,0.66,73.333333333333329,1.8653014261025438,-0.18045606445813131,Reported Kd originated from a single spiked concentration,,,,,,,,,
757,Oliver,2020,Environmental Pollution, 10.1016/j.envpol.2019.113726,soil,26,PFHxS,PFSA,C6F13O3SH,399.94379999999995,0.1,-,0,0,0,0.99999960189298798,0,3.9810701206424001E-7,1,0,-0.99999960189298798,398.94380039810699,96485,-241.85101132631303,6,13,0.291497975708502,61.758677094131734,6,3.7905666251460763,3.6,6.5,1:5 Water,3.27,58.554928820843408,0.32700000000000001,1.42,52.631578947368418,0.14199999999999999,OA,12.67,NH4Cl (pH 7 or 8),49,8,43,Pipette,100,1.3,1.3000000000000001E-2,"0,5 mM CaCl2",20,-,5 or 7.5,-,0.52,40,1.6020599913279623,-0.28399665636520083,Reported Kd originated from a single spiked concentration,,,,,,,,,
758,Oliver,2020,Environmental Pollution, 10.1016/j.envpol.2019.113726,soil,27,PFHxS,PFSA,C6F13O3SH,399.94379999999995,0.1,-,0,0,0,0.99998741090436938,0,1.258909563061765E-5,1,0,-0.99998741090436938,398.94381258909556,96485,-241.84805553178114,6,13,0.291497975708502,61.758677094131734,6,3.7905666251460763,3.6,5,1:5 Water,10.4,186.22974303876802,1.04,4.1500000000000004,153.81764269829503,0.41500000000000004,OA,6.82,NH4Cl (pH 7 or 8),24,29,47,Pipette,100,2,0.02,"0,5 mM CaCl2",20,-,5 or 7.5,-,1.37,68.5,1.8356905714924256,0.13672056715640679,Reported Kd originated from a single spiked concentration,,,,,,,,,
759,Oliver,2020,Environmental Pollution, 10.1016/j.envpol.2019.113726,soil,28,PFHxS,PFSA,C6F13O3SH,399.94379999999995,0.1,-,0,0,0,0.99999984151070587,0,1.584892941272506E-7,1,0,-0.99999984151070587,398.94380015848924,96485,-241.8510694233866,6,13,0.291497975708502,61.758677094131734,6,3.7905666251460763,3.6,6.9,1:5 Water,4.2,75.208165457964014,0.42000000000000004,1.48,54.855448480355818,0.14799999999999999,OA,20.41,NH4Cl (pH 7 or 8),42,6,52,Pipette,100,1.8,1.8000000000000002E-2,"0,5 mM CaCl2",20,-,5 or 7.5,-,1.28,71.1111111111111,1.8519374645445623,0.10720996964786837,Reported Kd originated from a single spiked concentration,,,,,,,,,
760,Campos-Pereira,2018,Chemosphere, 10.1016/j.chemosphere.2018.05.012,soil,organic soil horitzon,PFHxS,PFSA,C6F13O3SH,399.94379999999995,0.1,-,0,0,0,0.99996019086777477,0,3.9809132225250393E-5,1,0,-0.99996019086777477,398.94383980913216,96485,-241.84145583507944,6,13,0.291497975708502,61.758677094131734,6,3.7905666251460763,3.6,4.5,deionized water,5.8637250000000002E-2,1.05,5.8637250000000002E-3,0.18454320000000002,6.84,1.8454320000000003E-2,"0,1 M HNO3",21.496500000000001,KNN input,41.737499999999997,35.036999999999999,21.971,KNN input,98.745499999999993,45,0.45,MIXTURE EXPERIMENTS,11.25,-,1.25,-,35.744770562592691,79.432823472428197,1.9000000000000004,1.5532125137753439, Kd is derived in this study from reported Koc at the Ca / pH 5 / 5 mM condition (Table S7),,,,,,,,,
761,Campos-Pereira,2022,Chemosphere, 10.1016/j.chemosphere.2022.134167,soil,Peat Oi,PFHxS,PFSA,C6F13O3SH,399.94379999999995,0.1,-,0,0,0,0.99968387220237043,0,3.1612779762961761E-4,1,0,-0.99968387220237043,398.9441161277976,96485,-241.77446040725039,6,13,0.291497975708502,61.758677094131734,6,3.7905666251460763,3.6,3.6,deionized water 40g/L,0.37974599999999997,6.8,3.7974599999999997E-2,0.107928,1.932634971796938,1.07928E-2,OA,14.768748,KNN input,37.396533331999997,37.430266667999987,24.989000000000001,KNN input,99.815799999999996,44.9,0.44900000000000001,10 mM  NaNO3,25,-,22.396852799999998,-,15.568484585318679,34.67368504525318,1.5400000000000003,1.1922463410033235, Kd is derived in this study from reported Koc at the Ca / pH 4 condition (Table S8),,,,,,,,,
762,Campos-Pereira,2022,Chemosphere, 10.1016/j.chemosphere.2022.134167,soil,Peat Oe,PFHxS,PFSA,C6F13O3SH,399.94379999999995,0.1,-,0,0,0,0.99990000999900008,0,9.9990000999900097E-5,1,0,-0.99990000999900008,398.94389999000094,96485,-241.82686454704927,6,13,0.291497975708502,61.758677094131734,6,3.7905666251460763,3.6,4.0999999999999996,deionized water 40g/L,1.5636599999999998,27.999999999999996,0.15636599999999998,0.45869399999999994,8.2136986301369852,4.5869399999999991E-2,OA,14.715147999999999,KNN input,37.490533331999998,37.393866668000001,24.9392,KNN input,99.823599999999999,46.6,0.46600000000000003,10 mM  NaNO3,25,-,22.396852799999998,-,15.079464412920681,32.359365692962832,1.51,1.1783859166900004, Kd is derived in this study from reported Koc at the Ca / pH 4 condition (Table S8),,,,,,,,,
763,Campos-Pereira,2022,Chemosphere, 10.1016/j.chemosphere.2022.134167,soil,Mor Oe,PFHxS,PFSA,C6F13O3SH,399.94379999999995,0.1,-,0,0,0,0.99987412330575753,0,1.2587669424250327E-4,1,0,-0.99987412330575753,398.94392587669421,96485,-241.82058813191176,6,13,0.291497975708502,61.758677094131734,6,3.7905666251460763,3.6,4,deionized water 40g/L,0.279225,5.0000000000000009,2.7922499999999999E-2,0.40473000000000003,7.2473811442385179,4.0473000000000002E-2,OA,14.763688,KNN input,37.414333332000012,37.430866668,24.970400000000001,KNN input,99.815600000000003,53.6,0.53600000000000003,10 mM  NaNO3,25,-,22.396852799999998,-,28.129679869387825,52.480746024977286,1.7200000000000002,1.4491647896927702, Kd is derived in this study from reported Koc at the Ca / pH 4 condition (Table S8),,,,,,,,,
764,Cai,2022,Science of the Total Environment, 10.1016/j.scitotenv.2022.152975,soil,Clarke Hill,PFHpS,PFSA,C7HF15O3S,449.94059999999996,0.1,-,0,0,0,0.99998004777494953,0,1.9952225050461341E-5,1,0,-0.99998004777494953,448.94061995222501,96485,-214.91277603669158,7,15,0.29473684210526313,63.34169443699902,7,2.9063350418050908,4.3,4.8,1:5 CaCl2,8.3000000000000007,148.62566030978601,0.83000000000000007,7.85,290.95626389918459,0.78499999999999992,???,15.34083666666667,KNN input,32,40,28,not reported,100,4.9000000000000004,4.9000000000000002E-2,500 mM CaCl2,20,-,10,-,11.21,228.77551020408166,2.3594095325664597,1.0496056125949731,Reported Kd at 10 mM Ca condition (from Table S5),,,,,,,,,
765,Cai,2022,Science of the Total Environment, 10.1016/j.scitotenv.2022.152975,soil,Minatoro,PFHpS,PFSA,C7HF15O3S,449.94059999999996,0.1,-,0,0,0,0.99999841510931942,0,1.5848906805786579E-6,1,0,-0.99999841510931942,448.9406015848906,96485,-214.91673228307528,7,15,0.29473684210526313,63.34169443699902,7,2.9063350418050908,4.3,5.9,1:5 CaCl2,1.4,25.069388485988004,0.13999999999999999,0.92,34.099332839140104,9.1999999999999998E-2,???,15.34083666666667,KNN input,37,22,41,not reported,100,2.6,2.6000000000000002E-2,500 mM CaCl2,20,-,10,-,8.6,330.76923076923072,2.5195251032727497,0.93449845124356767,Reported Kd at 10 mM Ca condition (from Table S5),,,,,,,,,
766,Chao Yin,2022,Environmental Pollution, 10.1016/j.envpol.2022.118957,sediment,sediment,PFHpS,PFSA,C7HF15O3S,449.94059999999996,0.1,-,0,0,0,0.99999998797735579,0,1.2022644201630123E-8,1,0,-0.99999998797735579,448.94060001202263,96485,-214.91707107223385,7,15,0.29473684210526313,63.34169443699902,7,2.9063350418050908,4.3,8.02,not reported,not reported,not reported,not reported,not reported,not reported,not reported,not reported,11.934691666666669,KNN input,6.34,85.56,8.08,not reported,99.98,0.37,3.7000000000000002E-3,0psu,50,-,10,-,1.8058753075728713,488.07440745212733,2.6884860356964357,0.25668775976343078,Calculated in this study at Cw = 10% S,2.35,(ng/g)/(ng/mL)^N,0.94,2.35,80.600000000000009,145.55354979037344,1.8058753075728713,,
767,Nguyen,2020,Environmental Science and Technology, 10.1021/acs.est.0c05705,soil,S1,PFHpS,PFSA,C7HF15O3S,449.94059999999996,0.1,-,0,0,0,0.9999999601892845,0,3.9810715470456442E-8,1,0,-0.9999999601892845,448.9406000398107,96485,-214.91706508680016,7,15,0.29473684210526313,63.34169443699902,7,2.9063350418050908,4.3,7.5,1:10 CaCl2,not reported,not reported,not reported,not reported,not reported,not reported,not reported,41.4,not reported,16.899999999999999,17.5,65.599999999999994,not reported,100,0.7,6.9999999999999993E-3,10 mM CaCl2,100,-,5,-,2.02,288.57142857142861,2.460253329432367,0.30535136944662378,Reported Kd at the soil pH condition ,,,,,,,,,
768,Nguyen,2020,Environmental Science and Technology, 10.1021/acs.est.0c05705,soil,S2,PFHpS,PFSA,C7HF15O3S,449.94059999999996,0.1,-,0,0,0,0.99999980047380832,0,1.9952619168617852E-7,1,0,-0.99999980047380832,448.94060019952616,96485,-214.91703068475834,7,15,0.29473684210526313,63.34169443699902,7,2.9063350418050908,4.3,6.8,1:10 CaCl2,not reported,not reported,not reported,not reported,not reported,not reported,not reported,7.1,not reported,48.9,27,24.2,not reported,100.10000000000001,0.37,3.7000000000000002E-3,10 mM CaCl2,100,-,5,-,1.89,510.81081081081078,2.7082600801062493,0.27646180417324412,Reported Kd at the soil pH condition ,,,,,,,,,
769,Nguyen,2020,Environmental Science and Technology, 10.1021/acs.est.0c05705,soil,S3,PFHpS,PFSA,C7HF15O3S,449.94059999999996,0.1,-,0,0,0,0.9999992056723962,0,7.9432760376743655E-7,1,0,-0.9999992056723962,448.94060079432751,96485,-214.91690256703615,7,15,0.29473684210526313,63.34169443699902,7,2.9063350418050908,4.3,6.2,1:10 CaCl2,not reported,not reported,not reported,not reported,not reported,not reported,not reported,8,not reported,51.44,10.17,38.380000000000003,not reported,99.990000000000009,0.08,8.0000000000000004E-4,10 mM CaCl2,100,-,5,-,0.84,1050,3.0211892990699383,-7.5720713938118356E-2,Reported Kd at the soil pH condition ,,,,,,,,,
770,Nguyen,2020,Environmental Science and Technology, 10.1021/acs.est.0c05705,soil,S4,PFHpS,PFSA,C7HF15O3S,449.94059999999996,0.1,-,0,0,0,0.99999997488113634,0,2.5118863684138424E-8,1,0,-0.99999997488113634,448.94060002511884,96485,-214.91706825136325,7,15,0.29473684210526313,63.34169443699902,7,2.9063350418050908,4.3,7.7,1:10 CaCl2,not reported,not reported,not reported,not reported,not reported,not reported,not reported,4.8,not reported,46,37,17,not reported,100,0.25,2.5000000000000001E-3,10 mM CaCl2,100,-,5,-,1.53,612,2.7867514221455614,0.18469143081759881,Reported Kd at the soil pH condition ,,,,,,,,,
772,Nguyen,2020,Environmental Science and Technology, 10.1021/acs.est.0c05705,soil,S6,PFHpS,PFSA,C7HF15O3S,449.94059999999996,0.1,-,0,0,0,0.99999997488113634,0,2.5118863684138424E-8,1,0,-0.99999997488113634,448.94060002511884,96485,-214.91706825136325,7,15,0.29473684210526313,63.34169443699902,7,2.9063350418050908,4.3,7.7,1:10 CaCl2,not reported,not reported,not reported,not reported,not reported,not reported,not reported,21.63,not reported,70,11,19,not reported,100,4.9000000000000004,4.9000000000000002E-2,10 mM CaCl2,100,-,5,-,7.48,152.65306122448979,2.1837055178359477,0.87390159786446142,Reported Kd at the soil pH condition ,,,,,,,,,
773,Nguyen,2020,Environmental Science and Technology, 10.1021/acs.est.0c05705,soil,S7,PFHpS,PFSA,C7HF15O3S,449.94059999999996,0.1,-,0,0,0,0.99999997488113634,0,2.5118863684138424E-8,1,0,-0.99999997488113634,448.94060002511884,96485,-214.91706825136325,7,15,0.29473684210526313,63.34169443699902,7,2.9063350418050908,4.3,7.7,1:10 CaCl2,not reported,not reported,not reported,not reported,not reported,not reported,not reported,7.8,not reported,48.9,32.6,18.5,not reported,100,0.13,1.2999999999999999E-3,10 mM CaCl2,100,-,5,-,1.1399999999999999,876.92307692307691,2.9429614990296358,5.6904851336472557E-2,Reported Kd at the soil pH condition ,,,,,,,,,
774,Nguyen,2020,Environmental Science and Technology, 10.1021/acs.est.0c05705,soil,S8,PFHpS,PFSA,C7HF15O3S,449.94059999999996,0.1,-,0,0,0,0.9999999601892845,0,3.9810715470456442E-8,1,0,-0.9999999601892845,448.9406000398107,96485,-214.91706508680016,7,15,0.29473684210526313,63.34169443699902,7,2.9063350418050908,4.3,7.5,1:10 CaCl2,not reported,not reported,not reported,not reported,not reported,not reported,not reported,2.2799999999999998,not reported,93,1,5,not reported,99,0.4,4.0000000000000001E-3,10 mM CaCl2,100,-,5,-,0.95,237.49999999999997,2.3756636139608855,-2.2276394711152253E-2,Reported Kd at the soil pH condition ,,,,,,,,,
775,Nguyen,2020,Environmental Science and Technology, 10.1021/acs.est.0c05705,soil,S9,PFHpS,PFSA,C7HF15O3S,449.94059999999996,0.1,-,0,0,0,0.99999990000001004,0,9.9999990000001005E-8,1,0,-0.99999990000001004,448.94060009999998,96485,-214.91705212228359,7,15,0.29473684210526313,63.34169443699902,7,2.9063350418050908,4.3,7.1,1:10 CaCl2,not reported,not reported,not reported,not reported,not reported,not reported,not reported,17.420000000000002,not reported,48.86,16.05,35.090000000000003,not reported,100,1.19,1.1899999999999999E-2,10 mM CaCl2,100,-,5,-,1.88,157.98319327731093,2.198610887871149,0.27415784926367981,Reported Kd at the soil pH condition ,,,,,,,,,
776,Nguyen,2020,Environmental Science and Technology, 10.1021/acs.est.0c05705,soil,S10,PFHpS,PFSA,C7HF15O3S,449.94059999999996,0.1,-,0,0,0,0.99999949881301753,0,5.0118698243875318E-7,1,0,-0.99999949881301753,448.94060050118696,96485,-214.91696570829285,7,15,0.29473684210526313,63.34169443699902,7,2.9063350418050908,4.3,6.4,1:10 CaCl2,not reported,not reported,not reported,not reported,not reported,not reported,not reported,16.54,not reported,29.38,13.9,56.71,not reported,99.990000000000009,0.17,1.7000000000000001E-3,10 mM CaCl2,100,-,5,-,2.73,1605.8823529411764,3.2057137256624819,0.43616264704075602,Reported Kd at the soil pH condition ,,,,,,,,,
777,Hong Chen,2012,Marine Pollution Bulletin, 10.1016/j.marpolbul.2012.03.012,sediment,S5,PFOS,PFSA,C8HF17O3S,499.93739999999997,0.1,-,0,0,0,0.99999689973616968,0,3.1002638303325702E-6,1,0,-0.99999689973616968,498.93740310026379,96485,-193.38037251068803,8,17,0.29721362229102166,64.60808893273439,8,2.0166155475571776,5,5.6086,KNN input,not reported,not reported,not reported,not reported,not reported,not reported,not reported,11.85494166666667,KNN input,11,77.099999999999994,11.9,not reported,100,0.42,4.1999999999999997E-3,ASW,70,-,2,200,38.018939632056139,9052.1284838228912,3.9567507096020997,1.5800000000000003,Calculated in this study at Cw = 10% S,41.686938347033561,(ug/kg)/(ug/L)^N,0.96,41.686938347033561,10.39,394.41273176428075,37.960801902240689,,
778,Hong Chen,2012,Marine Pollution Bulletin, 10.1016/j.marpolbul.2012.03.012,sediment,S4,PFOS,PFSA,C8HF17O3S,499.93739999999997,0.1,-,0,0,0,0.99999690116356077,0,3.0988364391950209E-6,1,0,-0.99999690116356077,498.9374030988364,96485,-193.38037278727154,8,17,0.29721362229102166,64.60808893273439,8,2.0166155475571776,5,5.6087999999999996,KNN input,not reported,not reported,not reported,not reported,not reported,not reported,not reported,12.21964166666667,KNN input,10.4,73,16.600000000000001,not reported,100,0.75,7.4999999999999997E-3,ASW,70,-,2,200,25.703957827688647,3427.1943770251532,3.5349387366083,1.4100000000000001,Calculated in this study at Cw = 10% S,36.307805477010156,(ug/kg)/(ug/L)^N,0.85,36.307805477010156,10.39,265.53588175811342,25.556870236584544,,
779,Hong Chen,2012,Marine Pollution Bulletin, 10.1016/j.marpolbul.2012.03.012,sediment,S3,PFOS,PFSA,C8HF17O3S,499.93739999999997,0.1,-,0,0,0,0.9999969021623436,0,3.0978376564403322E-6,1,0,-0.9999969021623436,498.9374030978376,96485,-193.38037298080425,8,17,0.29721362229102166,64.60808893273439,8,2.0166155475571776,5,5.6089399999999996,KNN input,not reported,not reported,not reported,not reported,not reported,not reported,not reported,12.203891666666671,KNN input,12.7,71.5,15.8,not reported,100,0.81,8.1000000000000013E-3,ASW,70,-,2,200,25.118864315095799,3101.0943598883696,3.4915149811213499,1.4,Calculated in this study at Cw = 10% S,42.657951880159267,(ug/kg)/(ug/L)^N,0.77,42.657951880159267,10.39,258.69853636332965,24.898800419954728,,
780,Hong Chen,2012,Marine Pollution Bulletin, 10.1016/j.marpolbul.2012.03.012,sediment,S2,PFOS,PFSA,C8HF17O3S,499.93739999999997,0.1,-,0,0,0,0.99999684950618206,0,3.1504938179299317E-6,1,0,-0.99999684950618206,498.93740315049376,96485,-193.38036277769586,8,17,0.29721362229102166,64.60808893273439,8,2.0166155475571776,5,5.6016199999999996,KNN input,not reported,not reported,not reported,not reported,not reported,not reported,not reported,11.879191666666671,KNN input,5.8,82,12.2,not reported,100,0.99,9.8999999999999991E-3,ASW,70,-,2,200,19.952623149688804,2015.416479766546,3.3043648054024501,1.3000000000000003,Calculated in this study at Cw = 10% S,28.183829312644548,(ug/kg)/(ug/L)^N,0.85,28.183829312644548,10.39,206.1214625761927,19.838446831202376,,
781,Hong Chen,2012,Marine Pollution Bulletin, 10.1016/j.marpolbul.2012.03.012,sediment,S1,PFOS,PFSA,C8HF17O3S,499.93739999999997,0.1,-,0,0,0,0.99999683744107171,0,3.1625589283070445E-6,1,0,-0.99999683744107171,498.93740316255895,96485,-193.38036043985684,8,17,0.29721362229102166,64.60808893273439,8,2.0166155475571776,5,5.5999600000000003,KNN input,not reported,not reported,not reported,not reported,not reported,not reported,not reported,11.982891666666671,KNN input,2.7,84.8,12.5,not reported,100,1.43,1.43E-2,ASW,70,-,2,200,15.848931924611136,1108.3169178049745,3.0446639625349383,1.2,Calculated in this study at Cw = 10% S,23.442288153199236,(ug/kg)/(ug/L)^N,0.83,23.442288153199236,10.39,163.60286490246614,15.746185264914931,,
782,Chao Yin,2022,Environmental Pollution, 10.1016/j.envpol.2022.118957,sediment,sediment,PFOS,PFSA,C8HF17O3S,499.93739999999997,0.1,-,0,0,0,0.99999998797735579,0,1.2022644201630123E-8,1,0,-0.99999998797735579,498.93740001202264,96485,-193.38097091472844,8,17,0.29721362229102166,64.60808893273439,8,2.0166155475571776,5,8.02,not reported,not reported,not reported,not reported,not reported,not reported,not reported,not reported,11.934691666666669,KNN input,6.34,85.56,8.08,not reported,99.98,0.37,3.7000000000000002E-3,0psu,50,-,10,-,6.7908931729122619,1835.3765332195301,3.2637251745959461,0.83192689866294123,Calculated in this study at Cw = 10% S,8,(ng/g)/(ng/mL)^N,0.93,8,10.39,70.557380066558409,6.7908931729122619,,
784,YanYin Chen,2013,Desalination and Water Treatment,10.1080/19443994.2013.792145,soil,B,PFOS,PFSA,C8HF17O3S,499.93739999999997,0.1,-,0,0,0,0.99999788933609435,0,2.1106639056048072E-6,1,0,-0.99999788933609435,498.93740211066387,96485,-193.3805642640373,8,17,0.29721362229102166,64.60808893273439,8,2.0166155475571776,5,5.7755799999999997,KNN input,not reported,not reported,not reported,not reported,not reported,not reported,not reported,12.5,not reported,27,47,27,not reported,101,2.5,2.5000000000000001E-2,Deionized water,100,-,5,100,7.28,291.2,2.4641913706409997,0.86213137931303718,Reported Kd originated from a linear isotherm,,,,,,,,,
785,YanYin Chen,2013,Desalination and Water Treatment,10.1080/19443994.2013.792145,soil,D,PFOS,PFSA,C8HF17O3S,499.93739999999997,0.1,-,0,0,0,0.9999921133982993,0,7.8866017006526701E-6,1,0,-0.9999921133982993,498.93740788660165,96485,-193.37944506891699,8,17,0.29721362229102166,64.60808893273439,8,2.0166155475571776,5,5.2031066668000001,KNN input,not reported,not reported,not reported,not reported,not reported,not reported,not reported,3.22,not reported,45,34,21,not reported,100,5.2,5.2000000000000005E-2,Deionized water,100,-,5,100,14.2,273.07692307692304,2.4362850007482573,1.1522883443830565,Reported Kd originated from a linear isotherm,,,,,,,,,
786,YanYin Chen,2013,Desalination and Water Treatment,10.1080/19443994.2013.792145,soil,K,PFOS,PFSA,C8HF17O3S,499.93739999999997,0.1,-,0,0,0,0.99999657596249569,0,3.424037504257256E-6,1,0,-0.99999657596249569,498.93740342403743,96485,-193.38030977353066,8,17,0.29721362229102166,64.60808893273439,8,2.0166155475571776,5,5.5654599999999999,KNN input,not reported,not reported,not reported,not reported,not reported,not reported,not reported,6.13,not reported,41,36,24,not reported,101,0.52,5.1999999999999998E-3,Deionized water,100,-,5,100,40.299999999999997,7750,3.8893017025063101,1.6053050461411094,Reported Kd originated from a linear isotherm,,,,,,,,,
787,YanYin Chen,2013,Desalination and Water Treatment,10.1080/19443994.2013.792145,soil,L,PFOS,PFSA,C8HF17O3S,499.93739999999997,0.1,-,0,0,0,0.99999917756867784,0,8.2243132220402384E-7,1,0,-0.99999917756867784,498.9374008224313,96485,-193.38081388300708,8,17,0.29721362229102166,64.60808893273439,8,2.0166155475571776,5,6.1849000007999999,KNN input,not reported,not reported,not reported,not reported,not reported,not reported,not reported,44.5,not reported,35,33,31,not reported,99,2.1,2.1000000000000001E-2,Deionized water,100,-,5,100,115,5476.1904761904761,3.7384785456196923,2.0606978403536118,Reported Kd originated from a linear isotherm,,,,,,,,,
788,Enevoldsen,2010,Analytical Bioanalytical Chemistry,10.1007/s00216-010-4066-0,soil,Sj. Odde,PFOS,PFSA,C8HF17O3S,499.93739999999997,0.1,-,0,0,0,0.99999996837722438,0,3.1622775601683729E-8,1,0,-0.99999996837722438,498.93740003162276,96485,-193.38096711683923,8,17,0.29721362229102166,64.60808893273439,8,2.0166155475571776,5,7.6,not reported,8.1199999999999992,145.40245321873041,0.81199999999999994,1.294,47.961452928094886,0.12940000000000002,CBD,5.6985666666666646,KNN input,41,22,37,not reported,100,0.42,4.1999999999999997E-3,"0,1 M CaCl2",480,-,0.02,1,15,3571.4285714285716,3.552841968657781,1.1760912590556813,Reported Kd originated from a linear isotherm,,,,,,,,,
789,Enevoldsen,2010,Analytical Bioanalytical Chemistry,10.1007/s00216-010-4066-0,soil,Jynnevard,PFOS,PFSA,C8HF17O3S,499.93739999999997,0.1,-,0,0,0,0.99999900000099995,0,9.9999900000100006E-7,1,0,-0.99999900000099995,498.93740099999894,96485,-193.38077947597415,8,17,0.29721362229102166,64.60808893273439,8,2.0166155475571776,5,6.1,not reported,2.73,48.885307547676604,0.27300000000000002,2.6320000000000001,97.553743513713854,0.26319999999999999,CBD,12.81991666666667,KNN input,94,1,5,not reported,100,1,0.01,"0,1 M CaCl2",480,-,0.02,1,17,1700,3.2304489213782741,1.2304489213782739,Reported Kd originated from a linear isotherm,,,,,,,,,
790,Guelfo,2013,Environmental Science and Technology, 10.1021/es3048043,soil,Loamy sand A,PFOS,PFSA,C8HF17O3S,499.93739999999997,0.1,-,0,0,0,0.99999900000099995,0,9.9999900000100006E-7,1,0,-0.99999900000099995,498.93740099999894,96485,-193.38077947597415,8,17,0.29721362229102166,64.60808893273439,8,2.0166155475571776,5,6.1,not reported,2.21,39.573820395738203,0.221,0.93,34.469977761304669,9.2999999999999999E-2,CBD,14.27683666666667,KNN input,81,1,9,not reported,91,1.7,1.7000000000000001E-2,AGW + 1g/L NaN3,375,-,0.5,1000,4.6500000000000004,273.52941176470586,2.4370040315116799,0.66745295288995399,Reported Kd was interpolated in the examined study at Cw = 5 pM,,,,,,,,,
791,Guelfo,2013,Environmental Science and Technology, 10.1021/es3048043,soil,Loam B,PFOS,PFSA,C8HF17O3S,499.93739999999997,0.1,-,0,0,0,0.99999998004737722,0,1.995262275158161E-8,1,0,-0.99999998004737722,498.93740001995263,96485,-193.38096937814788,8,17,0.29721362229102166,64.60808893273439,8,2.0166155475571776,5,7.8,not reported,6.14,0.61399999999999999,0.61399999999999999,1.67,0.16699999999999998,0.16699999999999998,CBD,6.4956666666666676,KNN input,33,42,25,not reported,100,4.5,4.4999999999999998E-2,AGW + 1g/L NaN3,375,-,0.5,1000,36.630000000000003,814.00000000000011,2.9106244048892012,1.5638369186645449,Reported Kd was interpolated in the examined study at Cw = 5 pM,,,,,,,,,
792,Guelfo,2013,Environmental Science and Technology, 10.1021/es3048043,soil,Sandy Clay Loam C,PFOS,PFSA,C8HF17O3S,499.93739999999997,0.1,-,0,0,0,0.99999205678074798,0,7.9432192520095278E-6,1,0,-0.99999205678074798,498.93740794321923,96485,-193.37943409821597,8,17,0.29721362229102166,64.60808893273439,8,2.0166155475571776,5,5.2,not reported,24.17,432.80508550452146,2.4170000000000003,3.99,147.88732394366198,0.39900000000000002,CBD,12.009766666666669,KNN input,47,20,33,not reported,100,0.8,8.0000000000000002E-3,AGW + 1g/L NaN3,375,-,0.5,1000,5.1100000000000003,638.75,2.8053309131427691,0.70842090013471271,Reported Kd was interpolated in the examined study at Cw = 5 pM,,,,,,,,,
793,Higgins and Luthy,2007,Environmental Science and Technology,10.1021/es061000n,sediment,1,PFOS,PFSA,C8HF17O3S,499.93739999999997,0.1,-,0,0,0,0.99999987410747471,0,1.2589252533048661E-7,1,0,-0.99999987410747471,498.93740012589251,96485,-193.38094885032569,8,17,0.29721362229102166,64.60808893273439,8,2.0166155475571776,5,7,Non reported,18.6539,334.0299041991226,1.8653900000000001,1.1061800000000002,41,0.11061800000000002,DCB,38.6,Non reported,11,36,53,Non reported,100,2.48,2.4799999999999999E-2,"0,5 mM CaCl2",100,-,0.49993739999999998,99.987479999999991,17.16,691.9354838709678,2.8400656026864706,1.2345172835126867,Reported Kd was interpolated in the examined study at Cw = 5 pM,,,,,,,,,
794,Higgins and Luthy,2007,Environmental Science and Technology,10.1021/es061000n,sediment,2,PFOS,PFSA,C8HF17O3S,499.93739999999997,0.1,-,0,0,0,0.9999999601892845,0,3.9810715470456442E-8,1,0,-0.9999999601892845,498.93740003981065,96485,-193.38096553027393,8,17,0.29721362229102166,64.60808893273439,8,2.0166155475571776,5,7.5,Non reported,6.4780199999999999,116,0.64780199999999999,0.18886,7,1.8886E-2,DCB,30,Non reported,49,25,26,Non reported,100,1.02,1.0200000000000001E-2,"0,5 mM CaCl2",100,-,0.49993739999999998,99.987479999999991,1.82,178.43137254901961,2.2514712162231572,0.26007138798507479,Reported Kd was interpolated in the examined study at Cw = 5 pM,,,,,,,,,
795,Higgins and Luthy,2007,Environmental Science and Technology,10.1021/es061000n,sediment,3,PFOS,PFSA,C8HF17O3S,499.93739999999997,0.1,-,0,0,0,0.99999996837722438,0,3.1622775601683729E-8,1,0,-0.99999996837722438,498.93740003162276,96485,-193.38096711683923,8,17,0.29721362229102166,64.60808893273439,8,2.0166155475571776,5,7.6,Non reported,6.7578500000000004,121.01083355716717,0.67578500000000008,0.37772,14,3.7772E-2,DCB,32.1,Non reported,31,38,31,Non reported,100,4.34,4.3400000000000001E-2,"0,5 mM CaCl2",100,-,0.49993739999999998,99.987479999999991,14.24,328.11059907834101,2.516020259788327,1.1535099893008376,Reported Kd was interpolated in the examined study at Cw = 5 pM,,,,,,,,,
796,Higgins and Luthy,2007,Environmental Science and Technology,10.1021/es061000n,sediment,5,PFOS,PFSA,C8HF17O3S,499.93739999999997,0.1,-,0,0,0,0.9999974881198781,0,2.5118801219519806E-6,1,0,-0.9999974881198781,498.93740251188012,96485,-193.38048652094997,8,17,0.29721362229102166,64.60808893273439,8,2.0166155475571776,5,5.7,Non reported,14.9678,268.02399498612232,1.49678,2.4281999999999999,89.999999999999986,0.24281999999999998,DCB,22,Non reported,80,15,5,Non reported,100,9.66,9.6600000000000005E-2,"0,5 mM CaCl2",100,-,0.49993739999999998,99.987479999999991,45.83,474.43064182194615,2.6761727308292933,1.6611498572447867,Reported Kd was interpolated in the examined study at Cw = 5 pM,,,,,,,,,
797,Jeon,2011,Journal of Environmental Monitoring,10.1039/c0em00791a,sediment,APH,PFOS,PFSA,C8HF17O3S,499.93739999999997,0.1,-,0,0,0,0.99999973016400467,0,2.6983599533114543E-7,1,0,-0.99999973016400467,498.93740026983596,96485,-193.38092095860696,8,17,0.29721362229102166,64.60808893273439,8,2.0166155475571776,5,6.6688999999999998,KNN input,not reported,not reported,not reported,not reported,not reported,not reported,not reported,11.78125,KNN input,30.648,36.685000000000002,33.302500000000002,KNN input,100.63550000000001,0.21,2.0999999999999999E-3,Commercial ASM,200,-,100,-,2.6,1238.0952380952383,3.0927540532368987,0.41497334797081797,Kd approximately extracted from Figure 3,,,,,,,,,
798,Jeon,2011,Journal of Environmental Monitoring,10.1039/c0em00791a,sediment,YG,PFOS,PFSA,C8HF17O3S,499.93739999999997,0.1,-,0,0,0,0.99999986185030199,0,1.381496980418233E-7,1,0,-0.99999986185030199,498.93740013814971,96485,-193.38094647527097,8,17,0.29721362229102166,64.60808893273439,8,2.0166155475571776,5,6.959649999999999,KNN input,not reported,not reported,not reported,not reported,not reported,not reported,not reported,10.6485,KNN input,38.113900000000001,32.762700000000002,28.4998,KNN input,99.37639999999999,0.43,4.3E-3,Commercial ASM,200,-,100,-,2.6,604.65116279069764,2.7815048923912316,0.41497334797081797,Kd approximately extracted from Figure 3,,,,,,,,,
799,Jeon,2011,Journal of Environmental Monitoring,10.1039/c0em00791a,sediment,WD,PFOS,PFSA,C8HF17O3S,499.93739999999997,0.1,-,0,0,0,0.99999984834737432,0,1.5165262573159975E-7,1,0,-0.99999984834737432,498.93740015165258,96485,-193.38094385882818,8,17,0.29721362229102166,64.60808893273439,8,2.0166155475571776,5,6.919150000000001,KNN input,not reported,not reported,not reported,not reported,not reported,not reported,not reported,12.094250000000001,KNN input,38.112499999999997,31.469200000000001,29.446650000000002,KNN input,99.028350000000003,0.54999999999999993,5.4999999999999997E-3,Commercial ASM,200,-,100,-,3,545.4545454545455,2.7367585652254185,0.47712125471966244,Kd approximately extracted from Figure 3,,,,,,,,,
800,Jhonson,2007,Jounral of Chemical Engeneering Data,10.1021/je060285g,sediment,Lake Michigan,PFOS,PFSA,C8HF17O3S,499.93739999999997,0.1,-,0,0,0,0.99999667086131472,0,3.3291386852439612E-6,1,0,-0.99999667086131472,498.93740332913865,96485,-193.3803281619378,8,17,0.29721362229102166,64.60808893273439,8,2.0166155475571776,5,5.5776666667999999,KNN input,not reported,not reported,not reported,not reported,not reported,not reported,not reported,12.69249466666666,KNN input,35.851753331999987,38.789946668000013,25.304600000000001,KNN input,99.946300000000008,2.5,2.5000000000000001E-2,KNO3,0.66666666666666674,5.3333333333333339,120,8000,7.52,300.79999999999995,2.4782778319196046,0.87621784059164221,Reported Kd,,,,,,,,,
801,Milinovic,2015,Science of the Total Environment, 10.1016/j.scitotenv.2014.12.017,soil,ASCO,PFOS,PFSA,C8HF17O3S,499.93739999999997,0.1,-,0,0,0,0.99999999498812764,0,5.0118723111538468E-9,1,0,-0.99999999498812764,498.93740000501185,96485,-193.38097227319562,8,17,0.29721362229102166,64.60808893273439,8,2.0166155475571776,5,8.4,1:25 deionized water,0.40699999999999997,7.2880293669979412,4.07E-2,0.504,18.680504077094145,5.04E-2,Asc / OA,42.8,BaCl2-TEA (pH 8.2),18.5,64.599999999999994,16.899999999999999,Pipette,100,0.2,2E-3,"0,01 M CaCl2 + 0,1 % NaN3",100,-,5,1000,19,9500,3.9777236052888476,1.2787536009528289,Reported Kd originated from a linear isotherm,,,,,,,,,
802,Milinovic,2015,Science of the Total Environment, 10.1016/j.scitotenv.2014.12.017,soil,ALM,PFOS,PFSA,C8HF17O3S,499.93739999999997,0.1,-,0,0,0,0.99999601894414336,0,3.981055856666137E-6,1,0,-0.99999601894414336,498.93740398105581,96485,-193.38020184088887,8,17,0.29721362229102166,64.60808893273439,8,2.0166155475571776,5,5.5,1:25 deionized water,1.0129999999999999,18.13949324021846,0.10129999999999999,0.40400000000000003,14.974054855448481,4.0400000000000005E-2,Asc / OA,23.4,BaCl2-TEA (pH 8.2),54.4,35,10.6,Pipette,100,1.6,1.6E-2,"0,01 M CaCl2 + 0,1 % NaN3",100,-,5,1000,32,2000,3.3010299956639813,1.505149978319906,Reported Kd originated from a linear isotherm,,,,,,,,,
803,Milinovic,2015,Science of the Total Environment, 10.1016/j.scitotenv.2014.12.017,soil,GOLOSO,PFOS,PFSA,C8HF17O3S,499.93739999999997,0.1,-,0,0,0,0.99999841510931942,0,1.5848906805786579E-6,1,0,-0.99999841510931942,498.93740158489061,96485,-193.38066614235672,8,17,0.29721362229102166,64.60808893273439,8,2.0166155475571776,5,5.9,1:25 deionized water,0.13800000000000001,2.4711254364759605,1.3800000000000002E-2,0.32500000000000001,12.045959970348406,3.2500000000000001E-2,Asc / OA,72.400000000000006,BaCl2-TEA (pH 8.2),73.400000000000006,16.8,9.8000000000000007,Pipette,100,3.9,3.9E-2,"0,01 M CaCl2 + 0,1 % NaN3",100,-,5,1000,38,974.35897435897436,2.988718989590311,1.5797835966168101,Reported Kd originated from a linear isotherm,,,,,,,,,
804,Milinovic,2015,Science of the Total Environment, 10.1016/j.scitotenv.2014.12.017,soil,DELTA2,PFOS,PFSA,C8HF17O3S,499.93739999999997,0.1,-,0,0,0,0.99999998741074603,0,1.258925395945232E-8,1,0,-0.99999998741074603,498.93740001258925,96485,-193.38097080493725,8,17,0.29721362229102166,64.60808893273439,8,2.0166155475571776,5,8,1:25 deionized water,2.9660000000000002,53.111290178171728,0.29660000000000003,0.23,8.5248332097850259,2.3E-2,Asc / OA,89.3,BaCl2-TEA (pH 8.2),12.2,54.3,33.5,Pipette,100,7.7,7.6999999999999999E-2,"0,01 M CaCl2 + 0,1 % NaN3",100,-,5,1000,76,987.01298701298708,2.9943228671083095,1.8808135922807914,Reported Kd originated from a linear isotherm,,,,,,,,,
805,Milinovic,2015,Science of the Total Environment, 10.1016/j.scitotenv.2014.12.017,soil,OVI01,PFOS,PFSA,C8HF17O3S,499.93739999999997,0.1,-,0,0,0,0.99999205678074798,0,7.9432192520095278E-6,1,0,-0.99999205678074798,498.93740794321923,96485,-193.37943409821597,8,17,0.29721362229102166,64.60808893273439,8,2.0166155475571776,5,5.2,1:25 deionized water,4.5149999999999997,80.848777867311313,0.45149999999999996,0.377,13.973313565604151,3.7699999999999997E-2,Asc / OA,46.3,BaCl2-TEA (pH 8.2),41.3,39.799999999999997,18.899999999999999,Pipette,100,9.4,9.4E-2,"0,01 M CaCl2 + 0,1 % NaN3",100,-,5,1000,110,1170.2127659574469,3.0682648315585266,2.0413926851582249,Reported Kd originated from a linear isotherm,,,,,,,,,
806,Milinovic,2015,Science of the Total Environment, 10.1016/j.scitotenv.2014.12.017,soil,DUBLIN,PFOS,PFSA,C8HF17O3S,499.93739999999997,0.1,-,0,0,0,0.9999974881198781,0,2.5118801219519806E-6,1,0,-0.9999974881198781,498.93740251188012,96485,-193.38048652094997,8,17,0.29721362229102166,64.60808893273439,8,2.0166155475571776,5,5.7,1:25 deionized water,10.64,190.52735249350883,1.0640000000000001,0.16700000000000001,6.1897702001482582,1.67E-2,Asc / OA,130,BaCl2-TEA (pH 8.2),20.7,78,1.3,Pipette,100,39,0.39,"0,01 M CaCl2 + 0,1 % NaN3",100,-,5,1000,295,756.41025641025635,2.8787574089516639,2.469822015978163,Reported Kd originated from a linear isotherm,,,,,,,,,
807,Fabregat-Palau,2021,Science of the Total Environment, 10.1016/j.scitotenv.2021.149343,soil,ALM,PFOS,PFSA,C8HF17O3S,499.93739999999997,0.1,-,0,0,0,0.99999601894414336,0,3.981055856666137E-6,1,0,-0.99999601894414336,498.93740398105581,96485,-193.38020184088887,8,17,0.29721362229102166,64.60808893273439,8,2.0166155475571776,5,5.5,1:25 deionized water,1.0129999999999999,18.13949324021846,0.10129999999999999,0.40400000000000003,14.974054855448481,4.0400000000000005E-2,Asc / OA,23.4,BaCl2-TEA (pH 8.2),54.4,35,10.6,Pipette,100,1.6,1.6E-2,"0,01 M CaCl2 + 0,1 % NaN3",100,-,170,-,32,2000,3.3010299956639813,1.505149978319906,Reported Kd originated from a single spiked concentration,,,,,,,,,
808,Fabregat-Palau,2021,Science of the Total Environment, 10.1016/j.scitotenv.2021.149343,soil,DELTA2,PFOS,PFSA,C8HF17O3S,499.93739999999997,0.1,-,0,0,0,0.99999998741074603,0,1.258925395945232E-8,1,0,-0.99999998741074603,498.93740001258925,96485,-193.38097080493725,8,17,0.29721362229102166,64.60808893273439,8,2.0166155475571776,5,8,1:25 deionized water,2.9660000000000002,53.111290178171728,0.29660000000000003,0.23,8.5248332097850259,2.3E-2,Asc / OA,87.3,BaCl2-TEA (pH 8.2),12.2,54.3,33.5,Pipette,100,7.7,7.6999999999999999E-2,"0,01 M CaCl2 + 0,1 % NaN3",100,-,170,-,76,987.01298701298708,2.9943228671083095,1.8808135922807914,Reported Kd originated from a single spiked concentration,,,,,,,,,
809,Fabregat-Palau,2021,Science of the Total Environment, 10.1016/j.scitotenv.2021.149343,soil,OVI01,PFOS,PFSA,C8HF17O3S,499.93739999999997,0.1,-,0,0,0,0.99999205678074798,0,7.9432192520095278E-6,1,0,-0.99999205678074798,498.93740794321923,96485,-193.37943409821597,8,17,0.29721362229102166,64.60808893273439,8,2.0166155475571776,5,5.2,1:25 deionized water,4.5149999999999997,80.848777867311313,0.45149999999999996,0.377,13.973313565604151,3.7699999999999997E-2,Asc / OA,44.3,BaCl2-TEA (pH 8.2),41.3,39.799999999999997,18.899999999999999,Pipette,100,9.4,9.4E-2,"0,01 M CaCl2 + 0,1 % NaN3",100,-,170,-,110,1170.2127659574469,3.0682648315585266,2.0413926851582249,Reported Kd originated from a single spiked concentration,,,,,,,,,
810,Fabregat-Palau,2021,Science of the Total Environment, 10.1016/j.scitotenv.2021.149343,soil,DUBLIN,PFOS,PFSA,C8HF17O3S,499.93739999999997,0.1,-,0,0,0,0.99999800474166611,0,1.9952583339051124E-6,1,0,-0.99999800474166611,498.93740199525831,96485,-193.38058662600847,8,17,0.29721362229102166,64.60808893273439,8,2.0166155475571776,5,5.8,1:25 deionized water,6.5019999999999998,116.42940281135286,0.6502,1.732,64.195700518902896,0.17319999999999999,Asc / OA,90,BaCl2-TEA (pH 8.2),46,51,3,Pipette,100,27,0.27,"0,01 M CaCl2 + 0,1 % NaN3",100,-,670,-,144,533.33333333333326,2.7269987279362624,2.1583624920952498,Reported Kd originated from a single spiked concentration,,,,,,,,,
811,Fabregat-Palau,2021,Science of the Total Environment, 10.1016/j.scitotenv.2021.149343,soil,UIAR,PFOS,PFSA,C8HF17O3S,499.93739999999997,0.1,-,0,0,0,0.9999974881198781,0,2.5118801219519806E-6,1,0,-0.9999974881198781,498.93740251188012,96485,-193.38048652094997,8,17,0.29721362229102166,64.60808893273439,8,2.0166155475571776,5,5.7,1:25 deionized water,12.358000000000001,221.29107350702839,1.2358,1.0269999999999999,38.065233506300963,0.10269999999999999,Asc / OA,103,BaCl2-TEA (pH 8.2),35,63,2,Pipette,100,32,0.32,"0,01 M CaCl2 + 0,1 % NaN3",100,-,670,-,171,534.375,2.7278461320722478,2.2329961103921536,Reported Kd originated from a single spiked concentration,,,,,,,,,
812,Fabregat-Palau,2021,Science of the Total Environment, 10.1016/j.scitotenv.2021.149343,soil,BRA,PFOS,PFSA,C8HF17O3S,499.93739999999997,0.1,-,0,0,0,0.9999974881198781,0,2.5118801219519806E-6,1,0,-0.9999974881198781,498.93740251188012,96485,-193.38048652094997,8,17,0.29721362229102166,64.60808893273439,8,2.0166155475571776,5,5.7,1:25 deionized water,10.64,190.52735249350883,1.0640000000000001,0.16700000000000001,6.1897702001482582,1.67E-2,Asc / OA,140,BaCl2-TEA (pH 8.2),20.7,78,1.3,Pipette,100,39,0.39,"0,01 M CaCl2 + 0,1 % NaN3",100,-,670,-,295,756.41025641025635,2.8787574089516639,2.469822015978163,Reported Kd originated from a single spiked concentration,,,,,,,,,
813,Fabregat-Palau,2021,Science of the Total Environment, 10.1016/j.scitotenv.2021.149343,soil,KOM,PFOS,PFSA,C8HF17O3S,499.93739999999997,0.1,-,0,0,0,0.9999974881198781,0,2.5118801219519806E-6,1,0,-0.9999974881198781,498.93740251188012,96485,-193.38048652094997,8,17,0.29721362229102166,64.60808893273439,8,2.0166155475571776,5,5.7,1:25 deionized water,19.667999999999999,352.18909481600861,1.9667999999999999,0.48099999999999998,17.828020756115642,4.8099999999999997E-2,Asc / OA,114,BaCl2-TEA (pH 8.2),20,78.900000000000006,1.1000000000000001,Pipette,100,41,0.41,"0,01 M CaCl2 + 0,1 % NaN3",100,-,670,-,207,504.87804878048786,2.7031864887371824,2.3159703454569178,Reported Kd originated from a single spiked concentration,,,,,,,,,
814,Chun You ,2010,Environmental Pollution,doi:10.1016/j.envpol.2010.01.009,sediment,MY1,PFOS,PFSA,C8HF17O3S,499.93739999999997,0.1,-,0,0,0,0.99999630734787115,0,3.6926521288789129E-6,1,0,-0.99999630734787115,498.93740369265208,96485,-193.38025772446272,8,17,0.29721362229102166,64.60808893273439,8,2.0166155475571776,5,5.5326599999999999,KNN input,not reported,not reported,not reported,not reported,not reported,not reported,not reported,7.55,not reported,12.9,84.16,2.95,not reported,100.01,1.49,1.49E-2,"0,005 M CaCl2",125,-,0.5,100,23.5,1577.1812080536913,3.1978815938594622,1.3710678622717363,Reported Kd originated from a linear isotherm,,,,,,,,,
815,Chun You ,2010,Environmental Pollution,doi:10.1016/j.envpol.2010.01.009,sediment,MY2,PFOS,PFSA,C8HF17O3S,499.93739999999997,0.1,-,0,0,0,0.99999457760715693,0,5.4223928431076608E-6,1,0,-0.99999457760715693,498.93740542239283,96485,-193.37992255510338,8,17,0.29721362229102166,64.60808893273439,8,2.0166155475571776,5,5.3658066668000002,KNN input,not reported,not reported,not reported,not reported,not reported,not reported,not reported,5.12,not reported,60.5,38.61,0.94,not reported,100.05,0.67,6.7000000000000002E-3,"0,005 M CaCl2",125,-,0.5,100,10,1492.5373134328358,3.1739251972991736,1,Reported Kd originated from a linear isotherm,,,,,,,,,
816,Chun You ,2010,Environmental Pollution,doi:10.1016/j.envpol.2010.01.009,sediment,MY3,PFOS,PFSA,C8HF17O3S,499.93739999999997,0.1,-,0,0,0,0.99999451784952031,0,5.4821504796677426E-6,1,0,-0.99999451784952031,498.93740548215044,96485,-193.3799109759525,8,17,0.29721362229102166,64.60808893273439,8,2.0166155475571776,5,5.3610466668000001,KNN input,not reported,not reported,not reported,not reported,not reported,not reported,not reported,6.87,not reported,46.2,51.269999999999996,2.61,not reported,100.08,0.75,7.4999999999999997E-3,"0,005 M CaCl2",125,-,0.5,100,6.93,924,2.9656719712201065,0.84073323461180671,Reported Kd originated from a linear isotherm,,,,,,,,,
817,Chun You ,2010,Environmental Pollution,doi:10.1016/j.envpol.2010.01.009,sediment,MY4,PFOS,PFSA,C8HF17O3S,499.93739999999997,0.1,-,0,0,0,0.99999489434910782,0,5.1056508921866872E-6,1,0,-0.99999489434910782,498.93740510565084,96485,-193.37998392973347,8,17,0.29721362229102166,64.60808893273439,8,2.0166155475571776,5,5.3919466668000009,KNN input,not reported,not reported,not reported,not reported,not reported,not reported,not reported,6.35,not reported,37.299999999999997,60.64,2.15,not reported,100.09,0.85,8.5000000000000006E-3,"0,005 M CaCl2",125,-,0.5,100,10.5,1235.2941176470588,3.0917703733556454,1.0211892990699381,Reported Kd originated from a linear isotherm,,,,,,,,,
818,Chun You ,2010,Environmental Pollution,doi:10.1016/j.envpol.2010.01.009,sediment,MY5,PFOS,PFSA,C8HF17O3S,499.93739999999997,0.1,-,0,0,0,0.99999437851712725,0,5.6214828727314409E-6,1,0,-0.99999437851712725,498.93740562148281,96485,-193.3798839777161,8,17,0.29721362229102166,64.60808893273439,8,2.0166155475571776,5,5.3501466668000006,KNN input,not reported,not reported,not reported,not reported,not reported,not reported,not reported,6.96,not reported,41.5,56.540000000000006,2,not reported,100.04,0.63,6.3E-3,"0,005 M CaCl2",125,-,0.5,100,8.23,1306.3492063492065,3.1160592857586882,0.91539983521226986,Reported Kd originated from a linear isotherm,,,,,,,,,
819,Chun You ,2010,Environmental Pollution,doi:10.1016/j.envpol.2010.01.009,sediment,TH1,PFOS,PFSA,C8HF17O3S,499.93739999999997,0.1,-,0,0,0,0.9999953532285204,0,4.6467714795539728E-6,1,0,-0.9999953532285204,498.93740464677143,96485,-193.3800728461342,8,17,0.29721362229102166,64.60808893273439,8,2.0166155475571776,5,5.4328466667999997,KNN input,not reported,not reported,not reported,not reported,not reported,not reported,not reported,9.52,not reported,30.1,65.53,4.37,not reported,100,1.27,1.2699999999999999E-2,"0,005 M CaCl2",125,-,0.5,100,15.4,1212.5984251968505,3.0837169998805063,1.1875207208364631,Reported Kd originated from a linear isotherm,,,,,,,,,
820,Chun You ,2010,Environmental Pollution,doi:10.1016/j.envpol.2010.01.009,sediment,TH2,PFOS,PFSA,C8HF17O3S,499.93739999999997,0.1,-,0,0,0,0.99999602724660142,0,3.9727533985561331E-6,1,0,-0.99999602724660142,498.93740397275332,96485,-193.38020344964417,8,17,0.29721362229102166,64.60808893273439,8,2.0166155475571776,5,5.5009066667999997,KNN input,not reported,not reported,not reported,not reported,not reported,not reported,not reported,9.82,not reported,24.1,70.7,4.82,not reported,99.62,1.31,1.3100000000000001E-2,"0,005 M CaCl2",125,-,0.5,100,19.8,1511.4503816793892,3.1793938946057669,1.2966651902615312,Reported Kd originated from a linear isotherm,,,,,,,,,
821,Chun You ,2010,Environmental Pollution,doi:10.1016/j.envpol.2010.01.009,sediment,TH3,PFOS,PFSA,C8HF17O3S,499.93739999999997,0.1,-,0,0,0,0.99999482904108139,0,5.1709589186263423E-6,1,0,-0.99999482904108139,498.93740517095893,96485,-193.37997127509152,8,17,0.29721362229102166,64.60808893273439,8,2.0166155475571776,5,5.3864266668000003,KNN input,not reported,not reported,not reported,not reported,not reported,not reported,not reported,9.69,not reported,37,58.99,4.09,not reported,100.08000000000001,1.25,1.2500000000000001E-2,"0,005 M CaCl2",125,-,0.5,100,15.9,1272,3.1044871113123951,1.2013971243204515,Reported Kd originated from a linear isotherm,,,,,,,,,
822,Chun You ,2010,Environmental Pollution,doi:10.1016/j.envpol.2010.01.009,sediment,TH4,PFOS,PFSA,C8HF17O3S,499.93739999999997,0.1,-,0,0,0,0.99999455684164429,0,5.443158355671601E-6,1,0,-0.99999455684164429,498.9374054431583,96485,-193.37991853140002,8,17,0.29721362229102166,64.60808893273439,8,2.0166155475571776,5,5.3641466668,KNN input,not reported,not reported,not reported,not reported,not reported,not reported,not reported,9,not reported,58.3,39.31,2.38,not reported,99.99,1.21,1.21E-2,"0,005 M CaCl2",125,-,0.5,100,13.5,1115.702479338843,3.0475483981785558,1.1303337684950061,Reported Kd originated from a linear isotherm,,,,,,,,,
823,Chun You ,2010,Environmental Pollution,doi:10.1016/j.envpol.2010.01.009,sediment,TH5,PFOS,PFSA,C8HF17O3S,499.93739999999997,0.1,-,0,0,0,0.99999596269481228,0,4.0373051877639565E-6,1,0,-0.99999596269481228,498.93740403730516,96485,-193.38019094153719,8,17,0.29721362229102166,64.60808893273439,8,2.0166155475571776,5,5.4939066667999992,KNN input,not reported,not reported,not reported,not reported,not reported,not reported,not reported,8.9,not reported,24.1,71.009999999999991,4.91,not reported,100.01999999999998,1.1399999999999999,1.1399999999999999E-2,"0,005 M CaCl2",125,-,0.5,100,14.1,1236.8421052631579,3.0923142613189074,1.1492191126553799,Reported Kd originated from a linear isotherm,,,,,,,,,
824,Chun You ,2010,Environmental Pollution,doi:10.1016/j.envpol.2010.01.009,sediment,TH6,PFOS,PFSA,C8HF17O3S,499.93739999999997,0.1,-,0,0,0,0.999996249075082,0,3.7509249179593157E-6,1,0,-0.999996249075082,498.93740375092483,96485,-193.3802464330285,8,17,0.29721362229102166,64.60808893273439,8,2.0166155475571776,5,5.5258600000000007,KNN input,not reported,not reported,not reported,not reported,not reported,not reported,not reported,7.72,not reported,11.1,81.599999999999994,7.38,not reported,100.07999999999998,0.93,9.300000000000001E-3,"0,005 M CaCl2",125,-,0.5,100,10.199999999999999,1096.7741935483868,3.0401172232079823,1.0086001717619175,Reported Kd originated from a linear isotherm,,,,,,,,,
825,Chun You ,2010,Environmental Pollution,doi:10.1016/j.envpol.2010.01.009,sediment,TH7,PFOS,PFSA,C8HF17O3S,499.93739999999997,0.1,-,0,0,0,0.99999638541509817,0,3.6145849017946273E-6,1,0,-0.99999638541509817,498.93740361458487,96485,-193.38027285143653,8,17,0.29721362229102166,64.60808893273439,8,2.0166155475571776,5,5.5419400000000003,KNN input,not reported,not reported,not reported,not reported,not reported,not reported,not reported,9.33,not reported,13.6,80.199999999999989,6.23,not reported,100.02999999999999,0.55000000000000004,5.5000000000000005E-3,"0,005 M CaCl2",125,-,0.5,100,7.54,1370.9090909090908,3.1370086563755302,0.87737134586977406,Reported Kd originated from a linear isotherm,,,,,,,,,
826,Chun You ,2010,Environmental Pollution,doi:10.1016/j.envpol.2010.01.009,sediment,TH8,PFOS,PFSA,C8HF17O3S,499.93739999999997,0.1,-,0,0,0,0.99999622620451056,0,3.7737954894173753E-6,1,0,-0.99999622620451056,498.93740377379544,96485,-193.38024200143087,8,17,0.29721362229102166,64.60808893273439,8,2.0166155475571776,5,5.5232199999999994,KNN input,not reported,not reported,not reported,not reported,not reported,not reported,not reported,9.66,not reported,18.899999999999999,75.5,5.59,not reported,99.990000000000009,0.18,1.8E-3,"0,005 M CaCl2",125,-,0.5,100,2.0099999999999998,1116.6666666666665,3.0479235523171826,0.30319605742048883,Reported Kd originated from a linear isotherm,,,,,,,,,
827,Chun You ,2010,Environmental Pollution,doi:10.1016/j.envpol.2010.01.009,sediment,TH9,PFOS,PFSA,C8HF17O3S,499.93739999999997,0.1,-,0,0,0,0.99999632499102564,0,3.6750089743068768E-6,1,0,-0.99999632499102564,498.93740367500891,96485,-193.38026114315127,8,17,0.29721362229102166,64.60808893273439,8,2.0166155475571776,5,5.5347400000000002,KNN input,not reported,not reported,not reported,not reported,not reported,not reported,not reported,10.1,not reported,14.9,78.099999999999994,7.16,not reported,100.16,0.16,1.6000000000000001E-3,"0,005 M CaCl2",125,-,0.5,100,1.85,1156.25,3.0630517457470892,0.26717172840301384,Reported Kd originated from a linear isotherm,,,,,,,,,
828,Chun You ,2010,Environmental Pollution,doi:10.1016/j.envpol.2010.01.009,sediment,TH10,PFOS,PFSA,C8HF17O3S,499.93739999999997,0.1,-,0,0,0,0.99999634187609643,0,3.6581239036084515E-6,1,0,-0.99999634187609643,498.93740365812391,96485,-193.38026441494705,8,17,0.29721362229102166,64.60808893273439,8,2.0166155475571776,5,5.53674,KNN input,not reported,not reported,not reported,not reported,not reported,not reported,not reported,10.3,not reported,14.9,78.599999999999994,6.61,not reported,100.11,0.16,1.6000000000000001E-3,"0,005 M CaCl2",125,-,0.5,100,2.23,1393.75,3.1441848803922361,0.34830486304816066,Reported Kd originated from a linear isotherm,,,,,,,,,
829,Changlong Wei,2017,Ecotoxicology & Environmental Safety, 10.1016/j.ecoenv.2017.03.040,soil,JS,PFOS,PFSA,C8HF17O3S,499.93739999999997,0.1,-,0,0,0,0.99999998415106828,0,1.5848931673422437E-8,1,0,-0.99999998415106828,498.93740001584888,96485,-193.38097017331424,8,17,0.29721362229102166,64.60808893273439,8,2.0166155475571776,5,7.9,"1:2,5 deionized water",6.6940259252301342,119.86795461062108,0.66940259252301337,0.39692036092585331,14.711651628089447,3.9692036092585328E-2,DCB,8,not reported,46,48,6,not reported,100,0.87,8.6999999999999994E-3,Millipore Water,10,-,10,1000,18,2068.9655172413795,3.3157532524846878,1.255272505103306,Kd reportet as L/g is actually L/kg,,,,,,,,,
830,Changlong Wei,2017,Ecotoxicology & Environmental Safety, 10.1016/j.ecoenv.2017.03.040,soil,CQ,PFOS,PFSA,C8HF17O3S,499.93739999999997,0.1,-,0,0,0,0.99998711767043957,0,1.2882329560378492E-5,1,0,-0.99998711767043957,498.93741288232951,96485,-193.37847705396931,8,17,0.29721362229102166,64.60808893273439,8,2.0166155475571776,5,4.99,"1:2,5 deionized water",12.835462458513371,229.84085340699028,1.2835462458513371,0.36516673205178501,13.534719497842291,3.6516673205178499E-2,DCB,33.299999999999997,not reported,51,29,20,not reported,100,0.99,9.8999999999999991E-3,Millipore Water,10,-,10,1000,29,2929.2929292929298,3.4667628033014064,1.4623979978989561,Kd reportet as L/g is actually L/kg,,,,,,,,,
831,Changlong Wei,2017,Ecotoxicology & Environmental Safety, 10.1016/j.ecoenv.2017.03.040,soil,JX,PFOS,PFSA,C8HF17O3S,499.93739999999997,0.1,-,0,0,0,0.99999563486073217,0,4.3651392678776466E-6,1,0,-0.99999563486073217,498.93740436513929,96485,-193.38012741760102,8,17,0.29721362229102166,64.60808893273439,8,2.0166155475571776,5,5.46,"1:2,5 deionized water",34.680230446490079,621.00869274760646,3.4680230446490077,3.3129619458611224,122.7932522557866,0.33129619458611226,DCB,5.58,not reported,14,76,10,not reported,100,1.27,1.2699999999999999E-2,Millipore Water,10,-,10,1000,48,3779.5275590551182,3.5774375164196304,1.6812412373755872,Kd reportet as L/g is actually L/kg,,,,,,,,,
832,Changlong Wei,2017,Ecotoxicology & Environmental Safety, 10.1016/j.ecoenv.2017.03.040,soil,GX,PFOS,PFSA,C8HF17O3S,499.93739999999997,0.1,-,0,0,0,0.99998050193418442,0,1.9498065815597068E-5,1,0,-0.99998050193418442,498.93741949806582,96485,-193.37719513237235,8,17,0.29721362229102166,64.60808893273439,8,2.0166155475571776,5,4.8099999999999996,"1:2,5 deionized water",43.787463209969317,784.0892328761629,4.3787463209969317,2.0004786190663006,74.146724205570806,0.20004786190663007,DCB,16.899999999999999,not reported,47,16,37,not reported,100,1.46,1.46E-2,Millipore Water,10,-,10,1000,14,958.90410958904113,2.981775179893801,1.146128035678238,Kd reportet as L/g is actually L/kg,,,,,,,,,
833,Changlong Wei,2017,Ecotoxicology & Environmental Safety, 10.1016/j.ecoenv.2017.03.040,soil,HLJ,PFOS,PFSA,C8HF17O3S,499.93739999999997,0.1,-,0,0,0,0.99999998415106828,0,1.5848931673422437E-8,1,0,-0.99999998415106828,498.93740001584888,96485,-193.38097017331424,8,17,0.29721362229102166,64.60808893273439,8,2.0166155475571776,5,7.9,"1:2,5 deionized water",5.9036132506731791,105.71426718010886,0.59036132506731787,1.1590074539034916,42.958022754021179,0.11590074539034916,DCB,10.7,not reported,16,50,34,not reported,100,2.25,2.2499999999999999E-2,Millipore Water,10,-,10,1000,66,2933.3333333333335,3.4673614174305061,1.8195439355418688,Kd reportet as L/g is actually L/kg,,,,,,,,,
834,Changlong Wei,2017,Ecotoxicology & Environmental Safety, 10.1016/j.ecoenv.2017.03.040,soil,GD,PFOS,PFSA,C8HF17O3S,499.93739999999997,0.1,-,0,0,0,0.99993834430147344,0,6.1655698526593398E-5,1,0,-0.99993834430147344,498.93746165569854,96485,-193.36902630996445,8,17,0.29721362229102166,64.60808893273439,8,2.0166155475571776,5,4.3099999999999996,"1:2,5 deionized water",56.420076398021166,1010.2977240222251,5.6420076398021166,9.3937818752451943,348.17575519811692,0.9393781875245194,DCB,7.63,not reported,36,33,31,not reported,100,2.71,2.7099999999999999E-2,Millipore Water,10,-,10,1000,63,2324.7232472324722,3.3663712585791759,1.7993405494535817,Kd reportet as L/g is actually L/kg,,,,,,,,,
835,Kwadijk,2013,Chemosphere, 10.1016/j.chemosphere.2012.08.041,sediment,-,PFOS,PFSA,C8HF17O3S,499.93739999999997,0.1,-,0,0,0,0.99999874107617315,0,1.2589238269029671E-6,1,0,-0.99999874107617315,498.93740125892379,96485,-193.38072930448382,8,17,0.29721362229102166,64.60808893273439,8,2.0166155475571776,5,6,Non reported,Non reported,Non reported,Non reported,Non reported,Non reported,Non reported,Non reported,14.3477,KNN input,31.301833330000001,42.52566667,26.328499999999998,KNN input,100.15600000000001,2.6,2.6000000000000002E-2,Modified DSW,50,-,50,5000,15.848931924611136,609.57430479273592,2.785026652029182,1.2,Kd approximately extracted from Figure 1 at pH 6,,,,,,,,,
836,Gang Pan,2009,Environmental Pollution,doi:10.1016/j.envpol.2008.06.035,sediment,-,PFOS,PFSA,C8HF17O3S,499.93739999999997,0.1,-,0,0,0,0.99999991682362976,0,8.3176370191957686E-8,1,0,-0.99999991682362976,498.93740008317633,96485,-193.38095712737351,8,17,0.29721362229102166,64.60808893273439,8,2.0166155475571776,5,7.18,1:2 Water,Non reported,Non reported,Non reported,Non reported,Non reported,Non reported,Non reported,6.87,not reported,41.137099999999997,37.024599999999992,21.452400000000001,KNN input,99.614099999999993,0.75,7.4999999999999997E-3,"0,5 mM CaCl2",66.666666666666671,-,100,1000,17.98,2397.3333333333335,3.3797284240055099,1.25478968739721,Kd reported at Cw = 0.1 ppm. Value reported in L/g is actually L/kg,,,,,,,,,
837,Mark L. Brusseau,2019,Environmental Science and Technology,10.1021/acs.est.9b02343,soil,Vintun,PFOS,PFSA,C8HF17O3S,499.93739999999997,0.1,-,0,0,0,0.99999997488113634,0,2.5118863684138424E-8,1,0,-0.99999997488113634,498.93740002511885,96485,-193.38096837709284,8,17,0.29721362229102166,64.60808893273439,8,2.0166155475571776,5,7.7,Non reported,1.7,30.441400304414003,0.16999999999999998,1.4,51.890289103039287,0.13999999999999999,5 M HNO3,5.7535666666666669,KNN input,96,1.5,3,not reported,100.5,0.1,1E-3,SGW,500,-,10,10000,2.5885627679954286,2588.5627679954287,3.4130587003063049,0.41305870030630498,Calculated in this study at Cw = 10% S,1.24,(nmol/kg)/(nmol/L)^N,0.81,4.0384587789488693,10.39,26.895167159472507,2.5885627679954286,,
838,Mark L. Brusseau,2019,Environmental Science and Technology,10.1021/acs.est.9b02343,soil,Eustis,PFOS,PFSA,C8HF17O3S,499.93739999999997,0.1,-,0,0,0,0.99999997488113634,0,2.5118863684138424E-8,1,0,-0.99999997488113634,498.93740002511885,96485,-193.38096837709284,8,17,0.29721362229102166,64.60808893273439,8,2.0166155475571776,5,7.7,Non reported,0.31,5.551078879040201,3.1E-2,0.69,25.574499629355078,6.8999999999999992E-2,5 M HNO3,5.7073166666666673,KNN input,95,0.6,4.4000000000000004,not reported,100,0.38,3.8E-3,SGW,500,-,10,10000,2.6324054048362351,692.73826443058817,2.8405691772024348,0.42035277381924485,Calculated in this study at Cw = 10% S,1.08,(nmol/kg)/(nmol/L)^N,0.77,4.5099772356334045,10.39,27.350692156248485,2.6324054048362351,,
839,Huiting Chen,2016,Chemosphere, 10.1016/j.chemosphere.2015.10.055,sediment,fresh sediment,PFOS,PFSA,C8HF17O3S,499.93739999999997,0.1,-,0,0,0,0.99999996837722438,0,3.1622775601683729E-8,1,0,-0.99999996837722438,498.93740003162276,96485,-193.38096711683923,8,17,0.29721362229102166,64.60808893273439,8,2.0166155475571776,5,7.6,not reported,2.8492E-2,0.51019786910197873,2.8492000000000001E-3,1.2054E-2,0.4467753891771683,1.2054000000000001E-3,not reported,15.90036666666667,KNN input,4,61,35,not reported,100,2.52,2.52E-2,1 mM NaHCO3 + 1 mM NaCl,125,-,0.5,100,2.8183829312644542,111.84059251049422,2.048599459218456,0.45000000000000007,Reported Kd at Cw = 2.5 ppb,,,,,,,,,
840,McLachlan,2019,Chemosphere, 10.1016/j.chemosphere.2019.02.012,soil,Lower Layer,PFOS,PFSA,C8HF17O3S,499.93739999999997,0.1,-,0,0,0,0.99999292059227451,0,7.0794077254728099E-6,1,0,-0.99999292059227451,498.93740707940771,96485,-193.3796014777256,8,17,0.29721362229102166,64.60808893273439,8,2.0166155475571776,5,5.25,not reported,not reported,not reported,not reported,not reported,not reported,not reported,not reported,5.7023166666666656,KNN input,100,0,0,not reported,100,0.4,4.0000000000000001E-3,deionized water,200,-,1,1000,12.6,3150,3.4983105537896004,1.1003705451175629,Mean Kd value at the certain condition reported in Table S9,,,,,,,,,
841,McLachlan,2019,Chemosphere, 10.1016/j.chemosphere.2019.02.012,soil,Upper layer,PFOS,PFSA,C8HF17O3S,499.93739999999997,0.1,-,0,0,0,0.99999730847244039,0,2.6915275595868084E-6,1,0,-0.99999730847244039,498.9374026915275,96485,-193.38045171092526,8,17,0.29721362229102166,64.60808893273439,8,2.0166155475571776,5,5.67,not reported,not reported,not reported,not reported,not reported,not reported,not reported,not reported,9.2037666666666649,KNN input,71,24,5,not reported,100,0.93,9.300000000000001E-3,deionized water,200,-,1,1000,3.6,387.09677419354836,2.587819552213352,0.55630250076728727,Mean Kd value at the certain condition reported in Table S9,,,,,,,,,
842,Aly,2019,Env Sci WR&T,10.1039/c9ew00426b,soil,-,PFOS,PFSA,C8HF17O3S,499.93739999999997,0.1,-,0,0,0,0.99999987410747471,0,1.2589252533048661E-7,1,0,-0.99999987410747471,498.93740012589251,96485,-193.38094885032569,8,17,0.29721362229102166,64.60808893273439,8,2.0166155475571776,5,7,not reported,not reported,not reported,not reported,not reported,not reported,not reported,not reported,26.903333333333332,not reported,31.549399999999999,38.265099999999997,30.404799999999991,KNN input,100.21929999999999,1.4433333333333334,1.4433333333333333E-2,"0,01 M NaHCO3",500,-,10,100,1.4,96.997690531177824,1.986761394044535,0.14612803567823801,Reported Kd originated from a linear isotherm,,,,,,,,,
843,Oliver,2020,Science of the Total Environment, 10.1016/j.scitotenv.2020.1372630048-9697,soil,N1,PFOS,PFSA,C8HF17O3S,499.93739999999997,0.1,-,0,0,0,0.99999988779816718,0,1.1220183284094351E-7,1,0,-0.99999988779816718,498.93740011220177,96485,-193.38095150315146,8,17,0.29721362229102166,64.60808893273439,8,2.0166155475571776,5,7.05,not reported,9.9,177.27639000805803,0.99,3.3,122.31282431430689,0.32999999999999996,E. A.,7.6433666666666662,KNN input,78,5,11,not reported,94,1.6,1.6E-2,15 PSU ASW,20,-,10,-,14.41,900.625,2.9545439981580643,1.1586639808139894,Reported Kd originated from a single spiked concentration,,,,,,,,,
844,Oliver,2020,Science of the Total Environment, 10.1016/j.scitotenv.2020.1372630048-9697,soil,N4,PFOS,PFSA,C8HF17O3S,499.93739999999997,0.1,-,0,0,0,0.99999993690426958,0,6.3095730466947729E-8,1,0,-0.99999993690426958,498.93740006309571,96485,-193.38096101837013,8,17,0.29721362229102166,64.60808893273439,8,2.0166155475571776,5,7.3,not reported,1.1000000000000001,19.697376667562004,0.11000000000000001,0.54,20.014825796886583,5.4000000000000006E-2,E. A.,14.54611666666667,KNN input,92,0.7,3.1,not reported,95.8,0.5,5.0000000000000001E-3,15 PSU ASW,20,-,10,-,10.69,2138,3.3300077008727591,1.0289777052087781,Reported Kd originated from a single spiked concentration,,,,,,,,,
845,Oliver,2020,Science of the Total Environment, 10.1016/j.scitotenv.2020.1372630048-9697,soil,N7,PFOS,PFSA,C8HF17O3S,499.93739999999997,0.1,-,0,0,0,0.99999991871695504,0,8.128304500947571E-8,1,0,-0.99999991871695504,498.93740008128299,96485,-193.38095749424042,8,17,0.29721362229102166,64.60808893273439,8,2.0166155475571776,5,7.19,not reported,3,53.720118184260009,0.3,1.2,44.477390659747961,0.12,E. A.,5.4888166666666667,KNN input,83,1.9,5.3,not reported,90.2,2.7,2.7000000000000003E-2,15 PSU ASW,20,-,10,-,24.69,914.44444444444434,2.9611573257729451,1.3925210899319322,Reported Kd originated from a single spiked concentration,,,,,,,,,
846,Oliver,2020,Science of the Total Environment, 10.1016/j.scitotenv.2020.1372630048-9697,soil,N9-FC,PFOS,PFSA,C8HF17O3S,499.93739999999997,0.1,-,0,0,0,0.9999999601892845,0,3.9810715470456442E-8,1,0,-0.9999999601892845,498.93740003981065,96485,-193.38096553027393,8,17,0.29721362229102166,64.60808893273439,8,2.0166155475571776,5,7.5,not reported,2.2000000000000002,39.394753335124008,0.22000000000000003,8,296.51593773165308,0.8,E. A.,5.670066666666667,KNN input,76,6,13,not reported,95,1.1000000000000001,1.1000000000000001E-2,15 PSU ASW,20,-,10,-,9.76,887.27272727272714,2.9480571325084668,0.98944981766669182,Reported Kd originated from a single spiked concentration,,,,,,,,,
847,Oliver,2020,Science of the Total Environment, 10.1016/j.scitotenv.2020.1372630048-9697,soil,N10-TC,PFOS,PFSA,C8HF17O3S,499.93739999999997,0.1,-,0,0,0,0.99999981379132097,0,1.8620867899260757E-7,1,0,-0.99999981379132097,498.93740018620866,96485,-193.38093716295151,8,17,0.29721362229102166,64.60808893273439,8,2.0166155475571776,5,6.83,not reported,47,841.61518488674005,4.7,20,741.28984432913273,2,E. A.,8.2616166666666668,KNN input,13,14,53,not reported,80,5,0.05,15 PSU ASW,20,-,10,-,35.04,700.8,2.8455940931600243,1.5445640974960431,Reported Kd originated from a single spiked concentration,,,,,,,,,
848,Oliver,2020,Science of the Total Environment, 10.1016/j.scitotenv.2020.1372630048-9697,soil,N12,PFOS,PFSA,C8HF17O3S,499.93739999999997,0.1,-,0,0,0,0.99999979107043058,0,2.0892956943382908E-7,1,0,-0.99999979107043058,498.93740020892955,96485,-193.3809327603573,8,17,0.29721362229102166,64.60808893273439,8,2.0166155475571776,5,6.78,not reported,21,376.04082728982007,2.1,1.8,66.716085989621945,0.18,E. A.,5.6660666666666657,KNN input,88,2.1,5.7,not reported,95.8,1.1000000000000001,1.1000000000000001E-2,15 PSU ASW,20,-,10,-,17.25,1568.181818181818,3.1953964142510678,1.2367890994092929,Reported Kd originated from a single spiked concentration,,,,,,,,,
849,Oliver,2020,Science of the Total Environment, 10.1016/j.scitotenv.2020.1372630048-9697,soil,N13,PFOS,PFSA,C8HF17O3S,499.93739999999997,0.1,-,0,0,0,0.99999973697327005,0,2.6302673000645904E-7,1,0,-0.99999973697327005,498.93740026302675,96485,-193.38092227802846,8,17,0.29721362229102166,64.60808893273439,8,2.0166155475571776,5,6.68,not reported,0.62,11.102157758080402,6.2E-2,0.7,25.945144551519643,6.9999999999999993E-2,E. A.,9.8359666666666676,KNN input,96,0,0.5,not reported,96.5,0.3,3.0000000000000001E-3,15 PSU ASW,20,-,10,-,4.6100000000000003,1536.6666666666667,3.1865796706699858,0.6637009253896482,Reported Kd originated from a single spiked concentration,,,,,,,,,
850,Oliver,2020,Science of the Total Environment, 10.1016/j.scitotenv.2020.1372630048-9697,soil,N14,PFOS,PFSA,C8HF17O3S,499.93739999999997,0.1,-,0,0,0,0.99999925869030826,0,7.413096917604484E-7,1,0,-0.99999925869030826,498.93740074130966,96485,-193.38082960182842,8,17,0.29721362229102166,64.60808893273439,8,2.0166155475571776,5,6.23,not reported,25,447.66765153550006,2.5,11,407.70941438102295,1.1000000000000001,E. A.,5.7400666666666664,KNN input,75,8.6,8.8000000000000007,not reported,92.399999999999991,3.6,3.6000000000000004E-2,15 PSU ASW,20,-,10,-,30.37,843.61111111111109,2.926142291150978,1.4824447919182653,Reported Kd originated from a single spiked concentration,,,,,,,,,
851,Oliver,2020,Science of the Total Environment, 10.1016/j.scitotenv.2020.1372630048-9697,soil,N15,PFOS,PFSA,C8HF17O3S,499.93739999999997,0.1,-,0,0,0,0.99999993543458121,0,6.4565418734771836E-8,1,0,-0.99999993543458121,498.93740006456534,96485,-193.38096073359074,8,17,0.29721362229102166,64.60808893273439,8,2.0166155475571776,5,7.29,not reported,5.3,94.905542125526011,0.53,2.1,77.835433654558926,0.21000000000000002,E. A.,6.4225666666666674,KNN input,90,2.2999999999999998,0.3,not reported,92.6,0.7,6.9999999999999993E-3,15 PSU ASW,20,-,10,-,9.52,1360,3.1335389083702174,0.97863694838447435,Reported Kd originated from a single spiked concentration,,,,,,,,,
852,Oliver,2020,Science of the Total Environment, 10.1016/j.scitotenv.2020.1372630048-9697,soil,N!6,PFOS,PFSA,C8HF17O3S,499.93739999999997,0.1,-,0,0,0,0.99999992237529434,0,7.7624705637273547E-8,1,0,-0.99999992237529434,498.93740007762466,96485,-193.38095820311156,8,17,0.29721362229102166,64.60808893273439,8,2.0166155475571776,5,7.21,not reported,37,662.54812427254012,3.7,4.9000000000000004,181.61601186063751,0.49000000000000005,E. A.,8.0642166666666668,KNN input,57,8,15,not reported,80,4.8,4.8000000000000001E-2,15 PSU ASW,20,-,10,-,18.05,376.04166666666669,2.5752359688660897,1.2564772062416767,Reported Kd originated from a single spiked concentration,,,,,,,,,
853,Oliver,2020,Science of the Total Environment, 10.1016/j.scitotenv.2020.1372630048-9697,soil,S6,PFOS,PFSA,C8HF17O3S,499.93739999999997,0.1,-,0,0,0,0.99999987977357097,0,1.2022642900734515E-7,1,0,-0.99999987977357097,498.93740012022636,96485,-193.38094994823703,8,17,0.29721362229102166,64.60808893273439,8,2.0166155475571776,5,7.02,not reported,22,393.94753335124005,2.2000000000000002,5.9,218.68050407709413,0.59000000000000008,E. A.,14.11508666666667,KNN input,45,24,20,not reported,89,2.9,2.8999999999999998E-2,15 PSU ASW,20,-,10,-,34.72,1197.2413793103449,3.0781817186054981,1.5405797165044544,Reported Kd originated from a single spiked concentration,,,,,,,,,
854,Oliver,2020,Science of the Total Environment, 10.1016/j.scitotenv.2020.1372630048-9697,soil,S7,PFOS,PFSA,C8HF17O3S,499.93739999999997,0.1,-,0,0,0,0.99999994629682321,0,5.3703176752993845E-8,1,0,-0.99999994629682321,498.93740005370313,96485,-193.38096283835171,8,17,0.29721362229102166,64.60808893273439,8,2.0166155475571776,5,7.37,not reported,6.9,123.55627182379801,0.69000000000000006,3.1,114.89992587101557,0.31,E. A.,15.382516666666669,KNN input,73,4,9,not reported,86,5.7,5.7000000000000002E-2,15 PSU ASW,20,-,10,-,37.200000000000003,652.63157894736844,2.8146680842094063,1.5705429398818975,Reported Kd originated from a single spiked concentration,,,,,,,,,
855,Oliver,2020,Science of the Total Environment, 10.1016/j.scitotenv.2020.1372630048-9697,soil,S9,PFOS,PFSA,C8HF17O3S,499.93739999999997,0.1,-,0,0,0,0.99999996532631619,0,3.467368384298878E-8,1,0,-0.99999996532631619,498.93740003467366,96485,-193.38096652566915,8,17,0.29721362229102166,64.60808893273439,8,2.0166155475571776,5,7.56,not reported,1.5,26.860059092130005,0.15,0.6,22.23869532987398,0.06,E. A.,11.48601666666667,KNN input,98,0.1,0.6,not reported,98.699999999999989,0.1,1E-3,15 PSU ASW,20,-,10,-,3.8,3799.9999999999995,3.5797835966168101,0.57978359661681012,Reported Kd originated from a single spiked concentration,,,,,,,,,
856,Oliver,2020,Science of the Total Environment, 10.1016/j.scitotenv.2020.1372630048-9697,soil,S11,PFOS,PFSA,C8HF17O3S,499.93739999999997,0.1,-,0,0,0,0.99999997601167134,0,2.3988328614754938E-8,1,0,-0.99999997601167134,498.93740002398823,96485,-193.38096859615501,8,17,0.29721362229102166,64.60808893273439,8,2.0166155475571776,5,7.72,not reported,12,214.88047273704004,1.2,5.8,214.97405485544849,0.57999999999999996,E. A.,8.416266666666667,KNN input,32,31,38,not reported,101,11,0.11,15 PSU ASW,20,-,10,-,102.56,932.36363636363637,2.9695853270165173,2.0109780121747423,Reported Kd originated from a single spiked concentration,,,,,,,,,
857,Oliver,2020,Science of the Total Environment, 10.1016/j.scitotenv.2020.1372630048-9697,soil,S13,PFOS,PFSA,C8HF17O3S,499.93739999999997,0.1,-,0,0,0,0.99999984151070587,0,1.584892941272506E-7,1,0,-0.99999984151070587,498.93740015848931,96485,-193.38094253409676,8,17,0.29721362229102166,64.60808893273439,8,2.0166155475571776,5,6.9,not reported,42,752.08165457964014,4.2,1,37.064492216456635,0.1,E. A.,5.6875666666666662,KNN input,19,36,32,not reported,87,5.9,5.9000000000000004E-2,15 PSU ASW,20,-,10,-,44.9,761.01694915254234,2.881394329361179,1.6522463410033232,Reported Kd originated from a single spiked concentration,,,,,,,,,
858,Oliver,2020,Science of the Total Environment, 10.1016/j.scitotenv.2020.1372630048-9697,soil,Syd1,PFOS,PFSA,C8HF17O3S,499.93739999999997,0.1,-,0,0,0,0.99999979107043058,0,2.0892956943382908E-7,1,0,-0.99999979107043058,498.93740020892955,96485,-193.3809327603573,8,17,0.29721362229102166,64.60808893273439,8,2.0166155475571776,5,6.78,not reported,15,268.60059092130001,1.5,4.9000000000000004,181.61601186063751,0.49000000000000005,E. A.,6.7671166666666656,KNN input,79,4,9,not reported,92,3.2,3.2000000000000001E-2,15 PSU ASW,20,-,10,-,35.1,1096.875,3.040157138145918,1.5453071164658241,Reported Kd originated from a single spiked concentration,,,,,,,,,
859,Oliver,2020,Science of the Total Environment, 10.1016/j.scitotenv.2020.1372630048-9697,soil,Syd2,PFOS,PFSA,C8HF17O3S,499.93739999999997,0.1,-,0,0,0,0.99999993081690774,0,6.9183092305592872E-8,1,0,-0.99999993081690774,498.93740006918307,96485,-193.38095983883079,8,17,0.29721362229102166,64.60808893273439,8,2.0166155475571776,5,7.26,not reported,26,465.57435759692004,2.6,9.1999999999999993,340.99332839140101,0.91999999999999993,E. A.,12.88201666666667,KNN input,37,14,34,not reported,85,10,0.1,15 PSU ASW,20,-,10,-,86.75,867.5,2.9382694834629115,1.9382694834629113,Reported Kd originated from a single spiked concentration,,,,,,,,,
860,Oliver,2020,Science of the Total Environment, 10.1016/j.scitotenv.2020.1372630048-9697,soil,Syd4,PFOS,PFSA,C8HF17O3S,499.93739999999997,0.1,-,0,0,0,0.99999991682362976,0,8.3176370191957686E-8,1,0,-0.99999991682362976,498.93740008317633,96485,-193.38095712737351,8,17,0.29721362229102166,64.60808893273439,8,2.0166155475571776,5,7.18,not reported,25,447.66765153550006,2.5,8.1999999999999993,303.92883617494442,0.82,E. A.,12.04371666666666,KNN input,44,14,24,not reported,82,10.1,0.10099999999999999,15 PSU ASW,20,-,10,-,71.08,703.76237623762381,2.8474260453506215,1.8517474191332639,Reported Kd originated from a single spiked concentration,,,,,,,,,
861,Oliver,2020,Science of the Total Environment, 10.1016/j.scitotenv.2020.1372630048-9697,soil,Syd5,PFOS,PFSA,C8HF17O3S,499.93739999999997,0.1,-,0,0,0,0.99999989767071129,0,1.0232928875679092E-7,1,0,-0.99999989767071129,498.93740010232932,96485,-193.38095341614004,8,17,0.29721362229102166,64.60808893273439,8,2.0166155475571776,5,7.09,not reported,28,501.38776971976006,2.8,10,370.64492216456637,1,E. A.,15.281916666666669,KNN input,15,26,42,not reported,83,5.6,5.5999999999999994E-2,15 PSU ASW,20,-,10,-,51.79,924.82142857142867,2.9660578840116938,1.714245911017894,Reported Kd originated from a single spiked concentration,,,,,,,,,
862,Hong Chen,2009,Chemosphere,doi:10.1016/j.chemosphere.2009.09.008,soil,Paddyfield,PFOS,PFSA,C8HF17O3S,499.93739999999997,0.1,-,0,0,0,0.99999990000001004,0,9.9999990000001005E-8,1,0,-0.99999990000001004,498.93740009999999,96485,-193.38095386748492,8,17,0.29721362229102166,64.60808893273439,8,2.0166155475571776,5,7.1,not reported,not reported,not reported,not reported,not reported,not reported,not reported,not reported,15.66131666666667,KNN input,40.420299999999997,34.065649999999998,25.3141,KNN input,99.800049999999999,0.91,9.1000000000000004E-3,"0,5 mM CaCl2",-,-,2,200,12.275562231584052,1348.9628825916541,3.1300000000000003,1.0890413923210938,Kd ir calculated in this study from reported log Koc at Cw = 5 ppb,,,,,,,,,
863,Lutz Ahrens,2011,Chemosphere,10.1016/j.chemosphere.2011.06.046,sediment,Sediment 1,PFOS,PFSA,C8HF17O3S,499.93739999999997,0.1,-,0,0,0,0.99999972546363392,0,2.7453636605210314E-7,1,0,-0.99999972546363392,498.93740027453634,96485,-193.38092004782288,8,17,0.29721362229102166,64.60808893273439,8,2.0166155475571776,5,6.6614000000000004,KNN input,not reported,not reported,not reported,not reported,not reported,not reported,not reported,5.6683166666666667,KNN input,100,0,0,not reported,100,0.03,2.9999999999999997E-4,Millipore Water,20,-,1.4,143,12.4,41333.333333333336,4.616300430442573,1.0934216851622351,Kd rported in Figure 1,,,,,,,,,
864,Lutz Ahrens,2011,Chemosphere,10.1016/j.chemosphere.2011.06.046,sediment,Sediment 2,PFOS,PFSA,C8HF17O3S,499.93739999999997,0.1,-,0,0,0,0.9999999421371295,0,5.786287053368302E-8,1,0,-0.9999999421371295,498.93740005786287,96485,-193.38096203233383,8,17,0.29721362229102166,64.60808893273439,8,2.0166155475571776,5,7.3376000000000001,KNN input,not reported,not reported,not reported,not reported,not reported,not reported,not reported,11.99159166666667,KNN input,0,100,0,not reported,100,1.6,1.6E-2,Millipore Water,20,-,1.4,143,13.25,828.125,2.9180958956169021,1.1222158782728267,Kd rported in Figure S1,,,,,,,,,
865,Lutz Ahrens,2011,Chemosphere,10.1016/j.chemosphere.2011.06.046,sediment,Sediment 3,PFOS,PFSA,C8HF17O3S,499.93739999999997,0.1,-,0,0,0,0.9999999421371295,0,5.786287053368302E-8,1,0,-0.9999999421371295,498.93740005786287,96485,-193.38096203233383,8,17,0.29721362229102166,64.60808893273439,8,2.0166155475571776,5,7.3376000000000001,KNN input,not reported,not reported,not reported,not reported,not reported,not reported,not reported,11.99159166666667,KNN input,0,100,0,not reported,100,1.1000000000000001,1.1000000000000001E-2,Millipore Water,20,-,1.4,143,55.09,5008.181818181818,3.6996800872150963,1.7410727723733215,Kd rported in Figure S2,,,,,,,,,
866,Campos Pereira,2023,Chemosphere, 10.1016/j.chemosphere.2023.138133,soil,Kungsangen (0-10cm),PFOS,PFSA,C8HF17O3S,499.93739999999997,0.1,-,0,0,0,0.99999841510931942,0,1.5848906805786579E-6,1,0,-0.99999841510931942,498.93740158489061,96485,-193.38066614235672,8,17,0.29721362229102166,64.60808893273439,8,2.0166155475571776,5,5.9,ISO 10390:2005,10.052100000000001,180,1.0052100000000002,1.3491,50,0.13491,Oxalate,20,CoHex,4.2,53,43,ISO 11277:2020,100.2,3.1,3.1E-2,10 mM NO3,10,-,-,-,26.302679918953825,848.47354577270403,2.9286383061657273,1.42, log Kd values reported in Table S7 at pH 5.6,,,,,,,,,
867,Campos Pereira,2023,Chemosphere, 10.1016/j.chemosphere.2023.138133,soil,Paskalampa Bs,PFOS,PFSA,C8HF17O3S,499.93739999999997,0.1,-,0,0,0,0.99999601894414336,0,3.981055856666137E-6,1,0,-0.99999601894414336,498.93740398105581,96485,-193.38020184088887,8,17,0.29721362229102166,64.60808893273439,8,2.0166155475571776,5,5.5,ISO 10390:2005,7.2598499999999992,130,0.72598499999999988,13.491,500,1.3491,Oxalate,1,CoHex,54,42,4,ISO 11277:2020,100,2.2000000000000002,2.2000000000000002E-2,10 mM NO3,10,-,-,-,58.210321777087195,2645.923717140327,3.422577319177794,1.7650000000000001, log Kd values reported in Table S7 at pH 5.7,,,,,,,,,
868,Campos Pereira,2023,Chemosphere, 10.1016/j.chemosphere.2023.138133,soil,Arboga (field-contaminated),PFOS,PFSA,C8HF17O3S,499.93739999999997,0.1,-,0,0,0,0.99999984151070587,0,1.584892941272506E-7,1,0,-0.99999984151070587,498.93740015848931,96485,-193.38094253409676,8,17,0.29721362229102166,64.60808893273439,8,2.0166155475571776,5,6.9,ISO 10390:2005,7.2598499999999992,130,0.72598499999999988,1.1332439999999999,42,0.11332439999999999,Oxalate,13,CoHex,24,26,50,ISO 11277:2020,100,1.7,1.7000000000000001E-2,10 mM NO3,10,-,-,-,12.302687708123818,723.68751224257744,2.8595510786217262,1.0900000000000001, log Kd values reported in Table S7 at pH 6.8,,,,,,,,,
869,Campos Pereira,2023,Chemosphere, 10.1016/j.chemosphere.2023.138133,soil,Fors,PFOS,PFSA,C8HF17O3S,499.93739999999997,0.1,-,0,0,0,0.99999999205671775,0,7.9432822841470747E-9,1,0,-0.99999999205671775,498.93740000794327,96485,-193.38097170518049,8,17,0.29721362229102166,64.60808893273439,8,2.0166155475571776,5,8.1999999999999993,ISO 10390:2005,1.89873,34,0.18987300000000001,0.75549599999999995,28,7.5549599999999995E-2,Oxalate,15,CoHex,27,56,16,ISO 11277:2020,99,1.6,1.6E-2,10 mM NO3,10,-,-,-,6.4565422903465572,403.53389314665981,2.6058800173440755,0.81, log Kd values reported in Table S7 at pH 8.3,,,,,,,,,
870,Campos Pereira,2023,Chemosphere, 10.1016/j.chemosphere.2023.138133,soil,Arboga (field-contaminated),PFOS,PFSA,C8HF17O3S,499.93739999999997,0.1,-,0,0,0,0.99999601894414336,0,3.981055856666137E-6,1,0,-0.99999601894414336,498.93740398105581,96485,-193.38020184088887,8,17,0.29721362229102166,64.60808893273439,8,2.0166155475571776,5,5.5,ISO 10390:2005,6.1429499999999999,110,0.61429500000000004,0.83644200000000002,31,8.3644200000000002E-2,Oxalate,8.6,CoHex,27,44,29,ISO 11277:2020,100,1.3,1.3000000000000001E-2,10 mM NO3,10,-,-,-,13.645831365889249,1049.6793358376344,3.0210566476931633,1.135, log Kd values reported in Table S7 at pH 5.4,,,,,,,,,
871,Campos Pereira,2023,Chemosphere, 10.1016/j.chemosphere.2023.138133,soil,Nantuna,PFOS,PFSA,C8HF17O3S,499.93739999999997,0.1,-,0,0,0,0.99999999369042658,0,6.309573404991195E-9,1,0,-0.99999999369042658,498.93740000630953,96485,-193.38097202174194,8,17,0.29721362229102166,64.60808893273439,8,2.0166155475571776,5,8.3000000000000007,ISO 10390:2005,2.066265,37,0.20662649999999999,0.72851399999999999,27,7.2851399999999997E-2,Oxalate,14,CoHex,80,15,4.4000000000000004,ISO 11277:2020,99.4,1.2,1.2E-2,10 mM NO3,10,-,-,-,16.788040181225607,1399.0033484354672,3.1458187539523754,1.2250000000000001, log Kd values reported in Table S7 at pH 7.3,,,,,,,,,
872,Campos Pereira,2023,Chemosphere, 10.1016/j.chemosphere.2023.138133,soil,Krusenberg,PFOS,PFSA,C8HF17O3S,499.93739999999997,0.1,-,0,0,0,0.99999601894414336,0,3.981055856666137E-6,1,0,-0.99999601894414336,498.93740398105581,96485,-193.38020184088887,8,17,0.29721362229102166,64.60808893273439,8,2.0166155475571776,5,5.5,ISO 10390:2005,1.3402799999999999,24,0.13402799999999998,0.32378400000000002,12,3.2378400000000002E-2,Oxalate,2.6,CoHex,86,8,6,ISO 11277:2020,100,1.2,1.2E-2,10 mM NO3,10,-,-,-,11.091748152624014,924.31234605200109,2.9658187539523753,1.0449999999999999, log Kd values reported in Table S7 at pH 5.5,,,,,,,,,
873,Campos Pereira,2023,Chemosphere, 10.1016/j.chemosphere.2023.138133,soil,Paskalampa E,PFOS,PFSA,C8HF17O3S,499.93739999999997,0.1,-,0,0,0,0.99996837822336671,0,3.1621776633305525E-5,1,0,-0.99996837822336671,498.93743162177657,96485,-193.37484593863954,8,17,0.29721362229102166,64.60808893273439,8,2.0166155475571776,5,4.5999999999999996,ISO 10390:2005,0.1396125,2.5,1.396125E-2,5.12658E-2,1.9,5.1265800000000004E-3,Oxalate,1.8,CoHex,53,40,7,ISO 11277:2020,100,1.1000000000000001,1.1000000000000001E-2,10 mM NO3,10,-,-,-,4.0738027780411281,370.34570709464799,2.568607314841775,0.61, log Kd values reported in Table S7 at pH 5.4,,,,,,,,,
874,Campos Pereira,2023,Chemosphere, 10.1016/j.chemosphere.2023.138133,soil,Kungsangen (70-80cm),PFOS,PFSA,C8HF17O3S,499.93739999999997,0.1,-,0,0,0,0.99999968377233395,0,3.1622766601686895E-7,1,0,-0.99999968377233395,498.93740031622758,96485,-193.3809119693598,8,17,0.29721362229102166,64.60808893273439,8,2.0166155475571776,5,6.6,ISO 10390:2005,11.169,200,1.1169,1.3760819999999998,51,0.13760819999999999,Oxalate,16,CoHex,0.68,48,52,ISO 11277:2020,100.68,0.91,9.1000000000000004E-3,10 mM NO3,10,-,-,-,5.6885293084384152,625.11311081740826,2.7959586076789065,0.755, log Kd values reported in Table S7 at pH 6.6,,,,,,,,,
875,Campos Pereira,2023,Chemosphere, 10.1016/j.chemosphere.2023.138133,soil,Hogasa (subsoil),PFOS,PFSA,C8HF17O3S,499.93739999999997,0.1,-,0,0,0,0.99999800474166611,0,1.9952583339051124E-6,1,0,-0.99999800474166611,498.93740199525831,96485,-193.38058662600847,8,17,0.29721362229102166,64.60808893273439,8,2.0166155475571776,5,5.8,ISO 10390:2005,1.6753499999999999,30,0.16753499999999999,0.75549599999999995,28,7.5549599999999995E-2,Oxalate,0.77,CoHex,89,8,3,ISO 11277:2020,100,0.3,3.0000000000000001E-3,10 mM NO3,10,-,-,-,5.2480746024977263,1749.3582008325754,3.2428787452803376,0.72, log Kd values reported in Table S7 at pH 6.0,,,,,,,,,
876,Campos Pereira,2023,Chemosphere, 10.1016/j.chemosphere.2023.138133,soil,Riddarhyttan,PFOS,PFSA,C8HF17O3S,499.93739999999997,0.1,-,0,0,0,0.99999369046636566,0,6.3095336343360528E-6,1,0,-0.99999369046636566,498.93740630953363,96485,-193.37975065511475,8,17,0.29721362229102166,64.60808893273439,8,2.0166155475571776,5,5.3,ISO 10390:2005,1.2285899999999998,22,0.12285899999999998,2.15856,80,0.21585599999999999,Oxalate,0.45,CoHex,96,3,2,ISO 11277:2020,101,0.19,1.9E-3,10 mM NO3,10,-,-,-,6.0255958607435796,3171.366242496621,3.5012463990471714,0.78, log Kd values reported in Table S7 at pH 5.6,,,,,,,,,
877,Mejia-Avendaño,2021,Environmental Science and Technology, 10.1021/acs.est.9b04989,soil,ID1,PFOS,PFSA,C8HF17O3S,499.93739999999997,0.1,-,0,0,0,0.99999996451866235,0,3.5481337664432056E-8,1,0,-0.99999996451866235,498.93740003548129,96485,-193.3809663691712,8,17,0.29721362229102166,64.60808893273439,8,2.0166155475571776,5,7.55,1:10 deionized water,not reported,not reported,not reported,not reported,not reported,not reported,not reported,2.52,BaCl2-TEA (pH 8.2),45.3,30,24.7,Pipette,100,3.4,3.4000000000000002E-2,50 mM CaCl2 + 0.2 g/L NaN3,100,-,2.4996869999999998,2499.6869999999999,16.082000000000001,473,2.6748611407378116,1.2063400577800667,Calculated in this study from reported Koc at Cw = 10 nM,,,,,,,,,
878,Mejia-Avendaño,2021,Environmental Science and Technology, 10.1021/acs.est.9b04989,soil,ID2,PFOS,PFSA,C8HF17O3S,499.93739999999997,0.1,-,0,0,0,0.99999999223752889,0,7.7624711060309258E-9,1,0,-0.99999999223752889,498.93740000776239,96485,-193.38097174021607,8,17,0.29721362229102166,64.60808893273439,8,2.0166155475571776,5,8.2100000000000009,1:10 deionized water,not reported,not reported,not reported,not reported,not reported,not reported,not reported,11.4,BaCl2-TEA (pH 8.2),28.7,40,31.3,Pipette,100,1.7,1.7000000000000001E-2,50 mM CaCl2 + 0.2 g/L NaN3,100,-,2.4996869999999998,2499.6869999999999,15.842300000000002,931.9,2.9693693117335274,1.1998182331118015,Calculated in this study from reported Koc at Cw = 10 nM,,,,,,,,,
879,Mejia-Avendaño,2021,Environmental Science and Technology, 10.1021/acs.est.9b04989,soil,ID3,PFOS,PFSA,C8HF17O3S,499.93739999999997,0.1,-,0,0,0,0.99999966115595873,0,3.3884404132387859E-7,1,0,-0.99999966115595873,498.93740033884399,96485,-193.38090758701736,8,17,0.29721362229102166,64.60808893273439,8,2.0166155475571776,5,6.57,1:10 deionized water,not reported,not reported,not reported,not reported,not reported,not reported,not reported,9.93,BaCl2-TEA (pH 8.2),20,50,30,Pipette,100,2.9,2.8999999999999998E-2,50 mM CaCl2 + 0.2 g/L NaN3,100,-,2.4996869999999998,2499.6869999999999,15.9123,548.70000000000005,2.7393349601960795,1.2017329580950353,Calculated in this study from reported Koc at Cw = 10 nM,,,,,,,,,
880,Mejia-Avendaño,2021,Environmental Science and Technology, 10.1021/acs.est.9b04989,soil,ID4,PFOS,PFSA,C8HF17O3S,499.93739999999997,0.1,-,0,0,0,0.99996019086777477,0,3.9809132225250393E-5,1,0,-0.99996019086777477,498.93743980913223,96485,-193.37325948677247,8,17,0.29721362229102166,64.60808893273439,8,2.0166155475571776,5,4.5,1:10 deionized water,not reported,not reported,not reported,not reported,not reported,not reported,not reported,11.497016666666671,KNN input,51.2,36.200000000000003,12.6,Pipette,100,7.3,7.2999999999999995E-2,50 mM CaCl2 + 0.2 g/L NaN3,100,-,2.4996869999999998,2499.6869999999999,55.545699999999997,760.9,2.8813275841005512,1.7446504442210073,Calculated in this study from reported Koc at Cw = 10 nM,,,,,,,,,
881,Mejia-Avendaño,2021,Environmental Science and Technology, 10.1021/acs.est.9b04989,soil,ID5,PFOS,PFSA,C8HF17O3S,499.93739999999997,0.1,-,0,0,0,0.99999108757005073,0,8.9124299492218927E-6,1,0,-0.99999108757005073,498.93740891242987,96485,-193.37924629566231,8,17,0.29721362229102166,64.60808893273439,8,2.0166155475571776,5,5.15,1:10 deionized water,not reported,not reported,not reported,not reported,not reported,not reported,not reported,0.57999999999999996,BaCl2-TEA (pH 8.2),59.2,32.200000000000003,8.6,Pipette,100,1.8,1.8000000000000002E-2,50 mM CaCl2 + 0.2 g/L NaN3,100,-,2.4996869999999998,2499.6869999999999,9.664200000000001,536.9,2.7298934039632377,0.98516590906654389,Calculated in this study from reported Koc at Cw = 10 nM,,,,,,,,,
882,Gredelj,2020,Science of the Total Environment, 10.1016/j.scitotenv.2019.134766,soil,Agripolis soil,PFOS,PFSA,C8HF17O3S,499.93739999999997,0.1,-,0,0,0,0.99999998004737722,0,1.995262275158161E-8,1,0,-0.99999998004737722,498.93740001995263,96485,-193.38096937814788,8,17,0.29721362229102166,64.60808893273439,8,2.0166155475571776,5,7.8,not reported,not reported,not reported,not reported,not reported,not reported,not reported,not reported,11.17476666666666,KNN input,47,38,15,not reported,100,1.43,1.43E-2,"0,01 M CaCl2 + 1 g/L NaN3",200,-,10,100,25.09,1754.5454545454545,3.2441646238495485,1.3995006613146106,Reported Kd originated from a linear isotherm,,,,,,,,,
884,Campos-Pereira,2022,Chemosphere, 10.1016/j.chemosphere.2022.134167,soil,Peat Oi,PFOS,PFSA,C8HF17O3S,499.93739999999997,0.1,-,0,0,0,0.99968387220237043,0,3.1612779762961761E-4,1,0,-0.99968387220237043,498.93771612779767,96485,-193.31971765537943,8,17,0.29721362229102166,64.60808893273439,8,2.0166155475571776,5,3.6,deionized water 40g/L,0.37974599999999997,6.8,3.7974599999999997E-2,0.107928,1.932634971796938,1.07928E-2,OA,14.768748,KNN input,37.396533331999997,37.430266667999987,24.989000000000001,KNN input,99.815799999999996,44.9,0.44900000000000001,10 mM  NaNO3,25,-,26.996619599999999,-,492.31871006829067,1096.4781961431863,3.0400000000000005,2.6922463410033237, Kd is derived in this study from reported Koc at the Ca / pH 3 condition (Table S8),,,,,,,,,
885,Campos-Pereira,2022,Chemosphere, 10.1016/j.chemosphere.2022.134167,soil,Peat Oe,PFOS,PFSA,C8HF17O3S,499.93739999999997,0.1,-,0,0,0,0.99990000999900008,0,9.9990000999900097E-5,1,0,-0.99990000999900008,498.93749999000096,96485,-193.3615983298248,8,17,0.29721362229102166,64.60808893273439,8,2.0166155475571776,5,4.0999999999999996,deionized water 40g/L,1.5636599999999998,27.999999999999996,0.15636599999999998,0.45869399999999994,8.2136986301369852,4.5869399999999991E-2,OA,14.715147999999999,KNN input,37.490533331999998,37.393866668000001,24.9392,KNN input,99.823599999999999,46.6,0.46600000000000003,10 mM  NaNO3,25,-,26.996619599999999,-,476.85453440283169,1023.2929922807547,3.0100000000000002,2.6783859166900004, Kd is derived in this study from reported Koc at the Ca / pH 3 condition (Table S8),,,,,,,,,
886,Campos-Pereira,2022,Chemosphere, 10.1016/j.chemosphere.2022.134167,soil,Mor Oe,PFOS,PFSA,C8HF17O3S,499.93739999999997,0.1,-,0,0,0,0.99987412330575753,0,1.2587669424250327E-4,1,0,-0.99987412330575753,498.93752587669422,96485,-193.35658230485154,8,17,0.29721362229102166,64.60808893273439,8,2.0166155475571776,5,4,deionized water 40g/L,0.279225,5.0000000000000009,2.7922499999999999E-2,0.40473000000000003,7.2473811442385179,4.0473000000000002E-2,OA,14.763688,KNN input,37.414333332000012,37.430866668,24.970400000000001,KNN input,99.815600000000003,53.6,0.53600000000000003,10 mM  NaNO3,25,-,26.996619599999999,-,354.1316881320717,660.69344800759643,2.8200000000000003,2.5491647896927705, Kd is derived in this study from reported Koc at the Ca / pH 3 condition (Table S8),,,,,,,,,
887,Yue Zhi,2018,Chemical Engeneering Journal, 10.1016/j.cej.2018.04.042,soil,Peat,PFOS,PFSA,C8HF17O3S,499.93739999999997,0.1,-,0,0,0,0.99999572241998291,0,4.2775800170513007E-6,1,0,-0.99999572241998291,498.93740427757996,96485,-193.38014438383055,8,17,0.29721362229102166,64.60808893273439,8,2.0166155475571776,5,5.4687999999999999,KNN input,not reported,not reported,not reported,not reported,not reported,not reported,not reported,21.5806,KNN input,41.737499999999997,35.036999999999999,21.887,KNN input,98.66149999999999,46.9,0.46899999999999997,5 mM CaCl2 + 0.2 g/L NaN3,0.19999999999999998,-,2,3500,323.59365692962825,689.96515336807738,2.8388271572849169,2.5099999999999998,Reported Kd at Cw = 0.5 ppb,,,,,,,,,
888,Cai,2022,Science of the Total Environment, 10.1016/j.scitotenv.2022.152975,soil,Clarke Hill,PFOS,PFSA,C8HF17O3S,499.93739999999997,0.1,-,0,0,0,0.99998004777494953,0,1.9952225050461341E-5,1,0,-0.99998004777494953,498.93741995222501,96485,-193.37710713059886,8,17,0.29721362229102166,64.60808893273439,8,2.0166155475571776,5,4.8,1:5 CaCl2,8.3000000000000007,148.62566030978601,0.83000000000000007,7.85,290.95626389918459,0.78499999999999992,???,15.34083666666667,KNN input,32,40,28,not reported,100,4.9000000000000004,4.9000000000000002E-2,500 mM CaCl2,20,-,10,-,11.11,226.734693877551,2.3555179789123537,1.0457140589408676,Reported Kd at 0.5 mM Ca condition (from Table S5),,,,,,,,,
889,Cai,2022,Science of the Total Environment, 10.1016/j.scitotenv.2022.152975,soil,Minatoro,PFOS,PFSA,C8HF17O3S,499.93739999999997,0.1,-,0,0,0,0.99999841510931942,0,1.5848906805786579E-6,1,0,-0.99999841510931942,498.93740158489061,96485,-193.38066614235672,8,17,0.29721362229102166,64.60808893273439,8,2.0166155475571776,5,5.9,1:5 CaCl2,1.4,25.069388485988004,0.13999999999999999,0.92,34.099332839140104,9.1999999999999998E-2,???,15.34083666666667,KNN input,37,22,41,not reported,100,2.6,2.6000000000000002E-2,500 mM CaCl2,20,-,10,-,10.85,417.30769230769226,2.6204563902137301,1.0354297381845483,Reported Kd at 0.5 mM Ca condition (from Table S5),,,,,,,,,
890,Li,2019,Science of the Total Environment, 10.1016/j.scitotenv.2018.08.209,soil,soil S1,PFOS,PFSA,C8HF17O3S,499.93739999999997,0.1,-,0,0,0,0.99999690971411737,0,3.0902858826172347E-6,1,0,-0.99999690971411737,498.93740309028584,96485,-193.38037444410057,8,17,0.29721362229102166,64.60808893273439,8,2.0166155475571776,5,5.61,Not reported,6.3647003569415741,113.97081846076773,0.63647003569415739,11.801765398195371,437.42644174185961,1.1801765398195372,CBD,11,Not reported,40.700000000000003,23.3,36,Not reported,100,3.82,3.8199999999999998E-2,10 mM NaN3,125,-,24.996869999999998,499.93739999999997,9.0726349204607804,237.50353194923511,2.3756700724647071,0.95773343537641575,Calculated in this study at Cw = 10% S,471.30277840242189,(nmol/kg)/(nmol/L)^N,0.43070000000000003,34.394790350439507,10.39,94.264676823587521,9.0726349204607804,,
891,Li,2019,Science of the Total Environment, 10.1016/j.scitotenv.2018.08.209,soil,soil S2,PFOS,PFSA,C8HF17O3S,499.93739999999997,0.1,-,0,0,0,0.99994111910162875,0,5.8880898371216013E-5,1,0,-0.99994111910162875,498.93745888089836,96485,-193.36956397886189,8,17,0.29721362229102166,64.60808893273439,8,2.0166155475571776,5,4.33,Not reported,2.9725248919782077,53.228129500908004,0.29725248919782077,2.3762298940761086,88.073754413495507,0.23762298940761087,CBD,19,Not reported,46.7,50,3.3,Not reported,100,0.52,5.1999999999999998E-3,10 mM NaN3,125,-,24.996869999999998,499.93739999999997,10.964729176281976,2108.6017646696109,3.3239945656392225,1.0399979092740215,Calculated in this study at Cw = 10% S,237.90304458806258,(nmol/kg)/(nmol/L)^N,0.38179999999999997,46.60898449915495,10.39,113.92353614156973,10.964729176281976,,
892,Li,2019,Science of the Total Environment, 10.1016/j.scitotenv.2018.08.209,soil,soil S3,PFOS,PFSA,C8HF17O3S,499.93739999999997,0.1,-,0,0,0,0.99973091894371013,0,2.6908105628988352E-4,1,0,-0.99973091894371013,498.93766908105624,96485,-193.32883382395681,8,17,0.29721362229102166,64.60808893273439,8,2.0166155475571776,5,3.67,Not reported,1.056120608679316,18.911641305028493,0.1056120608679316,0.53451941938014913,19.811690859160453,5.3451941938014912E-2,CBD,6.57,Not reported,59.3,21.3,19.399999999999999,Not reported,100,0.25800000000000001,2.5800000000000003E-3,10 mM NaN3,125,-,24.996869999999998,499.93739999999997,6.0618613268278274,2349.5586538092352,3.3709862911158295,0.78260599707905965,Calculated in this study at Cw = 10% S,147.36691770366895,(nmol/kg)/(nmol/L)^N,0.53480000000000005,18.010905592794977,10.39,62.982739185741131,6.0618613268278274,,
893,Li,2019,Science of the Total Environment, 10.1016/j.scitotenv.2018.08.209,soil,soil S4,PFOS,PFSA,C8HF17O3S,499.93739999999997,0.1,-,0,0,0,0.99997116051670853,0,2.8839483291482564E-5,1,0,-0.99997116051670853,498.93742883948329,96485,-193.37538505954544,8,17,0.29721362229102166,64.60808893273439,8,2.0166155475571776,5,4.6399999999999997,Not reported,4.6791038887845202,83.787337967311657,0.46791038887845204,7.7796390741467247,288.34837191055317,0.77796390741467247,CBD,19.600000000000001,Not reported,42,36.700000000000003,21.3,Not reported,100,0.92800000000000005,9.2800000000000001E-3,10 mM NaN3,125,-,24.996869999999998,499.93739999999997,13.21041749697422,1423.5363682084289,3.1533685668890001,1.120916543107862,Calculated in this study at Cw = 10% S,409.54346464439521,(nmol/kg)/(nmol/L)^N,0.3337,62.847424143014273,10.39,137.25623779356215,13.21041749697422,,
894,Li,2019,Science of the Total Environment, 10.1016/j.scitotenv.2018.08.209,soil,soil S5,PFOS,PFSA,C8HF17O3S,499.93739999999997,0.1,-,0,0,0,0.99991088284876106,0,8.9117151238909804E-5,1,0,-0.99991088284876106,498.93748911715119,96485,-193.36370514545544,8,17,0.29721362229102166,64.60808893273439,8,2.0166155475571776,5,4.1500000000000004,Not reported,3.9726920909261692,71.137829544742928,0.39726920909261693,5.1758415064731267,191.83993723028641,0.51758415064731267,CBD,9.76,Not reported,49.3,39.4,11.3,Not reported,99.999999999999986,2.48,2.4799999999999999E-2,10 mM NaN3,125,-,24.996869999999998,499.93739999999997,8.3800437069553233,337.90498818368241,2.5287946029162343,0.92324628374245044,Calculated in this study at Cw = 10% S,392.10285091946093,(nmol/kg)/(nmol/L)^N,0.45119999999999999,30.280629278935884,10.39,87.068654115265815,8.3800437069553233,,
895,Li,2019,Science of the Total Environment, 10.1016/j.scitotenv.2018.08.209,soil,soil S6,PFOS,PFSA,C8HF17O3S,499.93739999999997,0.1,-,0,0,0,0.99983784528867892,0,1.6215471132107731E-4,1,0,-0.99983784528867892,498.93756215471126,96485,-193.34955276982097,8,17,0.29721362229102166,64.60808893273439,8,2.0166155475571776,5,3.89,Not reported,2.0632819838436971,36.946584006512616,0.20632819838436972,0.33553001176932129,12.436249509611612,3.3553001176932128E-2,CBD,2.89,Not reported,60,16,24,Not reported,100,0.99299999999999999,9.9299999999999996E-3,10 mM NaN3,125,-,24.996869999999998,499.93739999999997,7.4174364006418578,746.97244719454761,2.8733045827363419,0.87025383123172295,Calculated in this study at Cw = 10% S,234.80103124551826,(nmol/kg)/(nmol/L)^N,0.48270000000000002,24.897116643084011,10.39,77.067164202668906,7.4174364006418578,,
896,Nguyen,2020,Environmental Science and Technology, 10.1021/acs.est.0c05705,soil,S1,PFOS,PFSA,C8HF17O3S,499.93739999999997,0.1,-,0,0,0,0.9999999601892845,0,3.9810715470456442E-8,1,0,-0.9999999601892845,498.93740003981065,96485,-193.38096553027393,8,17,0.29721362229102166,64.60808893273439,8,2.0166155475571776,5,7.5,1:10 CaCl2,not reported,not reported,not reported,not reported,not reported,not reported,not reported,41.4,not reported,16.899999999999999,17.5,65.599999999999994,not reported,100,0.7,6.9999999999999993E-3,10 mM CaCl2,100,-,5,-,5.92,845.71428571428578,2.9272236667086631,0.77232170672291978,Reported Kd originated from a single spiked concentration,,,,,,,,,
897,Nguyen,2020,Environmental Science and Technology, 10.1021/acs.est.0c05705,soil,S2,PFOS,PFSA,C8HF17O3S,499.93739999999997,0.1,-,0,0,0,0.99999980047380832,0,1.9952619168617852E-7,1,0,-0.99999980047380832,498.93740019952617,96485,-193.38093458243628,8,17,0.29721362229102166,64.60808893273439,8,2.0166155475571776,5,6.8,1:10 CaCl2,not reported,not reported,not reported,not reported,not reported,not reported,not reported,7.1,not reported,48.9,27,24.2,not reported,100.10000000000001,0.37,3.7000000000000002E-3,10 mM CaCl2,100,-,5,-,3.45,932.43243243243239,2.969617371006279,0.53781909507327419,Reported Kd originated from a single spiked concentration,,,,,,,,,
898,Nguyen,2020,Environmental Science and Technology, 10.1021/acs.est.0c05705,soil,S3,PFOS,PFSA,C8HF17O3S,499.93739999999997,0.1,-,0,0,0,0.9999992056723962,0,7.9432760376743655E-7,1,0,-0.9999992056723962,498.93740079432757,96485,-193.38081932862406,8,17,0.29721362229102166,64.60808893273439,8,2.0166155475571776,5,6.2,1:10 CaCl2,not reported,not reported,not reported,not reported,not reported,not reported,not reported,8,not reported,51.44,10.17,38.380000000000003,not reported,99.990000000000009,0.08,8.0000000000000004E-4,10 mM CaCl2,100,-,5,-,3.15,3937.4999999999995,3.5952205667976567,0.49831055378960049,Reported Kd originated from a single spiked concentration,,,,,,,,,
899,Nguyen,2020,Environmental Science and Technology, 10.1021/acs.est.0c05705,soil,S4,PFOS,PFSA,C8HF17O3S,499.93739999999997,0.1,-,0,0,0,0.99999997488113634,0,2.5118863684138424E-8,1,0,-0.99999997488113634,498.93740002511885,96485,-193.38096837709284,8,17,0.29721362229102166,64.60808893273439,8,2.0166155475571776,5,7.7,1:10 CaCl2,not reported,not reported,not reported,not reported,not reported,not reported,not reported,4.8,not reported,46,37,17,not reported,100,0.25,2.5000000000000001E-3,10 mM CaCl2,100,-,5,-,4.18,1671.9999999999998,3.2232362731029975,0.62117628177503514,Reported Kd originated from a single spiked concentration,,,,,,,,,
900,Nguyen,2020,Environmental Science and Technology, 10.1021/acs.est.0c05705,soil,S5,PFOS,PFSA,C8HF17O3S,499.93739999999997,0.1,-,0,0,0,0.99999994988127916,0,5.0118720850840682E-8,1,0,-0.99999994988127916,498.93740005011864,96485,-193.38096353290661,8,17,0.29721362229102166,64.60808893273439,8,2.0166155475571776,5,7.4,1:10 CaCl2,not reported,not reported,not reported,not reported,not reported,not reported,not reported,29.6,not reported,39.799999999999997,7.7,52.5,not reported,100,2.23,2.23E-2,10 mM CaCl2,100,-,5,-,3.71,166.3677130044843,2.221069046566885,0.56937390961504586,Reported Kd originated from a single spiked concentration,,,,,,,,,
901,Nguyen,2020,Environmental Science and Technology, 10.1021/acs.est.0c05705,soil,S6,PFOS,PFSA,C8HF17O3S,499.93739999999997,0.1,-,0,0,0,0.99999997488113634,0,2.5118863684138424E-8,1,0,-0.99999997488113634,498.93740002511885,96485,-193.38096837709284,8,17,0.29721362229102166,64.60808893273439,8,2.0166155475571776,5,7.7,1:10 CaCl2,not reported,not reported,not reported,not reported,not reported,not reported,not reported,21.63,not reported,70,11,19,not reported,100,4.9000000000000004,4.9000000000000002E-2,10 mM CaCl2,100,-,5,-,34.299999999999997,699.99999999999989,2.8450980400142569,1.5352941200427705,Reported Kd originated from a single spiked concentration,,,,,,,,,
902,Nguyen,2020,Environmental Science and Technology, 10.1021/acs.est.0c05705,soil,S7,PFOS,PFSA,C8HF17O3S,499.93739999999997,0.1,-,0,0,0,0.99999997488113634,0,2.5118863684138424E-8,1,0,-0.99999997488113634,498.93740002511885,96485,-193.38096837709284,8,17,0.29721362229102166,64.60808893273439,8,2.0166155475571776,5,7.7,1:10 CaCl2,not reported,not reported,not reported,not reported,not reported,not reported,not reported,7.8,not reported,48.9,32.6,18.5,not reported,100,0.13,1.2999999999999999E-3,10 mM CaCl2,100,-,5,-,3.52,2707.6923076923076,3.4325993111712942,0.54654266347813107,Reported Kd originated from a single spiked concentration,,,,,,,,,
903,Nguyen,2020,Environmental Science and Technology, 10.1021/acs.est.0c05705,soil,S8,PFOS,PFSA,C8HF17O3S,499.93739999999997,0.1,-,0,0,0,0.9999999601892845,0,3.9810715470456442E-8,1,0,-0.9999999601892845,498.93740003981065,96485,-193.38096553027393,8,17,0.29721362229102166,64.60808893273439,8,2.0166155475571776,5,7.5,1:10 CaCl2,not reported,not reported,not reported,not reported,not reported,not reported,not reported,2.2799999999999998,not reported,93,1,5,not reported,99,0.4,4.0000000000000001E-3,10 mM CaCl2,100,-,5,-,3.22,805,2.9057958803678687,0.50785587169583091,Reported Kd originated from a single spiked concentration,,,,,,,,,
904,Nguyen,2020,Environmental Science and Technology, 10.1021/acs.est.0c05705,soil,S9,PFOS,PFSA,C8HF17O3S,499.93739999999997,0.1,-,0,0,0,0.99999990000001004,0,9.9999990000001005E-8,1,0,-0.99999990000001004,498.93740009999999,96485,-193.38095386748492,8,17,0.29721362229102166,64.60808893273439,8,2.0166155475571776,5,7.1,1:10 CaCl2,not reported,not reported,not reported,not reported,not reported,not reported,not reported,17.420000000000002,not reported,48.86,16.05,35.090000000000003,not reported,100,1.19,1.1899999999999999E-2,10 mM CaCl2,100,-,5,-,8.7799999999999994,737.81512605042019,2.867947554513572,0.94349451590610256,Reported Kd originated from a single spiked concentration,,,,,,,,,
905,Nguyen,2020,Environmental Science and Technology, 10.1021/acs.est.0c05705,soil,S10,PFOS,PFSA,C8HF17O3S,499.93739999999997,0.1,-,0,0,0,0.99999949881301753,0,5.0118698243875318E-7,1,0,-0.99999949881301753,498.93740050118691,96485,-193.38087613005968,8,17,0.29721362229102166,64.60808893273439,8,2.0166155475571776,5,6.4,1:10 CaCl2,not reported,not reported,not reported,not reported,not reported,not reported,not reported,16.54,not reported,29.38,13.9,56.71,not reported,99.990000000000009,0.17,1.7000000000000001E-3,10 mM CaCl2,100,-,5,-,5.66,3329.411764705882,3.5223675098099974,0.75281643118827146,Reported Kd originated from a single spiked concentration,,,,,,,,,
906,Umeh,2021,Environmental Science & Technology, 10.1021/acs.est.0c07202,soil,Soil1,PFOS,PFSA,C8HF17O3S,499.93739999999997,0.1,-,0,0,0,0.99999999487138613,0,5.128613813610956E-9,1,0,-0.99999999487138613,498.93740000512855,96485,-193.38097225057479,8,17,0.29721362229102166,64.60808893273439,8,2.0166155475571776,5,8.39,1:5 MQ,16.250895,291,1.6250895000000001,7.5274200000000002,279,0.75274200000000002,DCB,12,not reported,58.8,11.2,30,not reported,100,0.8,8.0000000000000002E-3,10 mM NaNO3 + 200 ppm NaN3,100,-,5,500,6.445130730740674,805.64134134258427,2.9061417438617108,0.80923173085365419,Calculated in this study at Cw = 10% S,5.0999999999999996,(ug/g)/(ug/L)^N,1.1000000000000001,5.0999999999999996,10.39,66.964908292395606,6.445130730740674,,
907,Umeh,2021,Environmental Science & Technology, 10.1021/acs.est.0c07202,soil,Soil2,PFOS,PFSA,C8HF17O3S,499.93739999999997,0.1,-,0,0,0,0.99999955331660739,0,4.466833926248193E-7,1,0,-0.99999955331660739,498.9374004466834,96485,-193.38088669114168,8,17,0.29721362229102166,64.60808893273439,8,2.0166155475571776,5,6.45,1:5 MQ,34.177140000000001,612,3.4177140000000001,3.34552,124,0.33455200000000002,DCB,38.700000000000003,not reported,53,16.100000000000001,30.9,not reported,100,3.3,3.3000000000000002E-2,10 mM NaNO3 + 200 ppm NaN3,100,-,5,500,8.6786688987404048,262.98996662849709,2.4199391799688521,0.93845311984673974,Calculated in this study at Cw = 10% S,4.3,(ug/g)/(ug/L)^N,1.3,4.3,10.39,90.171369857912808,8.6786688987404048,,
908,Umeh,2021,Environmental Science & Technology, 10.1021/acs.est.0c07202,soil,Soil3,PFOS,PFSA,C8HF17O3S,499.93739999999997,0.1,-,0,0,0,0.99999997048790856,0,2.9512091395700212E-8,1,0,-0.99999997048790856,498.93740002951199,96485,-193.38096752582348,8,17,0.29721362229102166,64.60808893273439,8,2.0166155475571776,5,7.63,1:5 MQ,11.671605,209,1.1671605,3.4534400000000001,128,0.34534399999999998,DCB,9.4,not reported,87.6,6.7,5.7,not reported,100,2.7,2.7000000000000003E-2,10 mM NaNO3 + 200 ppm NaN3,100,-,5,500,10.4,385.18518518518516,2.5856695751397929,1.0170333392987803,Calculated in this study at Cw = 10% S,10.4,(ug/g)/(ug/L)^N,1,10.4,10.39,108.05600000000001,10.4,,
909,Umeh,2021,Environmental Science & Technology, 10.1021/acs.est.0c07202,soil,Soil4,PFOS,PFSA,C8HF17O3S,499.93739999999997,0.1,-,0,0,0,0.99999770913759534,0,2.2908624047051866E-6,1,0,-0.99999770913759534,498.93740229086239,96485,-193.38052934723416,8,17,0.29721362229102166,64.60808893273439,8,2.0166155475571776,5,5.74,1:5 MQ,109.958805,1969,10.9958805,19.803319999999999,734,1.980332,DCB,11.7,not reported,72.5,17.5,10,not reported,100,5,0.05,10 mM NaNO3 + 200 ppm NaN3,100,-,5,500,30.500000000000004,610,2.7853298350107671,1.4842998393467859,Calculated in this study at Cw = 10% S,30.5,(ug/g)/(ug/L)^N,1,30.5,10.39,316.89500000000004,30.500000000000004,,
910,Umeh,2021,Environmental Science & Technology, 10.1021/acs.est.0c07202,soil,Soil5,PFOS,PFSA,C8HF17O3S,499.93739999999997,0.1,-,0,0,0,0.99999066754408761,0,9.3324559124237225E-6,1,0,-0.99999066754408761,498.9374093324559,96485,-193.37916490783965,8,17,0.29721362229102166,64.60808893273439,8,2.0166155475571776,5,5.13,1:5 MQ,57.464504999999996,1029,5.7464504999999999,12.62664,468,1.262664,DCB,7.9,not reported,68.099999999999994,21.2,10.7,not reported,100,5.0999999999999996,5.0999999999999997E-2,10 mM NaNO3 + 200 ppm NaN3,100,-,5,500,13.774887248053599,270.09582839320785,2.4315178765984053,1.1390880526963414,Calculated in this study at Cw = 10% S,10.9,(ug/g)/(ug/L)^N,1.1000000000000001,10.9,10.39,143.12107850727691,13.774887248053599,,
911,Umeh,2021,Environmental Science & Technology, 10.1021/acs.est.0c07202,soil,Soil6,PFOS,PFSA,C8HF17O3S,499.93739999999997,0.1,-,0,0,0,0.99999601894414336,0,3.981055856666137E-6,1,0,-0.99999601894414336,498.93740398105581,96485,-193.38020184088887,8,17,0.29721362229102166,64.60808893273439,8,2.0166155475571776,5,5.5,1:5 MQ,163.458315,2927,16.345831499999999,45.596199999999996,1690,4.5596199999999998,DCB,6.4,not reported,61.9,16.8,21.2,not reported,99.9,7.5,7.4999999999999997E-2,10 mM NaNO3 + 200 ppm NaN3,100,-,5,500,63.469410623551454,846.25880831401946,2.9275032020858331,1.802564465477533,Calculated in this study at Cw = 10% S,128.1,(ug/g)/(ug/L)^N,0.7,128.1,10.39,659.44717637869962,63.469410623551454,,
912,Umeh,2021,Environmental Science & Technology, 10.1021/acs.est.0c07202,soil,Soil7,PFOS,PFSA,C8HF17O3S,499.93739999999997,0.1,-,0,0,0,0.99999979582624721,0,2.0417375278002273E-7,1,0,-0.99999979582624721,498.93740020417374,96485,-193.38093368188507,8,17,0.29721362229102166,64.60808893273439,8,2.0166155475571776,5,6.79,1:5 MQ,45.68121,818,4.5681209999999997,7.9860800000000003,296,0.79860799999999998,DCB,31.8,not reported,49.4,26.9,23.7,not reported,100,2.9,2.8999999999999998E-2,10 mM NaNO3 + 200 ppm NaN3,100,-,5,500,16.428764607770347,566.5091244058741,2.7532069091635987,1.2156049070625545,Calculated in this study at Cw = 10% S,13,(ug/g)/(ug/L)^N,1.1000000000000001,13,10.39,170.6948642747339,16.428764607770347,,
913,Umeh,2021,Environmental Science & Technology, 10.1021/acs.est.0c07202,soil,Soil8,PFOS,PFSA,C8HF17O3S,499.93739999999997,0.1,-,0,0,0,0.99999087997478209,0,9.1200252179405431E-6,1,0,-0.99999087997478209,498.93740912002522,96485,-193.37920607022767,8,17,0.29721362229102166,64.60808893273439,8,2.0166155475571776,5,5.14,1:5 MQ,127.88505000000001,2290,12.788505000000001,36.423000000000002,1350,3.6423000000000001,DCB,11.5,not reported,9.8000000000000007,38.5,51.7,not reported,100,1.9,1.9E-2,10 mM NaNO3 + 200 ppm NaN3,100,-,5,500,15.923264158300489,838.06653464739418,2.9232784989204519,1.2020320998732807,Calculated in this study at Cw = 10% S,12.6,(ug/g)/(ug/L)^N,1.1000000000000001,12.6,10.39,165.44271460474209,15.923264158300489,,
914,Umeh,2021,Environmental Science & Technology, 10.1021/acs.est.0c07202,soil,Soil9,PFOS,PFSA,C8HF17O3S,499.93739999999997,0.1,-,0,0,0,0.99999999148861973,0,8.5113803095801607E-9,1,0,-0.99999999148861973,498.93740000851142,96485,-193.38097159510099,8,17,0.29721362229102166,64.60808893273439,8,2.0166155475571776,5,8.17,1:5 MQ,10.27548,184,1.0275479999999999,3.3994800000000001,126,0.33994800000000003,DCB,8.1999999999999993,not reported,79.400000000000006,11.9,8.6999999999999993,not reported,100.00000000000001,1.5,1.4999999999999999E-2,10 mM NaNO3 + 200 ppm NaN3,100,-,5,500,20.349804975180433,1356.653665012029,3.1324689924117579,1.3085602514674388,Calculated in this study at Cw = 10% S,32.5,(ug/g)/(ug/L)^N,0.8,32.5,10.39,211.4344736921247,20.349804975180433,,
915,Umeh,2021,Environmental Science & Technology, 10.1021/acs.est.0c07202,soil,Soil10,PFOS,PFSA,C8HF17O3S,499.93739999999997,0.1,-,0,0,0,0.99999292059227451,0,7.0794077254728099E-6,1,0,-0.99999292059227451,498.93740707940771,96485,-193.3796014777256,8,17,0.29721362229102166,64.60808893273439,8,2.0166155475571776,5,5.25,1:5 MQ,47.747475000000001,855,4.7747475000000001,3.4264600000000001,127,0.34264600000000001,DCB,6,not reported,65,18.7,16.2,not reported,99.9,0.7,6.9999999999999993E-3,10 mM NaNO3 + 200 ppm NaN3,100,-,5,500,16.775454915803529,2396.4935594005042,3.3795762661587769,1.2246743061730336,Calculated in this study at Cw = 10% S,21.2,(ug/g)/(ug/L)^N,0.9,21.2,10.39,174.29697657519867,16.775454915803529,,
916,Umeh,2021,Environmental Science & Technology, 10.1021/acs.est.0c07202,soil,Soil11,PFOS,PFSA,C8HF17O3S,499.93739999999997,0.1,-,0,0,0,0.99999958313079029,0,4.1686920969032374E-7,1,0,-0.99999958313079029,498.9374004168692,96485,-193.38089246819291,8,17,0.29721362229102166,64.60808893273439,8,2.0166155475571776,5,6.48,1:5 MQ,38.42136,688,3.842136,18.076599999999999,670,1.8076599999999998,DCB,24.1,not reported,61.9,21.9,16.3,not reported,100.1,8.4,8.4000000000000005E-2,10 mM NaNO3 + 200 ppm NaN3,100,-,5,500,63.05308803078983,750.63200036654553,2.8754270749803008,1.7997063610421826,Calculated in this study at Cw = 10% S,100.7,(ug/g)/(ug/L)^N,0.8,100.7,10.39,655.12158463990636,63.05308803078983,,
917,Umeh,2021,Environmental Science & Technology, 10.1021/acs.est.0c07202,soil,Soil12,PFOS,PFSA,C8HF17O3S,499.93739999999997,0.1,-,0,0,0,0.99999998378189925,0,1.6218100710562502E-8,1,0,-0.99999998378189925,498.93740001621808,96485,-193.38097010178086,8,17,0.29721362229102166,64.60808893273439,8,2.0166155475571776,5,7.89,1:5 MQ,7.0364700000000004,126,0.70364700000000002,4.3707600000000006,162,0.43707600000000008,DCB,29.1,not reported,83.8,6.3,10,not reported,100.1,3.9,3.9E-2,10 mM NaNO3 + 200 ppm NaN3,100,-,5,500,52.067213842446805,1335.0567651909437,3.1254997318317388,1.7165643388582379,Calculated in this study at Cw = 10% S,65.8,(ug/g)/(ug/L)^N,0.9,65.8,10.39,540.97835182302231,52.067213842446805,,
918,Umeh,2021,Environmental Science & Technology, 10.1021/acs.est.0c07202,soil,Soil13,PFOS,PFSA,C8HF17O3S,499.93739999999997,0.1,-,0,0,0,0.99988519781890428,0,1.1480218109569003E-4,1,0,-0.99988519781890428,498.93751480218106,96485,-193.3587281962692,8,17,0.29721362229102166,64.60808893273439,8,2.0166155475571776,5,4.04,1:5 MQ,0.83767499999999995,15,8.3767499999999995E-2,2.94082,109,0.29408200000000001,DCB,2.2000000000000002,not reported,94.1,2.9,3.1,not reported,100.1,3,0.03,10 mM NaNO3 + 200 ppm NaN3,100,-,5,500,7.0770062925779946,235.90020975259984,2.3727283270422559,0.84984958176191816,Calculated in this study at Cw = 10% S,5.6,(ug/g)/(ug/L)^N,1.1000000000000001,5.6,10.39,73.530095379885367,7.0770062925779946,,
919,Umeh,2021,Environmental Science & Technology, 10.1021/acs.est.0c07202,soil,Soil14,PFOS,PFSA,C8HF17O3S,499.93739999999997,0.1,-,0,0,0,0.99999997048790856,0,2.9512091395700212E-8,1,0,-0.99999997048790856,498.93740002951199,96485,-193.38096752582348,8,17,0.29721362229102166,64.60808893273439,8,2.0166155475571776,5,7.63,1:5 MQ,29.486159999999998,528,2.9486159999999999,4.8024400000000007,178,0.48024400000000006,DCB,48.7,not reported,4.8,47.9,47.3,not reported,100,2.4,2.4E-2,10 mM NaNO3 + 200 ppm NaN3,100,-,5,500,20.019764592916474,834.15685803818633,2.9212477247084943,1.3014589664201002,Calculated in this study at Cw = 10% S,25.3,(ug/g)/(ug/L)^N,0.9,25.3,10.39,208.00535412040219,20.019764592916474,,
920,Umeh,2021,Environmental Science & Technology, 10.1021/acs.est.0c07202,soil,Soil15,PFOS,PFSA,C8HF17O3S,499.93739999999997,0.1,-,0,0,0,0.99999966886898817,0,3.3113101183480713E-7,1,0,-0.99999966886898817,498.93740033113102,96485,-193.38090908155996,8,17,0.29721362229102166,64.60808893273439,8,2.0166155475571776,5,6.58,1:5 MQ,10.052100000000001,180,1.0052100000000002,1.42994,53,0.14299400000000001,DCB,2.2999999999999998,not reported,95.4,1.02,4.4000000000000004,not reported,100.82000000000001,0.4,4.0000000000000001E-3,10 mM NaNO3 + 200 ppm NaN3,100,-,5,500,4.7,1175,3.070037866607755,0.67209785793571752,Calculated in this study at Cw = 10% S,4.7,(ug/g)/(ug/L)^N,1,4.7,10.39,48.833000000000006,4.7,,
921,Umeh,2021,Environmental Science & Technology, 10.1021/acs.est.0c07202,soil,Soil16,PFOS,PFSA,C8HF17O3S,499.93739999999997,0.1,-,0,0,0,0.99999786204248142,0,2.1379575186301061E-6,1,0,-0.99999786204248142,498.93740213795752,96485,-193.38055897539331,8,17,0.29721362229102166,64.60808893273439,8,2.0166155475571776,5,5.77,1:5 MQ,2.3454899999999999,42,0.23454899999999998,1.40296,52,0.140296,DCB,2.2000000000000002,not reported,93.1,5.6,1.2,not reported,99.899999999999991,1.4,1.3999999999999999E-2,10 mM NaNO3 + 200 ppm NaN3,100,-,5,500,10.682483083176775,763.03450594119829,2.8825441780610506,1.0286722137392885,Calculated in this study at Cw = 10% S,13.5,(ug/g)/(ug/L)^N,0.9,13.5,10.39,110.9909992342067,10.682483083176775,,
922,Umeh,2021,Environmental Science & Technology, 10.1021/acs.est.0c07202,soil,Soil17,PFOS,PFSA,C8HF17O3S,499.93739999999997,0.1,-,0,0,0,0.99999979107043058,0,2.0892956943382908E-7,1,0,-0.99999979107043058,498.93740020892955,96485,-193.3809327603573,8,17,0.29721362229102166,64.60808893273439,8,2.0166155475571776,5,6.78,1:5 MQ,2.066265,37,0.20662649999999999,10.14448,376,1.014448,DCB,4.7,not reported,78.099999999999994,16.2,5.6,not reported,99.899999999999991,0.8,8.0000000000000002E-3,10 mM NaNO3 + 200 ppm NaN3,100,-,5,500,20.573671123155268,2571.7088903944086,3.4102218062231566,1.3133117932151002,Calculated in this study at Cw = 10% S,26,(ug/g)/(ug/L)^N,0.9,26,10.39,213.76044296958327,20.573671123155268,,
923,Umeh,2021,Environmental Science & Technology, 10.1021/acs.est.0c07202,soil,Soil18,PFOS,PFSA,C8HF17O3S,499.93739999999997,0.1,-,0,0,0,0.99999990667457861,0,9.3325421370063985E-8,1,0,-0.99999990667457861,498.93740009332538,96485,-193.38095516080648,8,17,0.29721362229102166,64.60808893273439,8,2.0166155475571776,5,7.13,1:5 MQ,14.63139,262,1.463139,6.9608400000000001,258,0.69608400000000004,DCB,7.3,not reported,76.900000000000006,12.5,10.6,not reported,100,1,0.01,10 mM NaNO3 + 200 ppm NaN3,100,-,5,500,24.371887330507015,2437.1887330507016,3.3868891617447265,1.3868891617447265,Calculated in this study at Cw = 10% S,30.8,(ug/g)/(ug/L)^N,0.9,30.8,10.39,253.22390936396789,24.371887330507015,,
924,Umeh,2021,Environmental Science & Technology, 10.1021/acs.est.0c07202,soil,Soil19,PFOS,PFSA,C8HF17O3S,499.93739999999997,0.1,-,0,0,0,0.9999992056723962,0,7.9432760376743655E-7,1,0,-0.9999992056723962,498.93740079432757,96485,-193.38081932862406,8,17,0.29721362229102166,64.60808893273439,8,2.0166155475571776,5,6.2,1:5 MQ,14.798924999999999,265,1.4798924999999998,6.9608400000000001,258,0.69608400000000004,DCB,6.4,not reported,80.599999999999994,11.2,8.1,not reported,99.899999999999991,1,0.01,10 mM NaNO3 + 200 ppm NaN3,100,-,5,500,9.2253832028248866,922.5383202824886,2.9649844148761737,0.9649844148761737,Calculated in this study at Cw = 10% S,7.3,(ug/g)/(ug/L)^N,1.1000000000000001,7.3,10.39,95.851731477350569,9.2253832028248866,,
925,Umeh,2021,Environmental Science & Technology, 10.1021/acs.est.0c07202,soil,Soil20,PFOS,PFSA,C8HF17O3S,499.93739999999997,0.1,-,0,0,0,0.99999978620383678,0,2.137961632414136E-7,1,0,-0.99999978620383678,498.93740021379614,96485,-193.38093181736446,8,17,0.29721362229102166,64.60808893273439,8,2.0166155475571776,5,6.77,1:5 MQ,44.564309999999999,798,4.4564310000000003,25.68496,952,2.5684960000000001,DCB,20.9,not reported,60.6,23.1,20,not reported,103.7,3,0.03,10 mM NaNO3 + 200 ppm NaN3,100,-,5,500,44.938919153443535,1497.9639717814512,3.1755013680732795,1.6526226227929419,Calculated in this study at Cw = 10% S,90.7,(ug/g)/(ug/L)^N,0.7,90.7,10.39,466.91537000427837,44.938919153443535,,
926,Umeh,2021,Environmental Science & Technology, 10.1021/acs.est.0c07202,soil,Soil21,PFOS,PFSA,C8HF17O3S,499.93739999999997,0.1,-,0,0,0,0.99999999861961575,0,1.3803842626974183E-9,1,0,-0.99999999861961575,498.93740000138035,96485,-193.3809729768638,8,17,0.29721362229102166,64.60808893273439,8,2.0166155475571776,5,8.9600000000000009,1:5 MQ,15.52491,278,1.5524910000000001,22.258500000000002,825,2.2258500000000003,DCB,16.7,not reported,34.5,20.100000000000001,45.4,not reported,100,0.6,6.0000000000000001E-3,10 mM NaNO3 + 200 ppm NaN3,100,-,5,500,19.22273885347813,3203.7898089130217,3.5056640155821075,1.2838152659657509,Calculated in this study at Cw = 10% S,30.7,(ug/g)/(ug/L)^N,0.8,30.7,10.39,199.72425668763779,19.22273885347813,,
927,Umeh,2021,Environmental Science & Technology, 10.1021/acs.est.0c07202,soil,Soil22,PFOS,PFSA,C8HF17O3S,499.93739999999997,0.1,-,0,0,0,0.99999966886898817,0,3.3113101183480713E-7,1,0,-0.99999966886898817,498.93740033113102,96485,-193.38090908155996,8,17,0.29721362229102166,64.60808893273439,8,2.0166155475571776,5,6.58,1:5 MQ,99.515789999999996,1782,9.9515789999999988,41.360340000000001,1533,4.1360340000000004,DCB,39.1,not reported,34.299900000000001,32.877600000000001,31.8353,KNN input,99.012800000000013,10.6,0.106,10 mM NaNO3 + 200 ppm NaN3,100,-,5,500,175.82575859865773,1658.7335716854502,3.219776634584361,2.245082499849131,Calculated in this study at Cw = 10% S,222.2,(ug/g)/(ug/L)^N,0.9,222.2,10.39,1826.8296318400539,175.82575859865773,,
928,Umeh,2021,Environmental Science & Technology, 10.1021/acs.est.0c07202,soil,Soil23,PFOS,PFSA,C8HF17O3S,499.93739999999997,0.1,-,0,0,0,0.99999999108749071,0,8.9125093019045892E-9,1,0,-0.99999999108749071,498.9374000089125,96485,-193.3809715173748,8,17,0.29721362229102166,64.60808893273439,8,2.0166155475571776,5,8.15,1:5 MQ,3.5182350000000002,63,0.35182350000000001,7.5274200000000002,279,0.75274200000000002,DCB,7.7,not reported,75.3,13.9,10.7,not reported,99.9,1.1000000000000001,1.1000000000000001E-2,10 mM NaNO3 + 200 ppm NaN3,100,-,5,500,16.609495786924757,1509.9541624477051,3.1789637636519905,1.2203564488102157,Calculated in this study at Cw = 10% S,10.4,(ug/g)/(ug/L)^N,1.2,10.4,10.39,172.57266122614826,16.609495786924757,,
929,Umeh,2021,Environmental Science & Technology, 10.1021/acs.est.0c07202,soil,Soil24,PFOS,PFSA,C8HF17O3S,499.93739999999997,0.1,-,0,0,0,0.99999998451183403,0,1.5488165949241471E-8,1,0,-0.99999998451183403,498.93740001548815,96485,-193.38097024321928,8,17,0.29721362229102166,64.60808893273439,8,2.0166155475571776,5,7.91,1:5 MQ,18.763919999999999,336,1.8763919999999998,25.30724,938,2.5307240000000002,DCB,24.2,not reported,18.8,19.100000000000001,62.1,not reported,100,1.1000000000000001,1.1000000000000001E-2,10 mM NaNO3 + 200 ppm NaN3,100,-,5,500,31.177024702012218,2834.2749729102015,3.4524419819116314,1.4938346670698563,Calculated in this study at Cw = 10% S,39.4,(ug/g)/(ug/L)^N,0.9,39.4,10.39,323.92928665390696,31.177024702012218,,
930,Umeh,2021,Environmental Science & Technology, 10.1021/acs.est.0c07202,soil,Soil25,PFOS,PFSA,C8HF17O3S,499.93739999999997,0.1,-,0,0,0,0.99998851859560922,0,1.1481404390808487E-5,1,0,-0.99998851859560922,498.93741148140435,96485,-193.37874850920727,8,17,0.29721362229102166,64.60808893273439,8,2.0166155475571776,5,5.04,1:5 MQ,53.834580000000003,964,5.3834580000000001,26.899060000000002,997,2.6899060000000001,DCB,0.7,not reported,97.8,0,2.2000000000000002,not reported,100,0.1,1E-3,10 mM NaNO3 + 200 ppm NaN3,100,-,5,500,19.78237607995699,19782.37607995699,4.2962784539163197,1.2962784539163199,Calculated in this study at Cw = 10% S,25,(ug/g)/(ug/L)^N,0.9,25,10.39,205.53888747075314,19.78237607995699,,
931,Umeh,2021,Environmental Science & Technology, 10.1021/acs.est.0c07202,soil,Soil26,PFOS,PFSA,C8HF17O3S,499.93739999999997,0.1,-,0,0,0,0.99998050193418442,0,1.9498065815597068E-5,1,0,-0.99998050193418442,498.93741949806582,96485,-193.37719513237235,8,17,0.29721362229102166,64.60808893273439,8,2.0166155475571776,5,4.8099999999999996,1:5 MQ,23.287364999999998,417,2.3287364999999998,11.16972,414,1.1169720000000001,DCB,3.7,not reported,74.3,18.2,7.5,not reported,100,1.1000000000000001,1.1000000000000001E-2,10 mM NaNO3 + 200 ppm NaN3,100,-,5,500,28.724010068097549,2611.2736425543226,3.4168523851221697,1.4582450702803949,Calculated in this study at Cw = 10% S,36.299999999999997,(ug/g)/(ug/L)^N,0.9,36.299999999999997,10.39,298.44246460753357,28.724010068097549,,
932,Umeh,2021,Environmental Science & Technology, 10.1021/acs.est.0c07202,soil,Soil27,PFOS,PFSA,C8HF17O3S,499.93739999999997,0.1,-,0,0,0,0.99998619634789743,0,1.3803652102587262E-5,1,0,-0.99998619634789743,498.93741380365208,96485,-193.37829853063758,8,17,0.29721362229102166,64.60808893273439,8,2.0166155475571776,5,4.96,1:5 MQ,14.798924999999999,265,1.4798924999999998,11.4665,425,1.1466499999999999,DCB,2.9,not reported,39.200000000000003,47.7,13.2,not reported,100.10000000000001,1.6,1.6E-2,10 mM NaNO3 + 200 ppm NaN3,100,-,5,500,27.5,1718.75,3.2352127111743378,1.4393326938302626,Calculated in this study at Cw = 10% S,27.5,(ug/g)/(ug/L)^N,1,27.5,10.39,285.72500000000002,27.5,,
934,Umeh,2021,Environmental Science & Technology, 10.1021/acs.est.0c07202,soil,Soil29,PFOS,PFSA,C8HF17O3S,499.93739999999997,0.1,-,0,0,0,0.99999223758908917,0,7.7624109107960199E-6,1,0,-0.99999223758908917,498.93740776241083,96485,-193.3794691331866,8,17,0.29721362229102166,64.60808893273439,8,2.0166155475571776,5,5.21,1:5 MQ,35.461574999999996,635,3.5461574999999996,40.119260000000004,1487,4.0119260000000008,DCB,7.4,not reported,42.5,37.5,20,not reported,100,1.5,1.4999999999999999E-2,10 mM NaNO3 + 200 ppm NaN3,100,-,5,500,48.8,3253.3333333333335,3.5123285629470296,1.6884198220027107,Calculated in this study at Cw = 10% S,48.8,(ug/g)/(ug/L)^N,1,48.8,10.39,507.03199999999998,48.8,,
935,Umeh,2021,Environmental Science & Technology, 10.1021/acs.est.0c07202,soil,Soil30,PFOS,PFSA,C8HF17O3S,499.93739999999997,0.1,-,0,0,0,0.99999922375348593,0,7.7624651406957183E-7,1,0,-0.99999922375348593,498.93740077624648,96485,-193.38082283217074,8,17,0.29721362229102166,64.60808893273439,8,2.0166155475571776,5,6.21,1:5 MQ,135.87088500000002,2433,13.587088500000002,85.661500000000004,3175,8.5661500000000004,DCB,5.4,not reported,36.4,28.4,35.200000000000003,not reported,100,1.7,1.7000000000000001E-2,10 mM NaNO3 + 200 ppm NaN3,100,-,5,500,44.694968168689336,2629.115774628784,3.4198097109353274,1.6502586323136015,Calculated in this study at Cw = 10% S,114,(ug/g)/(ug/L)^N,0.6,114,10.39,464.38071927268226,44.694968168689336,,
936,Umeh,2021,Environmental Science & Technology, 10.1021/acs.est.0c07202,soil,Soil31,PFOS,PFSA,C8HF17O3S,499.93739999999997,0.1,-,0,0,0,0.99999066754408761,0,9.3324559124237225E-6,1,0,-0.99999066754408761,498.9374093324559,96485,-193.37916490783965,8,17,0.29721362229102166,64.60808893273439,8,2.0166155475571776,5,5.13,1:5 MQ,13.123574999999999,235,1.3123574999999998,19.344660000000001,717,1.934466,DCB,4.0999999999999996,not reported,56,34.700000000000003,9.1999999999999993,not reported,99.9,3.2,3.2000000000000001E-2,10 mM NaNO3 + 200 ppm NaN3,100,-,5,500,40.511765596743814,1265.9926748982441,3.1024311928373587,1.607581171157265,Calculated in this study at Cw = 10% S,64.7,(ug/g)/(ug/L)^N,0.8,64.7,10.39,420.91724455016828,40.511765596743814,,
937,Umeh,2021,Environmental Science & Technology, 10.1021/acs.est.0c07202,soil,Soil32,PFOS,PFSA,C8HF17O3S,499.93739999999997,0.1,-,0,0,0,0.99999999424560071,0,5.75439934025844E-9,1,0,-0.99999999424560071,498.9374000057544,96485,-193.38097212931723,8,17,0.29721362229102166,64.60808893273439,8,2.0166155475571776,5,8.34,1:5 MQ,15.469065000000001,277,1.5469065,29.219339999999999,1083,2.9219339999999998,DCB,19.899999999999999,not reported,58.8,23.8,17.5,not reported,100.1,3.5,3.5000000000000003E-2,10 mM NaNO3 + 200 ppm NaN3,100,-,5,500,75.964324147034844,2170.4092613438524,3.3365416339335749,1.8806096782838506,Calculated in this study at Cw = 10% S,96,(ug/g)/(ug/L)^N,0.9,96,10.39,789.26932788769204,75.964324147034844,,
938,Umeh,2021,Environmental Science & Technology, 10.1021/acs.est.0c07202,soil,Soil33,PFOS,PFSA,C8HF17O3S,499.93739999999997,0.1,-,0,0,0,0.99998711767043957,0,1.2882329560378492E-5,1,0,-0.99998711767043957,498.93741288232951,96485,-193.37847705396931,8,17,0.29721362229102166,64.60808893273439,8,2.0166155475571776,5,4.99,1:5 MQ,66.846464999999995,1197,6.6846464999999995,37.016559999999998,1372,3.7016559999999998,DCB,5.3,not reported,36.9,27.5,35.6,not reported,100,3.5,3.5000000000000003E-2,10 mM NaNO3 + 200 ppm NaN3,100,-,5,500,91.668044565120468,2619.0869875748704,3.4181499228606618,1.9622179672109377,Calculated in this study at Cw = 10% S,146.4,(ug/g)/(ug/L)^N,0.8,146.4,10.39,952.43098303160173,91.668044565120468,,
939,Umeh,2021,Environmental Science & Technology, 10.1021/acs.est.0c07202,soil,Soil34,PFOS,PFSA,C8HF17O3S,499.93739999999997,0.1,-,0,0,0,0.99999991488620343,0,8.5113796575878369E-8,1,0,-0.99999991488620343,498.93740008511378,96485,-193.38095675196118,8,17,0.29721362229102166,64.60808893273439,8,2.0166155475571776,5,7.17,1:5 MQ,14.687235000000001,263,1.4687235000000001,5.74674,213,0.57467400000000002,DCB,2.2999999999999998,not reported,96.9,0,3.1,not reported,100,0.2,2E-3,10 mM NaNO3 + 200 ppm NaN3,100,-,5,500,21.915174588655852,10957.587294327926,4.0397149391748588,1.3407449348388403,Calculated in this study at Cw = 10% S,35,(ug/g)/(ug/L)^N,0.8,35,10.39,227.6986639761343,21.915174588655852,,
941,Umeh,2021,Environmental Science & Technology, 10.1021/acs.est.0c07202,soil,Soil36,PFOS,PFSA,C8HF17O3S,499.93739999999997,0.1,-,0,0,0,0.99999999108749071,0,8.9125093019045892E-9,1,0,-0.99999999108749071,498.9374000089125,96485,-193.3809715173748,8,17,0.29721362229102166,64.60808893273439,8,2.0166155475571776,5,8.15,1:5 MQ,28.48095,510,2.8480949999999998,6.9608400000000001,258,0.69608400000000004,DCB,4.5999999999999996,not reported,84.8,8.6,6.6,not reported,99.999999999999986,3.7,3.7000000000000005E-2,10 mM NaNO3 + 200 ppm NaN3,100,-,5,500,22.246499117856835,601.2567329150495,2.7790599526691748,1.3472616767361698,Calculated in this study at Cw = 10% S,44.9,(ug/g)/(ug/L)^N,0.7,44.9,10.39,231.14112583453252,22.246499117856835,,
942,Umeh,2021,Environmental Science & Technology, 10.1021/acs.est.0c07202,soil,Soil37,PFOS,PFSA,C8HF17O3S,499.93739999999997,0.1,-,0,0,0,0.99998340440634392,0,1.6595593656076042E-5,1,0,-0.99998340440634392,498.93741659559362,96485,-193.37775754017923,8,17,0.29721362229102166,64.60808893273439,8,2.0166155475571776,5,4.88,1:5 MQ,16.418430000000001,294,1.6418430000000002,22.528299999999998,835,2.2528299999999999,DCB,3.4,not reported,45.6,35.6,18.7,not reported,99.9,0.9,9.0000000000000011E-3,10 mM NaNO3 + 200 ppm NaN3,100,-,5,500,29.303719164259817,3255.9687960288684,3.5126802341233634,1.4669227435626884,Calculated in this study at Cw = 10% S,46.8,(ug/g)/(ug/L)^N,0.8,46.8,10.39,304.46564211665952,29.303719164259817,,
943,Umeh,2021,Environmental Science & Technology, 10.1021/acs.est.0c07202,soil,Soil38,PFOS,PFSA,C8HF17O3S,499.93739999999997,0.1,-,0,0,0,0.99999022772328872,0,9.7722767112327311E-6,1,0,-0.99999022772328872,498.93740977227662,96485,-193.37907968440058,8,17,0.29721362229102166,64.60808893273439,8,2.0166155475571776,5,5.1100000000000003,1:5 MQ,3.0156300000000003,54,0.30156300000000003,4.9643199999999998,184,0.49643199999999998,DCB,20.8,not reported,35.168399999999998,49.606850000000001,12,KNN input,96.77525,2.9,2.8999999999999998E-2,10 mM NaNO3 + 200 ppm NaN3,100,-,5,500,20.890189140434583,720.35134967015802,2.8575443742151574,1.3199423721141132,Calculated in this study at Cw = 10% S,26.4,(ug/g)/(ug/L)^N,0.9,26.4,10.39,217.04906516911532,20.890189140434583,,
944,Umeh,2021,Environmental Science & Technology, 10.1021/acs.est.0c07202,soil,Soil39,PFOS,PFSA,C8HF17O3S,499.93739999999997,0.1,-,0,0,0,0.99999999841510678,0,1.5848931899492196E-9,1,0,-0.99999999841510678,498.93740000158488,96485,-193.38097293723641,8,17,0.29721362229102166,64.60808893273439,8,2.0166155475571776,5,8.9,1:5 MQ,7.2040050000000004,129,0.7204005,9.5509199999999996,354,0.95509199999999994,DCB,5.8,not reported,82.7,10.7,6.7,not reported,100.10000000000001,1.8,1.8000000000000002E-2,10 mM NaNO3 + 200 ppm NaN3,100,-,5,500,51.97456029984815,2887.4755722137857,3.4605183188230986,1.7157908239264046,Calculated in this study at Cw = 10% S,104.9,(ug/g)/(ug/L)^N,0.7,104.9,10.39,540.01568151542233,51.97456029984815,,
945,Umeh,2021,Environmental Science & Technology, 10.1021/acs.est.0c07202,soil,Soil40,PFOS,PFSA,C8HF17O3S,499.93739999999997,0.1,-,0,0,0,0.99998378216204897,0,1.6217837951055827E-5,1,0,-0.99998378216204897,498.93741621783789,96485,-193.37783073735298,8,17,0.29721362229102166,64.60808893273439,8,2.0166155475571776,5,4.8899999999999997,1:5 MQ,22.673069999999999,406,2.2673069999999997,12.302880000000002,456,1.2302880000000003,DCB,4.5999999999999996,not reported,41.7,39,19.399999999999999,not reported,100.1,2.7,2.7000000000000003E-2,10 mM NaNO3 + 200 ppm NaN3,100,-,5,500,28.882269076737206,1069.7136695087852,3.0292675455417695,1.4606313097007571,Calculated in this study at Cw = 10% S,36.5,(ug/g)/(ug/L)^N,0.9,36.5,10.39,300.08677570729958,28.882269076737206,,
946,Umeh,2021,Environmental Science & Technology, 10.1021/acs.est.0c07202,soil,Soil41,PFOS,PFSA,C8HF17O3S,499.93739999999997,0.1,-,0,0,0,0.99999724577888238,0,2.7542211175833038E-6,1,0,-0.99999724577888238,498.93740275422107,96485,-193.38043956288502,8,17,0.29721362229102166,64.60808893273439,8,2.0166155475571776,5,5.66,1:5 MQ,119.50830000000001,2140,11.95083,98.881699999999995,3665,9.8881699999999988,DCB,4.3,not reported,7.6,38.6,53.8,not reported,100,3.3,3.3000000000000002E-2,10 mM NaNO3 + 200 ppm NaN3,100,-,5,500,43.204782251160715,1309.235825792749,3.1170178807875266,1.6355318206654139,Calculated in this study at Cw = 10% S,87.2,(ug/g)/(ug/L)^N,0.7,87.2,10.39,448.89768758955984,43.204782251160715,,
947,Umeh,2021,Environmental Science & Technology, 10.1021/acs.est.0c07202,soil,Soil42,PFOS,PFSA,C8HF17O3S,499.93739999999997,0.1,-,0,0,0,0.99999383408800013,0,6.1659119999096004E-6,1,0,-0.99999383408800013,498.93740616591202,96485,-193.37977848447119,8,17,0.29721362229102166,64.60808893273439,8,2.0166155475571776,5,5.31,1:5 MQ,7.0364700000000004,126,0.70364700000000002,8.7954799999999995,326,0.879548,DCB,6.3,not reported,50.8,36.6,12.7,not reported,100.10000000000001,3.4,3.4000000000000002E-2,10 mM NaNO3 + 200 ppm NaN3,100,-,5,500,32.254946382460574,948.67489360178149,2.9771174072587834,1.5085963243010385,Calculated in this study at Cw = 10% S,65.099999999999994,(ug/g)/(ug/L)^N,0.7,65.099999999999994,10.39,335.12889291376536,32.254946382460574,,
948,Umeh,2021,Environmental Science & Technology, 10.1021/acs.est.0c07202,soil,Soil43,PFOS,PFSA,C8HF17O3S,499.93739999999997,0.1,-,0,0,0,0.99986198062551701,0,1.3801937448301377E-4,1,0,-0.99986198062551701,498.93753801937447,96485,-193.35422943644474,8,17,0.29721362229102166,64.60808893273439,8,2.0166155475571776,5,3.96,1:5 MQ,88.346789999999999,1582,8.8346789999999995,97.667600000000007,3620,9.7667600000000014,DCB,4.7,not reported,62.2,16.100000000000001,21.7,not reported,100.00000000000001,3.7,3.7000000000000005E-2,10 mM NaNO3 + 200 ppm NaN3,100,-,5,500,44.393882238162853,1199.8346550854824,3.079121401604636,1.647323125671631,Calculated in this study at Cw = 10% S,70.900000000000006,(ug/g)/(ug/L)^N,0.8,70.900000000000006,10.39,461.25243645451206,44.393882238162853,,
949,Umeh,2021,Environmental Science & Technology, 10.1021/acs.est.0c07202,soil,Soil44,PFOS,PFSA,C8HF17O3S,499.93739999999997,0.1,-,0,0,0,0.99999958313079029,0,4.1686920969032374E-7,1,0,-0.99999958313079029,498.9374004168692,96485,-193.38089246819291,8,17,0.29721362229102166,64.60808893273439,8,2.0166155475571776,5,6.48,1:5 MQ,34.344675000000002,615,3.4344675000000002,32.861640000000001,1218,3.2861640000000003,DCB,10.9,not reported,20.9,44.4,34.700000000000003,not reported,100,2.8,2.7999999999999997E-2,10 mM NaNO3 + 200 ppm NaN3,100,-,5,500,26.804801832428836,957.31435115817283,2.9810545694971968,1.4282126008394163,Calculated in this study at Cw = 10% S,54.1,(ug/g)/(ug/L)^N,0.7,54.1,10.39,278.50189103893564,26.804801832428836,,
950,Umeh,2021,Environmental Science & Technology, 10.1021/acs.est.0c07202,soil,Soil45,PFOS,PFSA,C8HF17O3S,499.93739999999997,0.1,-,0,0,0,0.99999999704879083,0,2.9512092179567386E-9,1,0,-0.99999999704879083,498.93740000295122,96485,-193.3809726724873,8,17,0.29721362229102166,64.60808893273439,8,2.0166155475571776,5,8.6300000000000008,1:5 MQ,34.623899999999999,620,3.4623900000000001,33.536139999999996,1243,3.3536139999999994,DCB,11.1,not reported,65.2,14.3,20.5,not reported,100,0.7,6.9999999999999993E-3,10 mM NaNO3 + 200 ppm NaN3,100,-,5,500,12.209882985108258,1744.2689978726085,3.2416134618368257,1.0867115018510825,Calculated in this study at Cw = 10% S,19.5,(ug/g)/(ug/L)^N,0.8,19.5,10.39,126.86068421527482,12.209882985108258,,
951,Umeh,2021,Environmental Science & Technology, 10.1021/acs.est.0c07202,soil,Soil46,PFOS,PFSA,C8HF17O3S,499.93739999999997,0.1,-,0,0,0,0.99999848644104239,0,1.5135589575720209E-6,1,0,-0.99999848644104239,498.93740151355888,96485,-193.38067996420179,8,17,0.29721362229102166,64.60808893273439,8,2.0166155475571776,5,5.92,1:5 MQ,34.903125000000003,625,3.4903125000000004,34.183660000000003,1267,3.4183660000000002,DCB,9.9,not reported,16.100000000000001,33.6,50.4,not reported,100.1,3,0.03,10 mM NaNO3 + 200 ppm NaN3,100,-,5,500,47.069430204819582,1568.9810068273196,3.195617686302032,1.6727389410216944,Calculated in this study at Cw = 10% S,95,(ug/g)/(ug/L)^N,0.7,95,10.39,489.05137982807548,47.069430204819582,,
952,Umeh,2021,Environmental Science & Technology, 10.1021/acs.est.0c07202,soil,Soil47,PFOS,PFSA,C8HF17O3S,499.93739999999997,0.1,-,0,0,0,0.99999841510931942,0,1.5848906805786579E-6,1,0,-0.99999841510931942,498.93740158489061,96485,-193.38066614235672,8,17,0.29721362229102166,64.60808893273439,8,2.0166155475571776,5,5.9,1:5 MQ,35.18235,630,3.5182349999999998,34.858160000000005,1292,3.4858160000000007,DCB,7.6,not reported,17.2,40.200000000000003,42.6,not reported,100,6.9,6.9000000000000006E-2,10 mM NaNO3 + 200 ppm NaN3,100,-,5,500,85.715909741408282,1242.2595614696852,3.0942123481243868,1.9330614388616421,Calculated in this study at Cw = 10% S,173,(ug/g)/(ug/L)^N,0.7,173,10.39,890.58830221323217,85.715909741408282,,
953,Umeh,2021,Environmental Science & Technology, 10.1021/acs.est.0c07202,soil,Soil48,PFOS,PFSA,C8HF17O3S,499.93739999999997,0.1,-,0,0,0,0.99999841510931942,0,1.5848906805786579E-6,1,0,-0.99999841510931942,498.93740158489061,96485,-193.38066614235672,8,17,0.29721362229102166,64.60808893273439,8,2.0166155475571776,5,5.9,1:5 MQ,35.461574999999996,635,3.5461574999999996,35.505679999999998,1316,3.5505679999999997,DCB,0.9,not reported,85.2,9.9,4.9000000000000004,not reported,100.00000000000001,0.2,2E-3,10 mM NaNO3 + 200 ppm NaN3,100,-,5,500,13.476721069169395,6738.3605345846972,3.828554244103064,1.1295842397670455,Calculated in this study at Cw = 10% S,27.2,(ug/g)/(ug/L)^N,0.7,27.2,10.39,140.02313190867002,13.476721069169395,,
954,Umeh,2021,Environmental Science & Technology, 10.1021/acs.est.0c07202,soil,Soil49,PFOS,PFSA,C8HF17O3S,499.93739999999997,0.1,-,0,0,0,0.99999999573420484,0,4.2657951698188959E-9,1,0,-0.99999999573420484,498.93740000426573,96485,-193.38097241776191,8,17,0.29721362229102166,64.60808893273439,8,2.0166155475571776,5,8.4700000000000006,1:5 MQ,35.7408,640,3.5740799999999999,36.18018,1341,3.6180180000000002,DCB,8.1999999999999993,not reported,79.400000000000006,11.9,8.6999999999999993,not reported,100.00000000000001,1.2,1.2E-2,10 mM NaNO3 + 200 ppm NaN3,100,-,5,500,9.6537995270190109,804.48329391825087,2.9055170298714055,0.98469827591903047,Calculated in this study at Cw = 10% S,12.2,(ug/g)/(ug/L)^N,0.9,12.2,10.39,100.30297708572753,9.6537995270190109,,
955,Umeh,2021,Environmental Science & Technology, 10.1021/acs.est.0c07202,soil,Soil50,PFOS,PFSA,C8HF17O3S,499.93739999999997,0.1,-,0,0,0,0.9999918717609072,0,8.1282390928331961E-6,1,0,-0.9999918717609072,498.9374081282391,96485,-193.37939824718921,8,17,0.29721362229102166,64.60808893273439,8,2.0166155475571776,5,5.19,1:5 MQ,36.020025000000004,645,3.6020025000000002,36.854680000000002,1366,3.6854680000000002,DCB,4.0999999999999996,not reported,28.6,58.1,13.3,not reported,100,2.4,2.4E-2,10 mM NaNO3 + 200 ppm NaN3,100,-,5,500,16.458936898524218,685.78903743850913,2.8361905384954378,1.2164017802070439,Calculated in this study at Cw = 10% S,20.8,(ug/g)/(ug/L)^N,0.9,20.8,10.39,171.00835437566664,16.458936898524218,,
956,Umeh,2021,Environmental Science & Technology, 10.1021/acs.est.0c07202,soil,Soil51,PFOS,PFSA,C8HF17O3S,499.93739999999997,0.1,-,0,0,0,0.99999927556456469,0,7.2443543526790742E-7,1,0,-0.99999927556456469,498.93740072443541,96485,-193.38083287152875,8,17,0.29721362229102166,64.60808893273439,8,2.0166155475571776,5,6.24,1:5 MQ,36.410940000000004,652,3.6410940000000003,37.852940000000004,1403,3.7852940000000004,DCB,5.9,not reported,6.8,30.9,62.2,not reported,99.9,0.6,6.0000000000000001E-3,10 mM NaNO3 + 200 ppm NaN3,100,-,5,500,9.6,1600,3.2041199826559246,0.98227123303956843,Calculated in this study at Cw = 10% S,9.6,(ug/g)/(ug/L)^N,1,9.6,10.39,99.744,9.6,,
957,Umeh,2021,Environmental Science & Technology, 10.1021/acs.est.0c07202,soil,Soil52,PFOS,PFSA,C8HF17O3S,499.93739999999997,0.1,-,0,0,0,0.99999998825102454,0,1.1748975411356843E-8,1,0,-0.99999998825102454,498.93740001174893,96485,-193.38097096775681,8,17,0.29721362229102166,64.60808893273439,8,2.0166155475571776,5,8.0299999999999994,1:5 MQ,36.857699999999994,660,3.6857699999999993,38.824220000000004,1439,3.8824220000000005,DCB,20,not reported,44.4,41.1,14.6,not reported,100.1,3.4,3.4000000000000002E-2,10 mM NaNO3 + 200 ppm NaN3,100,-,5,500,37.700000000000003,1108.8235294117646,3.0448624331635377,1.5763413502057928,Calculated in this study at Cw = 10% S,37.700000000000003,(ug/g)/(ug/L)^N,1,37.700000000000003,10.39,391.70300000000003,37.700000000000003,,
958,Umeh,2021,Environmental Science & Technology, 10.1021/acs.est.0c07202,soil,Soil53,PFOS,PFSA,C8HF17O3S,499.93739999999997,0.1,-,0,0,0,0.99999999129036421,0,8.7096358237030387E-9,1,0,-0.99999999129036421,498.93740000870963,96485,-193.3809715566853,8,17,0.29721362229102166,64.60808893273439,8,2.0166155475571776,5,8.16,1:5 MQ,7.5949200000000001,136,0.75949200000000006,1.1871200000000002,44,0.11871200000000001,DCB,11.4,not reported,52.7,28.3,19,not reported,100,2.1,2.1000000000000001E-2,10 mM NaNO3 + 200 ppm NaN3,100,-,5,500,22.710167739790624,1081.4365590376487,3.0340010472443555,1.3562203419782746,Calculated in this study at Cw = 10% S,28.7,(ug/g)/(ug/L)^N,0.9,28.7,10.39,235.9586428164246,22.710167739790624,,
959,Umeh,2021,Environmental Science & Technology, 10.1021/acs.est.0c07202,soil,Soil54,PFOS,PFSA,C8HF17O3S,499.93739999999997,0.1,-,0,0,0,0.99999742961082416,0,2.5703891758513573E-6,1,0,-0.99999742961082416,498.93740257038911,96485,-193.38047518373509,8,17,0.29721362229102166,64.60808893273439,8,2.0166155475571776,5,5.69,1:5 MQ,37.471995,671,3.7471994999999998,2.6710199999999999,99,0.26710200000000001,DCB,4.5,not reported,40.16225,39.543750000000003,20,KNN input,99.706000000000003,0.3,3.0000000000000001E-3,10 mM NaNO3 + 200 ppm NaN3,100,-,5,500,17.406910101846648,5802.3033672822157,3.7636004316869784,1.2407216864066408,Calculated in this study at Cw = 10% S,27.8,(ug/g)/(ug/L)^N,0.8,27.8,10.39,180.85779595818667,17.406910101846648,,
960,Umeh,2021,Environmental Science & Technology, 10.1021/acs.est.0c07202,soil,Soil55,PFOS,PFSA,C8HF17O3S,499.93739999999997,0.1,-,0,0,0,0.99999941115669133,0,5.8884330861894112E-7,1,0,-0.99999941115669133,498.93740058884322,96485,-193.38085914501971,8,17,0.29721362229102166,64.60808893273439,8,2.0166155475571776,5,6.33,1:5 MQ,48.585149999999999,870,4.8585149999999997,3.29156,122,0.329156,DCB,46.8,not reported,33.799999999999997,34.1,32,not reported,99.9,2.7,2.7000000000000003E-2,10 mM NaNO3 + 200 ppm NaN3,100,-,5,500,51.67156632084766,1913.7617155869502,3.2818878623603687,1.7132516265193563,Calculated in this study at Cw = 10% S,65.3,(ug/g)/(ug/L)^N,0.9,65.3,10.39,536.86757407360722,51.67156632084766,,
961,Umeh,2021,Environmental Science & Technology, 10.1021/acs.est.0c07202,soil,Soil56,PFOS,PFSA,C8HF17O3S,499.93739999999997,0.1,-,0,0,0,0.99998619634789743,0,1.3803652102587262E-5,1,0,-0.99998619634789743,498.93741380365208,96485,-193.37829853063758,8,17,0.29721362229102166,64.60808893273439,8,2.0166155475571776,5,4.96,1:5 MQ,24.013349999999999,430,2.401335,3.5883400000000001,133,0.35883399999999999,DCB,21.3,not reported,40.5,32.4,27.1,not reported,100,1.4,1.3999999999999999E-2,10 mM NaNO3 + 200 ppm NaN3,100,-,5,500,81.117453370296147,5794.1038121640113,3.7629862721321703,1.909114307810408,Calculated in this study at Cw = 10% S,129.55000000000001,(ug/g)/(ug/L)^N,0.8,129.55000000000001,10.39,842.81034051737709,81.117453370296147,,
962,Umeh,2021,Environmental Science & Technology, 10.1021/acs.est.0c07202,soil,Soil57,PFOS,PFSA,C8HF17O3S,499.93739999999997,0.1,-,0,0,0,0.99990450986063539,0,9.5490139364630224E-5,1,0,-0.99990450986063539,498.93749549013933,96485,-193.36247026118741,8,17,0.29721362229102166,64.60808893273439,8,2.0166155475571776,5,4.12,1:5 MQ,89.016929999999988,1594,8.9016929999999981,10.49522,389,1.0495220000000001,DCB,26.9,not reported,58.8,20.5,20.8,not reported,100.1,1.9,1.9E-2,10 mM NaNO3 + 200 ppm NaN3,100,-,5,500,68.563189070223302,3608.5888984328053,3.5573374087118728,1.8360910096647016,Calculated in this study at Cw = 10% S,109.5,(ug/g)/(ug/L)^N,0.8,109.5,10.39,712.37153443962018,68.563189070223302,,
963,Umeh,2021,Environmental Science & Technology, 10.1021/acs.est.0c07202,soil,Soil58,PFOS,PFSA,C8HF17O3S,499.93739999999997,0.1,-,0,0,0,0.9999991682369207,0,8.3176307927227358E-7,1,0,-0.9999991682369207,498.937400831763,96485,-193.38081207480596,8,17,0.29721362229102166,64.60808893273439,8,2.0166155475571776,5,6.18,1:5 MQ,13.011884999999999,233,1.3011884999999999,2.4012200000000004,89,0.24012200000000003,DCB,33.6,not reported,46.6,34.9,15.8,not reported,97.3,2.6,2.6000000000000002E-2,10 mM NaNO3 + 200 ppm NaN3,100,-,5,500,57.210631623235614,2200.408908585985,3.3425033945679949,1.7574767425388131,Calculated in this study at Cw = 10% S,72.3,(ug/g)/(ug/L)^N,0.9,72.3,10.39,594.41846256541805,57.210631623235614,,
964,Umeh,2021,Environmental Science & Technology, 10.1021/acs.est.0c07202,soil,Soil59,PFOS,PFSA,C8HF17O3S,499.93739999999997,0.1,-,0,0,0,0.99974302647408986,0,2.5697352591015778E-4,1,0,-0.99974302647408986,498.93765697352586,96485,-193.3311798801966,8,17,0.29721362229102166,64.60808893273439,8,2.0166155475571776,5,3.69,1:5 MQ,49.199444999999997,881,4.9199444999999997,5.98956,222,0.59895600000000004,DCB,24,not reported,41.9,56.4,1.7,not reported,100,5.4,5.4000000000000006E-2,10 mM NaNO3 + 200 ppm NaN3,100,-,5,500,140.85051768929378,2608.3429201721069,3.4163646877302076,2.1487584475531762,Calculated in this study at Cw = 10% S,178,(ug/g)/(ug/L)^N,0.9,178,10.39,1463.4368787917624,140.85051768929378,,
965,Umeh,2021,Environmental Science & Technology, 10.1021/acs.est.0c07202,soil,Soil60,PFOS,PFSA,C8HF17O3S,499.93739999999997,0.1,-,0,0,0,0.99999924142300045,0,7.5857699958968139E-7,1,0,-0.99999924142300045,498.93740075857698,96485,-193.38082625596707,8,17,0.29721362229102166,64.60808893273439,8,2.0166155475571776,5,6.22,1:5 MQ,312.22939500000001,5591,31.222939500000003,3.5883400000000001,133,0.35883399999999999,DCB,28.3,not reported,57.1,32.700000000000003,10.199999999999999,not reported,100.00000000000001,2.8,2.7999999999999997E-2,10 mM NaNO3 + 200 ppm NaN3,100,-,5,500,47.952479617815747,1712.5885577791339,3.2336530380683493,1.6808110694105685,Calculated in this study at Cw = 10% S,60.6,(ug/g)/(ug/L)^N,0.9,60.6,10.39,498.22626322910565,47.952479617815747,,
966,Umeh,2021,Environmental Science & Technology, 10.1021/acs.est.0c07202,soil,Soil61,PFOS,PFSA,C8HF17O3S,499.93739999999997,0.1,-,0,0,0,0.99999992237529434,0,7.7624705637273547E-8,1,0,-0.99999992237529434,498.93740007762466,96485,-193.38095820311156,8,17,0.29721362229102166,64.60808893273439,8,2.0166155475571776,5,7.21,1:5 MQ,26.805599999999998,480,2.6805599999999998,2.4012200000000004,89,0.24012200000000003,DCB,49,not reported,43.4,32.4,24.2,not reported,100,3.1,3.1E-2,10 mM NaNO3 + 200 ppm NaN3,100,-,5,500,51.038530286289038,1646.4042027835173,3.2165364660452775,1.7078981598795502,Calculated in this study at Cw = 10% S,64.5,(ug/g)/(ug/L)^N,0.9,64.5,10.39,530.29032967454316,51.038530286289038,,
967,Umeh,2021,Environmental Science & Technology, 10.1021/acs.est.0c07202,soil,Soil62,PFOS,PFSA,C8HF17O3S,499.93739999999997,0.1,-,0,0,0,0.99999969800491917,0,3.0199508083914471E-7,1,0,-0.99999969800491917,498.93740030199507,96485,-193.3809147271873,8,17,0.29721362229102166,64.60808893273439,8,2.0166155475571776,5,6.62,1:5 MQ,36.801854999999996,659,3.6801854999999994,4.2088799999999997,156,0.42088799999999998,DCB,27.2,not reported,52.8,34.299999999999997,12.9,not reported,100,1.7,1.7000000000000001E-2,10 mM NaNO3 + 200 ppm NaN3,100,-,5,500,63.05308803078983,3709.0051782817545,3.5692574396639087,1.7997063610421826,Calculated in this study at Cw = 10% S,100.7,(ug/g)/(ug/L)^N,0.8,100.7,10.39,655.12158463990636,63.05308803078983,,
968,Umeh,2021,Environmental Science & Technology, 10.1021/acs.est.0c07202,soil,Soil63,PFOS,PFSA,C8HF17O3S,499.93739999999997,0.1,-,0,0,0,0.9999964518786969,0,3.5481213031263005E-6,1,0,-0.9999964518786969,498.93740354812127,96485,-193.38028572999212,8,17,0.29721362229102166,64.60808893273439,8,2.0166155475571776,5,5.55,1:5 MQ,76.786874999999995,1375,7.6786874999999997,9.6048800000000014,356,0.96048800000000012,DCB,17.3,not reported,45.9,26.6,27.4,not reported,99.9,1.8,1.8000000000000002E-2,10 mM NaNO3 + 200 ppm NaN3,100,-,5,500,42.139749994758247,2341.0972219310133,3.3694194496092353,1.6246919547125414,Calculated in this study at Cw = 10% S,67.3,(ug/g)/(ug/L)^N,0.8,67.3,10.39,437.83200244553819,42.139749994758247,,
969,Umeh,2021,Environmental Science & Technology, 10.1021/acs.est.0c07202,soil,Soil64,PFOS,PFSA,C8HF17O3S,499.93739999999997,0.1,-,0,0,0,0.99999965326326978,0,3.4673673022612973E-7,1,0,-0.99999965326326978,498.93740034673669,96485,-193.3809060576624,8,17,0.29721362229102166,64.60808893273439,8,2.0166155475571776,5,6.56,1:5 MQ,18.205470000000002,326,1.8205470000000001,1.51088,56,0.151088,DCB,41.8,not reported,41.1,40.5,18.399999999999999,not reported,100,1.6,1.6E-2,10 mM NaNO3 + 200 ppm NaN3,100,-,5,500,30.18032614780606,1886.2703842378787,3.2756039460714894,1.4797239287274142,Calculated in this study at Cw = 10% S,48.2,(ug/g)/(ug/L)^N,0.8,48.2,10.39,313.57358867570497,30.18032614780606,,
970,Umeh,2021,Environmental Science & Technology, 10.1021/acs.est.0c07202,soil,Soil65,PFOS,PFSA,C8HF17O3S,499.93739999999997,0.1,-,0,0,0,0.99994376902958082,0,5.6230970419192664E-5,1,0,-0.99994376902958082,498.93745623097038,96485,-193.37007745146389,8,17,0.29721362229102166,64.60808893273439,8,2.0166155475571776,5,4.3499999999999996,1:5 MQ,9.60534,172,0.960534,2.698,100,0.26979999999999998,DCB,9.4,not reported,47.4,44,8.6999999999999993,not reported,100.10000000000001,1.3,1.3000000000000001E-2,10 mM NaNO3 + 200 ppm NaN3,100,-,5,500,28.740186103408671,2210.7835464160516,3.3445462237189889,1.4584895760258259,Calculated in this study at Cw = 10% S,45.9,(ug/g)/(ug/L)^N,0.8,45.9,10.39,298.61053361441611,28.740186103408671,,
971,Umeh,2021,Environmental Science & Technology, 10.1021/acs.est.0c07202,soil,Soil66,PFOS,PFSA,C8HF17O3S,499.93739999999997,0.1,-,0,0,0,0.99996688798429367,0,3.3112015706369511E-5,1,0,-0.99996688798429367,498.9374331120157,96485,-193.37455717719939,8,17,0.29721362229102166,64.60808893273439,8,2.0166155475571776,5,4.58,1:5 MQ,103.20156,1848,10.320156000000001,15.891219999999999,589,1.5891219999999999,DCB,26,not reported,68.8,21,10.199999999999999,not reported,100,1,0.01,10 mM NaNO3 + 200 ppm NaN3,100,-,5,500,55.163625178873723,5516.3625178873717,3.7416527989006125,1.7416527989006123,Calculated in this study at Cw = 10% S,88.1,(ug/g)/(ug/L)^N,0.8,88.1,10.39,573.15006560849804,55.163625178873723,,
972,Umeh,2021,Environmental Science & Technology, 10.1021/acs.est.0c07202,soil,Soil67,PFOS,PFSA,C8HF17O3S,499.93739999999997,0.1,-,0,0,0,0.99972465296653645,0,2.7534703346352183E-4,1,0,-0.99972465296653645,498.93767534703346,96485,-193.32761967591466,8,17,0.29721362229102166,64.60808893273439,8,2.0166155475571776,5,3.66,1:5 MQ,88.626014999999995,1587,8.8626015000000002,5.3959999999999999,200,0.53959999999999997,DCB,24.3,not reported,41.2,56.7,2.2000000000000002,not reported,100.10000000000001,3.9,3.9E-2,10 mM NaNO3 + 200 ppm NaN3,100,-,5,500,114.4034887820299,2933.422789282818,3.4673746616235239,2.058439268650023,Calculated in this study at Cw = 10% S,230.9,(ug/g)/(ug/L)^N,0.7,230.9,10.39,1188.6522484452908,114.4034887820299,,
973,Umeh,2021,Environmental Science & Technology, 10.1021/acs.est.0c07202,soil,Soil68,PFOS,PFSA,C8HF17O3S,499.93739999999997,0.1,-,0,0,0,0.99996764168140173,0,3.2358318598298044E-5,1,0,-0.99996764168140173,498.93743235831857,96485,-193.37470321998268,8,17,0.29721362229102166,64.60808893273439,8,2.0166155475571776,5,4.59,1:5 MQ,80.584334999999996,1443,8.0584334999999996,5.3959999999999999,200,0.53959999999999997,DCB,19.399999999999999,not reported,36.200000000000003,31.7,32.1,not reported,100,0.9,9.0000000000000011E-3,10 mM NaNO3 + 200 ppm NaN3,100,-,5,500,37.193182016175925,4132.5757795751024,3.6162208260304332,1.5704633354697579,Calculated in this study at Cw = 10% S,59.4,(ug/g)/(ug/L)^N,0.8,59.4,10.39,386.4371611480679,37.193182016175925,,
974,Umeh,2021,Environmental Science & Technology, 10.1021/acs.est.0c07202,soil,Soil69,PFOS,PFSA,C8HF17O3S,499.93739999999997,0.1,-,0,0,0,0.99997181696499315,0,2.8183035006796315E-5,1,0,-0.99997181696499315,498.93742818303497,96485,-193.37551225856899,8,17,0.29721362229102166,64.60808893273439,8,2.0166155475571776,5,4.6500000000000004,1:5 MQ,24.795180000000002,444,2.4795180000000001,3.29156,122,0.329156,DCB,14.5,not reported,30.1,34.1,35.799999999999997,not reported,100,2.1,2.1000000000000001E-2,10 mM NaNO3 + 200 ppm NaN3,100,-,5,500,43.997530549347147,2095.1205023498642,3.3212090067775284,1.6434283015114477,Calculated in this study at Cw = 10% S,88.8,(ug/g)/(ug/L)^N,0.7,88.8,10.39,457.13434240771687,43.997530549347147,,
975,Umeh,2021,Environmental Science & Technology, 10.1021/acs.est.0c07202,soil,Soil70,PFOS,PFSA,C8HF17O3S,499.93739999999997,0.1,-,0,0,0,0.99998952882416614,0,1.0471175833837499E-5,1,0,-0.99998952882416614,498.93741047117584,96485,-193.37894425973028,8,17,0.29721362229102166,64.60808893273439,8,2.0166155475571776,5,5.08,1:5 MQ,0,0,0,35.991320000000002,1334,3.599132,DCB,9.6,not reported,41.3,15,43.8,not reported,100.1,3,0.03,10 mM NaNO3 + 200 ppm NaN3,100,-,5,500,67.086324734027073,2236.2108244675692,3.3495127453623099,1.8266340000819723,Calculated in this study at Cw = 10% S,135.4,(ug/g)/(ug/L)^N,0.7,135.4,10.39,697.02691398654133,67.086324734027073,,
976,Umeh,2021,Environmental Science & Technology, 10.1021/acs.est.0c07202,soil,Soil71,PFOS,PFSA,C8HF17O3S,499.93739999999997,0.1,-,0,0,0,0.99997910747519814,0,2.0892524801828004E-5,1,0,-0.99997910747519814,498.93742089252476,96485,-193.37692493008601,8,17,0.29721362229102166,64.60808893273439,8,2.0166155475571776,5,4.78,1:5 MQ,0,0,0,25.79288,956,2.579288,DCB,7,not reported,40.4,38,21.6,not reported,100,2.9,2.8999999999999998E-2,10 mM NaNO3 + 200 ppm NaN3,100,-,5,500,49.52829457036222,1707.8722265642145,3.2324553760872852,1.694853373986241,Calculated in this study at Cw = 10% S,79.099999999999994,(ug/g)/(ug/L)^N,0.8,79.099999999999994,10.39,514.59898058606348,49.52829457036222,,
977,Umeh,2021,Environmental Science & Technology, 10.1021/acs.est.0c07202,soil,Soil72,PFOS,PFSA,C8HF17O3S,499.93739999999997,0.1,-,0,0,0,0.99999942456039381,0,5.7543960620622459E-7,1,0,-0.99999942456039381,498.9374005754396,96485,-193.38086174223579,8,17,0.29721362229102166,64.60808893273439,8,2.0166155475571776,5,6.34,1:5 MQ,54.002114999999996,967,5.4002114999999993,5.0992199999999999,189,0.50992199999999999,DCB,47,not reported,32.299999999999997,37.1,30.6,not reported,100,3,0.03,10 mM NaNO3 + 200 ppm NaN3,100,-,5,500,35.627812402700506,1187.5937467566837,3.0746679021639731,1.5517891568836357,Calculated in this study at Cw = 10% S,56.9,(ug/g)/(ug/L)^N,0.8,56.9,10.39,370.1729708640583,35.627812402700506,,
978,Umeh,2021,Environmental Science & Technology, 10.1021/acs.est.0c07202,soil,Soil73,PFOS,PFSA,C8HF17O3S,499.93739999999997,0.1,-,0,0,0,0.99999938340537831,0,6.1659462167231962E-7,1,0,-0.99999938340537831,498.93740061659463,96485,-193.38085376768777,8,17,0.29721362229102166,64.60808893273439,8,2.0166155475571776,5,6.31,1:5 MQ,83.823345000000003,1501,8.3823345000000007,8.3907800000000012,311,0.8390780000000001,DCB,33.799999999999997,not reported,31.3,61.1,7.6,not reported,100,2.5,2.5000000000000001E-2,10 mM NaNO3 + 200 ppm NaN3,100,-,5,500,24.451016834826838,978.04067339307346,2.9903569159970793,1.3882969246691168,Calculated in this study at Cw = 10% S,30.9,(ug/g)/(ug/L)^N,0.9,30.9,10.39,254.04606491385087,24.451016834826838,,
979,Umeh,2021,Environmental Science & Technology, 10.1021/acs.est.0c07202,soil,Soil74,PFOS,PFSA,C8HF17O3S,499.93739999999997,0.1,-,0,0,0,0.99997181696499315,0,2.8183035006796315E-5,1,0,-0.99997181696499315,498.93742818303497,96485,-193.37551225856899,8,17,0.29721362229102166,64.60808893273439,8,2.0166155475571776,5,4.6500000000000004,1:5 MQ,52.605989999999998,942,5.260599,4.2088799999999997,156,0.42088799999999998,DCB,49.2,not reported,49.4,47.4,3.2,not reported,100,2.6,2.6000000000000002E-2,10 mM NaNO3 + 200 ppm NaN3,100,-,5,500,35.189508910927394,1353.4426504202843,3.1314398580868077,1.5464132060576257,Calculated in this study at Cw = 10% S,56.2,(ug/g)/(ug/L)^N,0.8,56.2,10.39,365.61899758453563,35.189508910927394,,
981,Umeh,2021,Environmental Science & Technology, 10.1021/acs.est.0c07202,soil,Soil76,PFOS,PFSA,C8HF17O3S,499.93739999999997,0.1,-,0,0,0,0.99996688798429367,0,3.3112015706369511E-5,1,0,-0.99996688798429367,498.9374331120157,96485,-193.37455717719939,8,17,0.29721362229102166,64.60808893273439,8,2.0166155475571776,5,4.58,1:5 MQ,75.223214999999996,1347,7.5223214999999994,9.0113199999999996,334,0.90113199999999993,DCB,20.5,not reported,28,37,35,not reported,100,1.7,1.7000000000000001E-2,10 mM NaNO3 + 200 ppm NaN3,100,-,5,500,43.016356978304479,2530.3739399002634,3.4031847061698408,1.6336336275481149,Calculated in this study at Cw = 10% S,68.7,(ug/g)/(ug/L)^N,0.8,68.7,10.39,446.93994900458358,43.016356978304479,,
982,Umeh,2021,Environmental Science & Technology, 10.1021/acs.est.0c07202,soil,Soil77,PFOS,PFSA,C8HF17O3S,499.93739999999997,0.1,-,0,0,0,0.99999563486073217,0,4.3651392678776466E-6,1,0,-0.99999563486073217,498.93740436513929,96485,-193.38012741760102,8,17,0.29721362229102166,64.60808893273439,8,2.0166155475571776,5,5.46,1:5 MQ,21.612015,387,2.1612014999999998,3.9120999999999997,145,0.39120999999999995,DCB,34.5,not reported,46.8,34.299999999999997,18.899999999999999,not reported,100,1.3,1.3000000000000001E-2,10 mM NaNO3 + 200 ppm NaN3,100,-,5,500,31.709931927457401,2439.2255328813385,3.3872519574098972,1.5011953097167339,Calculated in this study at Cw = 10% S,64,(ug/g)/(ug/L)^N,0.7,64,10.39,329.46619272628243,31.709931927457401,,
983,Umeh,2021,Environmental Science & Technology, 10.1021/acs.est.0c07202,soil,Soil78,PFOS,PFSA,C8HF17O3S,499.93739999999997,0.1,-,0,0,0,0.99997910747519814,0,2.0892524801828004E-5,1,0,-0.99997910747519814,498.93742089252476,96485,-193.37692493008601,8,17,0.29721362229102166,64.60808893273439,8,2.0166155475571776,5,4.78,1:5 MQ,21.388634999999997,383,2.1388634999999998,3.9120999999999997,145,0.39120999999999995,DCB,12.1,not reported,36.9,20.5,42.6,not reported,100,3.5,3.5000000000000003E-2,10 mM NaNO3 + 200 ppm NaN3,100,-,5,500,62.677399323555726,1790.7828378158777,3.2530429236176075,1.7971109679678832,Calculated in this study at Cw = 10% S,100.1,(ug/g)/(ug/L)^N,0.8,100.1,10.39,651.21817897174401,62.677399323555726,,
984,Umeh,2021,Environmental Science & Technology, 10.1021/acs.est.0c07202,soil,Soil79,PFOS,PFSA,C8HF17O3S,499.93739999999997,0.1,-,0,0,0,0.99998094575589147,0,1.9054244108495825E-5,1,0,-0.99998094575589147,498.93741905424406,96485,-193.37728113105828,8,17,0.29721362229102166,64.60808893273439,8,2.0166155475571776,5,4.82,1:5 MQ,10.778084999999999,193,1.0778084999999999,1.51088,56,0.151088,DCB,11.8,not reported,36.1,38,25.9,not reported,100,1.5,1.4999999999999999E-2,10 mM NaNO3 + 200 ppm NaN3,100,-,5,500,53.786099919015356,3585.7399946010237,3.5545787952641255,1.7306700543198068,Calculated in this study at Cw = 10% S,85.9,(ug/g)/(ug/L)^N,0.8,85.9,10.39,558.83757815856961,53.786099919015356,,
985,Umeh,2021,Environmental Science & Technology, 10.1021/acs.est.0c07202,soil,Soil80,PFOS,PFSA,C8HF17O3S,499.93739999999997,0.1,-,0,0,0,0.99999573422300891,0,4.2657769910849565E-6,1,0,-0.99999573422300891,498.93740426577699,96485,-193.38014667088586,8,17,0.29721362229102166,64.60808893273439,8,2.0166155475571776,5,5.47,1:5 MQ,34.791435,623,3.4791435000000002,2.4012200000000004,89,0.24012200000000003,DCB,22.5,not reported,20.3,39.200000000000003,40.6,not reported,100.1,1.9,1.9E-2,10 mM NaNO3 + 200 ppm NaN3,100,-,5,500,40.636995165821851,2138.7892192537815,3.3301679863361047,1.6089215872889338,Calculated in this study at Cw = 10% S,64.900000000000006,(ug/g)/(ug/L)^N,0.8,64.900000000000006,10.39,422.21837977288902,40.636995165821851,,
986,Umeh,2021,Environmental Science & Technology, 10.1021/acs.est.0c07202,soil,Soil81,PFOS,PFSA,C8HF17O3S,499.93739999999997,0.1,-,0,0,0,0.99998378216204897,0,1.6217837951055827E-5,1,0,-0.99998378216204897,498.93741621783789,96485,-193.37783073735298,8,17,0.29721362229102166,64.60808893273439,8,2.0166155475571776,5,4.8899999999999997,1:5 MQ,0,0,0,23.68844,878,2.3688440000000002,DCB,7.6,not reported,32.9,23.6,43.5,not reported,100,2.9,2.8999999999999998E-2,10 mM NaNO3 + 200 ppm NaN3,100,-,5,500,65.550374906290855,2260.3577553893401,3.3541771820213917,1.8165751799203478,Calculated in this study at Cw = 10% S,132.30000000000001,(ug/g)/(ug/L)^N,0.7,132.30000000000001,10.39,681.06839527636203,65.550374906290855,,
987,Umeh,2021,Environmental Science & Technology, 10.1021/acs.est.0c07202,soil,Soil82,PFOS,PFSA,C8HF17O3S,499.93739999999997,0.1,-,0,0,0,0.99998554581121912,0,1.4454188780866049E-5,1,0,-0.99998554581121912,498.93741445418874,96485,-193.37817247709006,8,17,0.29721362229102166,64.60808893273439,8,2.0166155475571776,5,4.9400000000000004,1:5 MQ,112.02507,2006,11.202507000000001,22.798099999999998,845,2.2798099999999999,DCB,18,not reported,23.3,28.5,48.2,not reported,100,2.4,2.4E-2,10 mM NaNO3 + 200 ppm NaN3,100,-,5,500,48.060365577552624,2002.515232398026,3.3015758282874854,1.6817870699990916,Calculated in this study at Cw = 10% S,97,(ug/g)/(ug/L)^N,0.7,97,10.39,499.34719835077181,48.060365577552624,,
988,Umeh,2021,Environmental Science & Technology, 10.1021/acs.est.0c07202,soil,Soil83,PFOS,PFSA,C8HF17O3S,499.93739999999997,0.1,-,0,0,0,0.99999943765899102,0,5.6234100896276051E-7,1,0,-0.99999943765899102,498.93740056234094,96485,-193.38086428033213,8,17,0.29721362229102166,64.60808893273439,8,2.0166155475571776,5,6.35,1:5 MQ,53.611199999999997,960,5.3611199999999997,5.98956,222,0.59895600000000004,DCB,35.4,not reported,29.6,43,27.4,not reported,100,1.6,1.6E-2,10 mM NaNO3 + 200 ppm NaN3,100,-,5,500,37.631485507949044,2351.9678442468153,3.3714313798353794,1.575551362491304,Calculated in this study at Cw = 10% S,60.1,(ug/g)/(ug/L)^N,0.8,60.1,10.39,390.99113442759062,37.631485507949044,,
989,Umeh,2021,Environmental Science & Technology, 10.1021/acs.est.0c07202,soil,Soil84,PFOS,PFSA,C8HF17O3S,499.93739999999997,0.1,-,0,0,0,0.99999841510931942,0,1.5848906805786579E-6,1,0,-0.99999841510931942,498.93740158489061,96485,-193.38066614235672,8,17,0.29721362229102166,64.60808893273439,8,2.0166155475571776,5,5.9,1:5 MQ,154.80233999999999,2772,15.480233999999999,14.7041,545,1.47041,DCB,41.9,not reported,23.3,42,34.799999999999997,not reported,100.1,2.5,2.5000000000000001E-2,10 mM NaNO3 + 200 ppm NaN3,100,-,5,500,30.917183629270966,1236.6873451708386,3.0922599167432332,1.4901999254152707,Calculated in this study at Cw = 10% S,62.4,(ug/g)/(ug/L)^N,0.7,62.4,10.39,321.22953790812534,30.917183629270966,,
990,Umeh,2021,Environmental Science & Technology, 10.1021/acs.est.0c07202,soil,Soil85,PFOS,PFSA,C8HF17O3S,499.93739999999997,0.1,-,0,0,0,0.99999935434618781,0,6.4565381216553922E-7,1,0,-0.99999935434618781,498.93740064565378,96485,-193.38084813693033,8,17,0.29721362229102166,64.60808893273439,8,2.0166155475571776,5,6.29,1:5 MQ,61.820415000000004,1107,6.1820415000000004,8.3907800000000012,311,0.8390780000000001,DCB,35.1,not reported,27.5,36.1,36.5,not reported,100.1,1.6,1.6E-2,10 mM NaNO3 + 200 ppm NaN3,100,-,5,500,30.994318346813273,1937.1448966758296,3.2871621067662087,1.4912820894221333,Calculated in this study at Cw = 10% S,49.5,(ug/g)/(ug/L)^N,0.8,49.5,10.39,322.03096762338993,30.994318346813273,,
991,Umeh,2021,Environmental Science & Technology, 10.1021/acs.est.0c07202,soil,Soil86,PFOS,PFSA,C8HF17O3S,499.93739999999997,0.1,-,0,0,0,0.99999960189298798,0,3.9810701206424001E-7,1,0,-0.99999960189298798,498.937400398107,96485,-193.38089610371694,8,17,0.29721362229102166,64.60808893273439,8,2.0166155475571776,5,6.5,1:5 MQ,158.82317999999998,2844,15.882317999999998,15.891219999999999,589,1.5891219999999999,DCB,39.9,not reported,50.8,16,33.299999999999997,not reported,100.1,2.2000000000000002,2.2000000000000002E-2,10 mM NaNO3 + 200 ppm NaN3,100,-,5,500,40.826537356601413,1855.7516980273367,3.2685198666077562,1.6109425474299626,Calculated in this study at Cw = 10% S,82.4,(ug/g)/(ug/L)^N,0.7,82.4,10.39,424.18772313508867,40.826537356601413,,
992,Umeh,2021,Environmental Science & Technology, 10.1021/acs.est.0c07202,soil,Soil87,PFOS,PFSA,C8HF17O3S,499.93739999999997,0.1,-,0,0,0,0.99999958313079029,0,4.1686920969032374E-7,1,0,-0.99999958313079029,498.9374004168692,96485,-193.38089246819291,8,17,0.29721362229102166,64.60808893273439,8,2.0166155475571776,5,6.48,1:5 MQ,158.82317999999998,2844,15.882317999999998,15.891219999999999,589,1.5891219999999999,DCB,39.9,not reported,32.200000000000003,34.1,33.700000000000003,not reported,100.00000000000001,2.2000000000000002,2.2000000000000002E-2,10 mM NaNO3 + 200 ppm NaN3,100,-,5,500,25.985135583691932,1181.1425265314513,3.0723023063784507,1.4147249872006571,Calculated in this study at Cw = 10% S,41.5,(ug/g)/(ug/L)^N,0.8,41.5,10.39,269.9855587145592,25.985135583691932,,
993,Umeh,2021,Environmental Science & Technology, 10.1021/acs.est.0c07202,soil,Soil88,PFOS,PFSA,C8HF17O3S,499.93739999999997,0.1,-,0,0,0,0.99999978620383678,0,2.137961632414136E-7,1,0,-0.99999978620383678,498.93740021379614,96485,-193.38093181736446,8,17,0.29721362229102166,64.60808893273439,8,2.0166155475571776,5,6.77,1:5 MQ,80.807715000000002,1447,8.0807715000000009,10.49522,389,1.0495220000000001,DCB,50.9,not reported,24,37,39.1,not reported,100.1,2.2000000000000002,2.2000000000000002E-2,10 mM NaNO3 + 200 ppm NaN3,100,-,5,500,18.972279715322067,862.37635069645751,2.9356968381686634,1.2781195189908696,Calculated in this study at Cw = 10% S,30.3,(ug/g)/(ug/L)^N,0.8,30.3,10.39,197.12198624219627,18.972279715322067,,
994,Umeh,2021,Environmental Science & Technology, 10.1021/acs.est.0c07202,soil,Soil89,PFOS,PFSA,C8HF17O3S,499.93739999999997,0.1,-,0,0,0,0.99999927556456469,0,7.2443543526790742E-7,1,0,-0.99999927556456469,498.93740072443541,96485,-193.38083287152875,8,17,0.29721362229102166,64.60808893273439,8,2.0166155475571776,5,6.24,1:5 MQ,148.603545,2661,14.8603545,17.698880000000003,656,1.7698880000000003,DCB,43.3,not reported,17.600000000000001,33.1,49.3,not reported,100,2.8,2.7999999999999997E-2,10 mM NaNO3 + 200 ppm NaN3,100,-,5,500,21.226411958726665,758.0861413830952,2.8797185573494275,1.3268765886916467,Calculated in this study at Cw = 10% S,33.9,(ug/g)/(ug/L)^N,0.8,33.9,10.39,220.54242025117006,21.226411958726665,,
995,Umeh,2021,Environmental Science & Technology, 10.1021/acs.est.0c07202,soil,Soil90,PFOS,PFSA,C8HF17O3S,499.93739999999997,0.1,-,0,0,0,0.99999996369219579,0,3.6307804158753317E-8,1,0,-0.99999996369219579,498.93740003630774,96485,-193.380966209028,8,17,0.29721362229102166,64.60808893273439,8,2.0166155475571776,5,7.54,1:5 MQ,57.017744999999998,1021,5.7017745,9.6048800000000014,356,0.96048800000000012,DCB,39.9,not reported,49.7,23,27.3,not reported,100,1.9,1.9E-2,10 mM NaNO3 + 200 ppm NaN3,100,-,5,500,21.839743192272518,1149.460168014343,3.0604939263566711,1.3392475273094999,Calculated in this study at Cw = 10% S,27.6,(ug/g)/(ug/L)^N,0.9,27.6,10.39,226.91493176771149,21.839743192272518,,
996,Umeh,2021,Environmental Science & Technology, 10.1021/acs.est.0c07202,soil,Soil91,PFOS,PFSA,C8HF17O3S,499.93739999999997,0.1,-,0,0,0,0.99999998004737722,0,1.995262275158161E-8,1,0,-0.99999998004737722,498.93740001995263,96485,-193.38096937814788,8,17,0.29721362229102166,64.60808893273439,8,2.0166155475571776,5,7.8,1:5 MQ,59.195699999999995,1060,5.9195699999999993,9.9016599999999997,367,0.99016599999999999,DCB,40.1,not reported,42.6,4.8,52.6,not reported,100,1.6,1.6E-2,10 mM NaNO3 + 200 ppm NaN3,100,-,5,500,19.410583207095179,1213.1614504434488,3.0839186016669125,1.2880385843228372,Calculated in this study at Cw = 10% S,31,(ug/g)/(ug/L)^N,0.8,31,10.39,201.67595952171894,19.410583207095179,,
997,Umeh,2021,Environmental Science & Technology, 10.1021/acs.est.0c07202,soil,Soil92,PFOS,PFSA,C8HF17O3S,499.93739999999997,0.1,-,0,0,0,0.99999462971087649,0,5.3702891235423617E-6,1,0,-0.99999462971087649,498.93740537028913,96485,-193.3799326511658,8,17,0.29721362229102166,64.60808893273439,8,2.0166155475571776,5,5.37,1:5 MQ,115.37577,2066,11.537577000000001,15.00088,556,1.5000880000000001,DCB,33.9,not reported,19.8,30.8,49.4,not reported,100,2,0.02,10 mM NaNO3 + 200 ppm NaN3,100,-,5,500,33.624139297451975,1681.2069648725987,3.225621180524139,1.5266511761881201,Calculated in this study at Cw = 10% S,53.7,(ug/g)/(ug/L)^N,0.8,53.7,10.39,349.35480730052603,33.624139297451975,,
998,Umeh,2021,Environmental Science & Technology, 10.1021/acs.est.0c07202,soil,Soil93,PFOS,PFSA,C8HF17O3S,499.93739999999997,0.1,-,0,0,0,0.99999718162501194,0,2.8183749880044879E-6,1,0,-0.99999718162501194,498.93740281837495,96485,-193.3804271318821,8,17,0.29721362229102166,64.60808893273439,8,2.0166155475571776,5,5.65,1:5 MQ,122.18886000000001,2188,12.218886000000001,15.29766,567,1.529766,DCB,33.5,not reported,25.6,30.1,44.2,not reported,99.9,1.9,1.9E-2,10 mM NaNO3 + 200 ppm NaN3,100,-,5,500,30.669449786087707,1614.1815676888268,3.2079523838001358,1.4867059847529647,Calculated in this study at Cw = 10% S,61.9,(ug/g)/(ug/L)^N,0.7,61.9,10.39,318.65558327745129,30.669449786087707,,
999,Umeh,2021,Environmental Science & Technology, 10.1021/acs.est.0c07202,soil,Soil94,PFOS,PFSA,C8HF17O3S,499.93739999999997,0.1,-,0,0,0,0.99999967640644782,0,3.2359355221680673E-7,1,0,-0.99999967640644782,498.93740032359358,96485,-193.38091054208263,8,17,0.29721362229102166,64.60808893273439,8,2.0166155475571776,5,6.59,1:5 MQ,148.99446,2668,14.899446000000001,31.809420000000003,1179,3.1809420000000004,DCB,24.4,not reported,69,13.6,17.399999999999999,not reported,100,1.5,1.4999999999999999E-2,10 mM NaNO3 + 200 ppm NaN3,100,-,5,500,16.405073549222376,1093.6715699481583,3.0388869227526287,1.2149781818083099,Calculated in this study at Cw = 10% S,26.2,(ug/g)/(ug/L)^N,0.8,26.2,10.39,170.44871417642051,16.405073549222376,,
1000,Umeh,2021,Environmental Science & Technology, 10.1021/acs.est.0c07202,soil,Soil95,PFOS,PFSA,C8HF17O3S,499.93739999999997,0.1,-,0,0,0,0.99999969800491917,0,3.0199508083914471E-7,1,0,-0.99999969800491917,498.93740030199507,96485,-193.3809147271873,8,17,0.29721362229102166,64.60808893273439,8,2.0166155475571776,5,6.62,1:5 MQ,156.58938000000001,2804,15.658938000000001,33.293320000000001,1234,3.329332,DCB,12.9,not reported,68.7,12.4,19,not reported,100.10000000000001,1.3,1.3000000000000001E-2,10 mM NaNO3 + 200 ppm NaN3,100,-,5,500,13.775252598583677,1059.6348152756673,3.0251562190039341,1.1390995713107708,Calculated in this study at Cw = 10% S,22,(ug/g)/(ug/L)^N,0.8,22,10.39,143.1248744992844,13.775252598583677,,
1001,Umeh,2021,Environmental Science & Technology, 10.1021/acs.est.0c07202,soil,Soil96,PFOS,PFSA,C8HF17O3S,499.93739999999997,0.1,-,0,0,0,0.99997958303741419,0,2.0416962585823003E-5,1,0,-0.99997958303741419,498.93742041696254,96485,-193.37701707908366,8,17,0.29721362229102166,64.60808893273439,8,2.0166155475571776,5,4.79,1:5 MQ,89.798760000000001,1608,8.9798760000000009,19.506540000000001,723,1.9506540000000001,DCB,8.1999999999999993,not reported,76.3,19.3,4.4000000000000004,not reported,100,1,0.01,10 mM NaNO3 + 200 ppm NaN3,100,-,5,500,23.042240710358147,2304.2240710358146,3.362524709162082,1.362524709162082,Calculated in this study at Cw = 10% S,36.799999999999997,(ug/g)/(ug/L)^N,0.8,36.799999999999997,10.39,239.40888098062118,23.042240710358147,,
1002,Umeh,2021,Environmental Science & Technology, 10.1021/acs.est.0c07202,soil,Soil97,PFOS,PFSA,C8HF17O3S,499.93739999999997,0.1,-,0,0,0,0.99997761328979029,0,2.2386710209669665E-5,1,0,-0.99997761328979029,498.93742238671013,96485,-193.37663540395798,8,17,0.29721362229102166,64.60808893273439,8,2.0166155475571776,5,4.75,1:5 MQ,93.987134999999995,1683,9.3987134999999995,20.396879999999999,756,2.0396879999999999,DCB,8,not reported,68.2,19,12.8,not reported,100,1.1000000000000001,1.1000000000000001E-2,10 mM NaNO3 + 200 ppm NaN3,100,-,5,500,18.972279715322067,1724.752701392915,3.2367268338326447,1.2781195189908696,Calculated in this study at Cw = 10% S,30.3,(ug/g)/(ug/L)^N,0.8,30.3,10.39,197.12198624219627,18.972279715322067,,
1003,Umeh,2021,Environmental Science & Technology, 10.1021/acs.est.0c07202,soil,Soil98,PFOS,PFSA,C8HF17O3S,499.93739999999997,0.1,-,0,0,0,0.99999929205471683,0,7.0794528319725796E-7,1,0,-0.99999929205471683,498.93740070794524,96485,-193.38083606680181,8,17,0.29721362229102166,64.60808893273439,8,2.0166155475571776,5,6.25,1:5 MQ,272.57944500000002,4881,27.257944500000001,53.096640000000001,1968,5.3096639999999997,DCB,24.3,not reported,27,43.5,29.5,not reported,100,2.4,2.4E-2,10 mM NaNO3 + 200 ppm NaN3,100,-,5,500,32.872761882983774,1369.6984117909906,3.1366249521829155,1.5168361938945214,Calculated in this study at Cw = 10% S,52.5,(ug/g)/(ug/L)^N,0.8,52.5,10.39,341.54799596420145,32.872761882983774,,
1004,Umeh,2021,Environmental Science & Technology, 10.1021/acs.est.0c07202,soil,Soil99,PFOS,PFSA,C8HF17O3S,499.93739999999997,0.1,-,0,0,0,0.99999865103893715,0,1.3489610628932487E-6,1,0,-0.99999865103893715,498.93740134896103,96485,-193.38071185809846,8,17,0.29721362229102166,64.60808893273439,8,2.0166155475571776,5,5.97,1:5 MQ,215.00325000000001,3850,21.500325,47.107080000000003,1746,4.7107080000000003,DCB,19.3,not reported,12.1,53.5,34.4,not reported,100,1,0.01,10 mM NaNO3 + 200 ppm NaN3,100,-,5,500,22.393649722511313,2239.3649722511313,3.3501248807685724,1.3501248807685724,Calculated in this study at Cw = 10% S,28.3,(ug/g)/(ug/L)^N,0.9,28.3,10.39,232.67002061689257,22.393649722511313,,
1005,Umeh,2021,Environmental Science & Technology, 10.1021/acs.est.0c07202,soil,Soil100,PFOS,PFSA,C8HF17O3S,499.93739999999997,0.1,-,0,0,0,0.99998554581121912,0,1.4454188780866049E-5,1,0,-0.99998554581121912,498.93741445418874,96485,-193.37817247709006,8,17,0.29721362229102166,64.60808893273439,8,2.0166155475571776,5,4.9400000000000004,1:5 MQ,237.620475,4255,23.762047500000001,50.101860000000002,1857,5.010186,DCB,14.1,not reported,12.7,52.1,35.200000000000003,not reported,100,2.4,2.4E-2,10 mM NaNO3 + 200 ppm NaN3,100,-,5,500,43.016356978304479,1792.3482074293534,3.253422385836509,1.6336336275481149,Calculated in this study at Cw = 10% S,68.7,(ug/g)/(ug/L)^N,0.8,68.7,10.39,446.93994900458358,43.016356978304479,,
1006,Umeh,2021,Environmental Science & Technology, 10.1021/acs.est.0c07202,soil,Soil101,PFOS,PFSA,C8HF17O3S,499.93739999999997,0.1,-,0,0,0,0.99999818030245269,0,1.8196975473047906E-6,1,0,-0.99999818030245269,498.93740181969753,96485,-193.38062064416883,8,17,0.29721362229102166,64.60808893273439,8,2.0166155475571776,5,5.84,1:5 MQ,148.603545,2661,14.8603545,22.204540000000001,823,2.2204540000000001,DCB,19.5,not reported,27.5,44.6,27.8,not reported,99.899999999999991,2.9,2.8999999999999998E-2,10 mM NaNO3 + 200 ppm NaN3,100,-,5,500,31.370007054047374,1081.7243811740475,3.0341166184568542,1.4965146163558103,Calculated in this study at Cw = 10% S,50.1,(ug/g)/(ug/L)^N,0.8,50.1,10.39,325.93437329155222,31.370007054047374,,
1007,Umeh,2021,Environmental Science & Technology, 10.1021/acs.est.0c07202,soil,Soil102,PFOS,PFSA,C8HF17O3S,499.93739999999997,0.1,-,0,0,0,0.99999922375348593,0,7.7624651406957183E-7,1,0,-0.99999922375348593,498.93740077624648,96485,-193.38082283217074,8,17,0.29721362229102166,64.60808893273439,8,2.0166155475571776,5,6.21,1:5 MQ,232.98534000000001,4172,23.298534,26.089659999999999,967,2.6089659999999997,DCB,22.1,not reported,15.2,50.2,34.6,not reported,100,1.9,1.9E-2,10 mM NaNO3 + 200 ppm NaN3,100,-,5,500,18.784435361705015,988.65449272131661,2.9950445442553981,1.273798145208227,Calculated in this study at Cw = 10% S,30,(ug/g)/(ug/L)^N,0.8,30,10.39,195.1702834081151,18.784435361705015,,
1008,Umeh,2021,Environmental Science & Technology, 10.1021/acs.est.0c07202,soil,Soil103,PFOS,PFSA,C8HF17O3S,499.93739999999997,0.1,-,0,0,0,0.99999952137013681,0,4.7862986323598187E-7,1,0,-0.99999952137013681,498.93740047862985,96485,-193.38088050092014,8,17,0.29721362229102166,64.60808893273439,8,2.0166155475571776,5,6.42,1:5 MQ,27.587430000000001,494,2.7587429999999999,9.0113199999999996,334,0.90113199999999993,DCB,34.9,not reported,34.299999999999997,23,42.7,not reported,100,1.4,1.3999999999999999E-2,10 mM NaNO3 + 200 ppm NaN3,100,-,5,500,17.09197293308284,1220.8552095059172,3.0866641607169751,1.2327921963952131,Calculated in this study at Cw = 10% S,21.6,(ug/g)/(ug/L)^N,0.9,21.6,10.39,177.58559877473073,17.09197293308284,,
1009,Umeh,2021,Environmental Science & Technology, 10.1021/acs.est.0c07202,soil,Soil104,PFOS,PFSA,C8HF17O3S,499.93739999999997,0.1,-,0,0,0,0.99999383408800013,0,6.1659119999096004E-6,1,0,-0.99999383408800013,498.93740616591202,96485,-193.37977848447119,8,17,0.29721362229102166,64.60808893273439,8,2.0166155475571776,5,5.31,1:5 MQ,55.621619999999993,996,5.5621619999999989,15.29766,567,1.529766,DCB,30.4,not reported,70.2,1.1000000000000001,28.7,not reported,100,1.3,1.3000000000000001E-2,10 mM NaNO3 + 200 ppm NaN3,100,-,5,500,29.992481794189008,2307.1139841683848,3.3630690515962911,1.4770124039031278,Calculated in this study at Cw = 10% S,47.9,(ug/g)/(ug/L)^N,0.8,47.9,10.39,311.62188584162379,29.992481794189008,,
1010,Umeh,2021,Environmental Science & Technology, 10.1021/acs.est.0c07202,soil,Soil105,PFOS,PFSA,C8HF17O3S,499.93739999999997,0.1,-,0,0,0,0.99999563486073217,0,4.3651392678776466E-6,1,0,-0.99999563486073217,498.93740436513929,96485,-193.38012741760102,8,17,0.29721362229102166,64.60808893273439,8,2.0166155475571776,5,5.46,1:5 MQ,314.18396999999999,5626,31.418396999999999,52.206300000000006,1935,5.2206300000000008,DCB,9.6,not reported,28,13.7,58.3,not reported,100,3,0.03,10 mM NaNO3 + 200 ppm NaN3,100,-,5,500,34.12505757376411,1137.5019191254703,3.0559521380455443,1.5330733927652069,Calculated in this study at Cw = 10% S,54.5,(ug/g)/(ug/L)^N,0.8,54.5,10.39,354.55934819140913,34.12505757376411,,
1011,Umeh,2021,Environmental Science & Technology, 10.1021/acs.est.0c07202,soil,Soil106,PFOS,PFSA,C8HF17O3S,499.93739999999997,0.1,-,0,0,0,0.99999258695254067,0,7.4130474593291472E-6,1,0,-0.99999258695254067,498.93740741304742,96485,-193.37953682883705,8,17,0.29721362229102166,64.60808893273439,8,2.0166155475571776,5,5.23,1:5 MQ,387.62014500000004,6941,38.762014500000006,61.48742,2279,6.1487420000000004,DCB,9.8000000000000007,not reported,51.4,6.6,42,not reported,100,2.2000000000000002,2.2000000000000002E-2,10 mM NaNO3 + 200 ppm NaN3,100,-,5,500,34.975240909363961,1589.7836776983618,3.2013380337711679,1.5437607145933743,Calculated in this study at Cw = 10% S,44.2,(ug/g)/(ug/L)^N,0.9,44.2,10.39,363.39275304829158,34.975240909363961,,
1012,Umeh,2021,Environmental Science & Technology, 10.1021/acs.est.0c07202,soil,Soil107,PFOS,PFSA,C8HF17O3S,499.93739999999997,0.1,-,0,0,0,0.99996284785742329,0,3.7152142576736807E-5,1,0,-0.99996284785742329,498.93743715214259,96485,-193.37377432774821,8,17,0.29721362229102166,64.60808893273439,8,2.0166155475571776,5,4.53,1:5 MQ,372.59783999999996,6672,37.259783999999996,68.124499999999998,2525,6.8124500000000001,DCB,9.4,not reported,34.799999999999997,18,47.2,not reported,100,3.4,3.4000000000000002E-2,10 mM NaNO3 + 200 ppm NaN3,100,-,5,500,46.961088404262533,1381.2084824783096,3.1402592368380096,1.6717381538802645,Calculated in this study at Cw = 10% S,75,(ug/g)/(ug/L)^N,0.8,75,10.39,487.92570852028774,46.961088404262533,,
1013,Umeh,2021,Environmental Science & Technology, 10.1021/acs.est.0c07202,soil,Soil108,PFOS,PFSA,C8HF17O3S,499.93739999999997,0.1,-,0,0,0,0.9999661167325008,0,3.3883267499201894E-5,1,0,-0.9999661167325008,498.93743388326749,96485,-193.37440773287102,8,17,0.29721362229102166,64.60808893273439,8,2.0166155475571776,5,4.57,1:5 MQ,397.00210499999997,7109,39.700210499999997,66.586640000000003,2468,6.6586639999999999,DCB,9.4,not reported,53.1,9.8000000000000007,37.1,not reported,100,3.2,3.2000000000000001E-2,10 mM NaNO3 + 200 ppm NaN3,100,-,5,500,56.973243110276137,1780.4138471961292,3.2505209633556449,1.7556709416755507,Calculated in this study at Cw = 10% S,72,(ug/g)/(ug/L)^N,0.9,72,10.39,591.95199591576909,56.973243110276137,,
1014,Umeh,2021,Environmental Science & Technology, 10.1021/acs.est.0c07202,soil,Soil109,PFOS,PFSA,C8HF17O3S,499.93739999999997,0.1,-,0,0,0,0.99998378216204897,0,1.6217837951055827E-5,1,0,-0.99998378216204897,498.93741621783789,96485,-193.37783073735298,8,17,0.29721362229102166,64.60808893273439,8,2.0166155475571776,5,4.8899999999999997,1:5 MQ,258.45066000000003,4628,25.845066000000003,37.79898,1401,3.7798980000000002,DCB,15.8,not reported,31.3,32.200000000000003,36.5,not reported,100,2,0.02,10 mM NaNO3 + 200 ppm NaN3,100,-,5,500,44.233392914783835,2211.6696457391918,3.3447202574667245,1.6457502531307056,Calculated in this study at Cw = 10% S,55.9,(ug/g)/(ug/L)^N,0.9,55.9,10.39,459.58495238460404,44.233392914783835,,
1015,Umeh,2021,Environmental Science & Technology, 10.1021/acs.est.0c07202,soil,Soil110,PFOS,PFSA,C8HF17O3S,499.93739999999997,0.1,-,0,0,0,0.99998378216204897,0,1.6217837951055827E-5,1,0,-0.99998378216204897,498.93741621783789,96485,-193.37783073735298,8,17,0.29721362229102166,64.60808893273439,8,2.0166155475571776,5,4.8899999999999997,1:5 MQ,388.40197499999999,6955,38.840197500000002,40.496980000000001,1501,4.0496980000000002,DCB,14.9,not reported,30.5,25.8,43.7,not reported,100,2,0.02,10 mM NaNO3 + 200 ppm NaN3,100,-,5,500,32.443096771129468,1622.1548385564734,3.2100923063000368,1.5111223019640179,Calculated in this study at Cw = 10% S,41,(ug/g)/(ug/L)^N,0.9,41,10.39,337.08377545203518,32.443096771129468,,
1016,Umeh,2021,Environmental Science & Technology, 10.1021/acs.est.0c07202,soil,Soil111,PFOS,PFSA,C8HF17O3S,499.93739999999997,0.1,-,0,0,0,0.99994504893239999,0,5.4951067599991519E-5,1,0,-0.99994504893239999,498.93745495106754,96485,-193.37032545633338,8,17,0.29721362229102166,64.60808893273439,8,2.0166155475571776,5,4.3600000000000003,1:5 MQ,27.810809999999996,498,2.7810809999999995,9.9016599999999997,367,0.99016599999999999,DCB,8.8000000000000007,not reported,54.1,31.6,14.4,not reported,100.10000000000001,1.7,1.7000000000000001E-2,10 mM NaNO3 + 200 ppm NaN3,100,-,5,500,13.9,817.64705882352939,2.9125658788758213,1.1430148002540952,Calculated in this study at Cw = 10% S,13.9,(ug/g)/(ug/L)^N,1,13.9,10.39,144.42100000000002,13.9,,
1017,Umeh,2021,Environmental Science & Technology, 10.1021/acs.est.0c07202,soil,Soil112,PFOS,PFSA,C8HF17O3S,499.93739999999997,0.1,-,0,0,0,0.99996837822336671,0,3.1621776633305525E-5,1,0,-0.99996837822336671,498.93743162177657,96485,-193.37484593863954,8,17,0.29721362229102166,64.60808893273439,8,2.0166155475571776,5,4.5999999999999996,1:5 MQ,51.377400000000002,920,5.13774,6.9068800000000001,256,0.69068799999999997,DCB,13.7,not reported,33.700000000000003,30,36.4,not reported,100.1,1.3,1.3000000000000001E-2,10 mM NaNO3 + 200 ppm NaN3,100,-,5,500,24.767534852106152,1905.19498862355,3.279939430483894,1.3938827827907307,Calculated in this study at Cw = 10% S,31.3,(ug/g)/(ug/L)^N,0.9,31.3,10.39,257.33468711338293,24.767534852106152,,
1018,Umeh,2021,Environmental Science & Technology, 10.1021/acs.est.0c07202,soil,Soil113,PFOS,PFSA,C8HF17O3S,499.93739999999997,0.1,-,0,0,0,0.9999964518786969,0,3.5481213031263005E-6,1,0,-0.9999964518786969,498.93740354812127,96485,-193.38028572999212,8,17,0.29721362229102166,64.60808893273439,8,2.0166155475571776,5,5.55,1:5 MQ,106.21719,1902,10.621719000000001,8.3907800000000012,311,0.8390780000000001,DCB,24.2,not reported,13.8,57.4,28.8,not reported,100,1.9,1.9E-2,10 mM NaNO3 + 200 ppm NaN3,100,-,5,500,25.796218408263918,1357.6957056981009,3.1328024443593923,1.4115560453122213,Calculated in this study at Cw = 10% S,32.6,(ug/g)/(ug/L)^N,0.9,32.6,10.39,268.02270926186213,25.796218408263918,,
1019,Umeh,2021,Environmental Science & Technology, 10.1021/acs.est.0c07202,soil,Soil114,PFOS,PFSA,C8HF17O3S,499.93739999999997,0.1,-,0,0,0,0.99980051357127842,0,1.9948642872153033E-4,1,0,-0.99980051357127842,498.93759948642861,96485,-193.34231906198264,8,17,0.29721362229102166,64.60808893273439,8,2.0166155475571776,5,3.8,1:5 MQ,306.97996499999999,5497,30.697996499999999,25.496100000000002,945,2.5496100000000004,DCB,22.5,not reported,22.4,46,31.6,not reported,100,2.6,2.6000000000000002E-2,10 mM NaNO3 + 200 ppm NaN3,100,-,5,500,49.6,1907.6923076923076,3.2805083285193795,1.6954816764901974,Calculated in this study at Cw = 10% S,49.6,(ug/g)/(ug/L)^N,1,49.6,10.39,515.34400000000005,49.6,,
1020,Yanju Liu,2020,Environmental Technology & Innovation, 10.1016/j.eti.2020.100965,soil,BNA,PFOS,PFSA,C8HF17O3S,499.93739999999997,0.1,-,0,0,0,0.99999809454291277,0,1.9054570871896133E-6,1,0,-0.99999809454291277,498.93740190545702,96485,-193.3806040266665,8,17,0.29721362229102166,64.60808893273439,8,2.0166155475571776,5,5.82,soill:water 1:5,not reported,not reported,not reported,not reported,not reported,not reported,not reported,2.3199999999999998,not reported,95.4,0.2,4.4000000000000004,not reported,100.00000000000001,0.37,3.7000000000000002E-3,10 mM NaNO3,33.333333333333336,-,15,560,14.891608583335721,4024.7590765772215,3.6047398884691901,1.1729416125361851,Calculated in this study at Cw = 10% S (at Na condition),4.2999999999999997E-2,(ug/g)/(ug/L)^N,0.54700000000000004,43,10.39,154.72381318085814,14.891608583335721,,
1021,Yanju Liu,2020,Environmental Technology & Innovation, 10.1016/j.eti.2020.100965,soil,STA,PFOS,PFSA,C8HF17O3S,499.93739999999997,0.1,-,0,0,0,0.99999424563373951,0,5.7543662604499578E-6,1,0,-0.99999424563373951,498.93740575436618,96485,-193.37985822909414,8,17,0.29721362229102166,64.60808893273439,8,2.0166155475571776,5,5.34,soill:water 1:5,not reported,not reported,not reported,not reported,not reported,not reported,not reported,2.16,not reported,93.2,5.6,1.2,not reported,100,1.35,1.3500000000000002E-2,10 mM NaNO3,33.333333333333336,-,15,560,16.472620713738735,1220.1941269436099,3.0864289303087857,1.2167626988037921,Calculated in this study at Cw = 10% S (at Na condition),0.04,(ug/g)/(ug/L)^N,0.621,40,10.39,171.15052921574548,16.472620713738735,,
1022,Yanju Liu,2020,Environmental Technology & Innovation, 10.1016/j.eti.2020.100965,soil,BDA,PFOS,PFSA,C8HF17O3S,499.93739999999997,0.1,-,0,0,0,0.9999986196176408,0,1.3803823591447935E-6,1,0,-0.9999986196176408,498.93740138038225,96485,-193.38070576963921,8,17,0.29721362229102166,64.60808893273439,8,2.0166155475571776,5,5.96,soill:water 1:5,not reported,not reported,not reported,not reported,not reported,not reported,not reported,38.700000000000003,not reported,53,16.100000000000001,30.9,not reported,100,3.27,3.27E-2,10 mM NaNO3,33.333333333333336,-,15,560,44.850585259786328,1371.5775308803159,3.1372203619090624,1.6517681145693484,Calculated in this study at Cw = 10% S (at Na condition),0.10199999999999999,(ug/g)/(ug/L)^N,0.64900000000000002,102,10.39,465.99758084917994,44.850585259786328,,
1023,Yanju Liu,2020,Environmental Technology & Innovation, 10.1016/j.eti.2020.100965,soil,MTA,PFOS,PFSA,C8HF17O3S,499.93739999999997,0.1,-,0,0,0,0.99998877994134816,0,1.1220058651890969E-5,1,0,-0.99998877994134816,498.93741122005866,96485,-193.37879914979217,8,17,0.29721362229102166,64.60808893273439,8,2.0166155475571776,5,5.05,soill:water 1:5,not reported,not reported,not reported,not reported,not reported,not reported,not reported,6.37,not reported,62,16.8,21.2,not reported,100,7.5,7.4999999999999997E-2,10 mM NaNO3,33.333333333333336,-,15,560,64.69895178517713,862.65269046902847,2.9358359811471533,1.8108972445388531,Calculated in this study at Cw = 10% S (at Na condition),9.7000000000000003E-2,(ug/g)/(ug/L)^N,0.82699999999999996,97,10.39,672.22210904799044,64.69895178517713,,
1024,Yanju Liu,2020,Environmental Technology & Innovation, 10.1016/j.eti.2020.100965,soil,I,PFOS,PFSA,C8HF17O3S,499.93739999999997,0.1,-,0,0,0,0.99998976717478893,0,1.0232825211024223E-5,1,0,-0.99998976717478893,498.93741023282513,96485,-193.37899044458507,8,17,0.29721362229102166,64.60808893273439,8,2.0166155475571776,5,5.09,soill:water 1:5,not reported,not reported,not reported,not reported,not reported,not reported,not reported,7.91,not reported,68.099999999999994,21.2,10.7,not reported,100,5.0599999999999996,5.0599999999999999E-2,10 mM NaNO3,33.333333333333336,-,15,560,68.939471870425336,1362.4401555420027,3.1343174352138741,1.8384679520536731,Calculated in this study at Cw = 10% S (at Na condition),0.186,(ug/g)/(ug/L)^N,0.57599999999999996,186,10.39,716.28111273371928,68.939471870425336,,
1025,Yanju Liu,2020,Environmental Technology & Innovation, 10.1016/j.eti.2020.100965,soil,TXA,PFOS,PFSA,C8HF17O3S,499.93739999999997,0.1,-,0,0,0,0.99999918717014458,0,8.1282985547118639E-7,1,0,-0.99999918717014458,498.93740081282982,96485,-193.38081574346941,8,17,0.29721362229102166,64.60808893273439,8,2.0166155475571776,5,6.19,soill:water 1:5,not reported,not reported,not reported,not reported,not reported,not reported,not reported,6.4,not reported,80.7,11.2,8.1,not reported,100,0.96,9.5999999999999992E-3,10 mM NaNO3,33.333333333333336,-,15,560,31.353363716067875,3265.9753870904037,3.5140129075007414,1.49628414054031,Calculated in this study at Cw = 10% S (at Na condition),8.4000000000000005E-2,(ug/g)/(ug/L)^N,0.57899999999999996,84,10.39,325.76144900994524,31.353363716067875,,
1026,Yanju Liu,2020,Environmental Technology & Innovation, 10.1016/j.eti.2020.100965,soil,GIA,PFOS,PFSA,C8HF17O3S,499.93739999999997,0.1,-,0,0,0,0.99999855456231856,0,1.4454376814528125E-6,1,0,-0.99999855456231856,498.93740144543762,96485,-193.38069316396323,8,17,0.29721362229102166,64.60808893273439,8,2.0166155475571776,5,5.94,soill:water 1:5,not reported,not reported,not reported,not reported,not reported,not reported,not reported,4.7300000000000004,not reported,78.2,16.2,5.6,not reported,100,0.78,7.8000000000000005E-3,10 mM NaNO3,33.333333333333336,-,15,560,34.677155813274517,4445.7892068300662,3.6479488671617157,1.5400434698521961,Calculated in this study at Cw = 10% S (at Na condition),9.6000000000000002E-2,(ug/g)/(ug/L)^N,0.56499999999999995,96,10.39,360.29564889992224,34.677155813274517,,
1027,Yanju Liu,2020,Environmental Technology & Innovation, 10.1016/j.eti.2020.100965,soil,SGA,PFOS,PFSA,C8HF17O3S,499.93739999999997,0.1,-,0,0,0,0.99999998340413121,0,1.6595868798952677E-8,1,0,-0.99999998340413121,498.9374000165958,96485,-193.38097002858132,8,17,0.29721362229102166,64.60808893273439,8,2.0166155475571776,5,7.88,soill:water 1:5,not reported,not reported,not reported,not reported,not reported,not reported,not reported,11.95,not reported,58.8,11.2,30,not reported,100,0.82,8.199999999999999E-3,10 mM NaNO3,33.333333333333336,-,15,560,35.441717115070212,4322.160623789051,3.6357009024660165,1.5495147548497332,Calculated in this study at Cw = 10% S (at Na condition),0.108,(ug/g)/(ug/L)^N,0.52400000000000002,108,10.39,368.23944082557955,35.441717115070212,,
1028,Oliver,2020,Environmental Pollution, 10.1016/j.envpol.2019.113726,soil,1,PFOS,PFSA,C8HF17O3S,499.93739999999997,0.1,-,0,0,0,0.99999968377233395,0,3.1622766601686895E-7,1,0,-0.99999968377233395,498.93740031622758,96485,-193.3809119693598,8,17,0.29721362229102166,64.60808893273439,8,2.0166155475571776,5,6.6,1:5 Water,4.17,74.67096427612141,0.41699999999999998,2.58,95.626389918458116,0.25800000000000001,OA,10,NH4Cl (pH 7 or 8),43,12,45,Pipette,100,1.8,1.8000000000000002E-2,"0,5 mM CaCl2",20,-,5 or 7.5,-,4.2300000000000004,235,2.3710678622717363,0.6263403673750424,Reported Kd originated from a single spiked concentration value,,,,,,,,,
1029,Oliver,2020,Environmental Pollution, 10.1016/j.envpol.2019.113726,soil,2,PFOS,PFSA,C8HF17O3S,499.93739999999997,0.1,-,0,0,0,0.99999968377233395,0,3.1622766601686895E-7,1,0,-0.99999968377233395,498.93740031622758,96485,-193.3809119693598,8,17,0.29721362229102166,64.60808893273439,8,2.0166155475571776,5,6.6,1:5 Water,6.06,108.51463873220521,0.60599999999999998,3.75,138.99184581171238,0.375,OA,9.5399999999999991,NH4Cl (pH 7 or 8),36,23,41,Pipette,100,2.1,2.1000000000000001E-2,"0,5 mM CaCl2",20,-,5 or 7.5,-,3.99,190,2.2787536009528289,0.60097289568674828,Reported Kd originated from a single spiked concentration value,,,,,,,,,
1030,Oliver,2020,Environmental Pollution, 10.1016/j.envpol.2019.113726,soil,3,PFOS,PFSA,C8HF17O3S,499.93739999999997,0.1,-,0,0,0,0.99999936904305364,0,6.309569463732732E-7,1,0,-0.99999936904305364,498.93740063095692,96485,-193.38085098472084,8,17,0.29721362229102166,64.60808893273439,8,2.0166155475571776,5,6.3,1:5 Water,0.46600000000000003,8.3445250246217206,4.6600000000000003E-2,0.185,6.8569310600444773,1.8499999999999999E-2,OA,2.83,NH4Cl (pH 7 or 8),91,2,7,Pipette,100,0.6,6.0000000000000001E-3,"0,5 mM CaCl2",20,-,5 or 7.5,-,22.41,3735,3.5722906061514177,1.3504418565350613,Reported Kd originated from a single spiked concentration value,,,,,,,,,
1031,Oliver,2020,Environmental Pollution, 10.1016/j.envpol.2019.113726,soil,4,PFOS,PFSA,C8HF17O3S,499.93739999999997,0.1,-,0,0,0,0.99999993690426958,0,6.3095730466947729E-8,1,0,-0.99999993690426958,498.93740006309571,96485,-193.38096101837013,8,17,0.29721362229102166,64.60808893273439,8,2.0166155475571776,5,7.3,1:5 Water,7.87,140.92577670337542,0.78700000000000003,2.4,88.954781319495922,0.24,OA,27.69,NH4Cl (pH 7 or 8),27,21,52,Pipette,100,1.8,1.8000000000000002E-2,"0,5 mM CaCl2",20,-,5 or 7.5,-,8.67,481.66666666666663,2.6827465923729044,0.93801909747621026,Reported Kd originated from a single spiked concentration value,,,,,,,,,
1032,Oliver,2020,Environmental Pollution, 10.1016/j.envpol.2019.113726,soil,5,PFOS,PFSA,C8HF17O3S,499.93739999999997,0.1,-,0,0,0,0.99999936904305364,0,6.309569463732732E-7,1,0,-0.99999936904305364,498.93740063095692,96485,-193.38085098472084,8,17,0.29721362229102166,64.60808893273439,8,2.0166155475571776,5,6.3,1:5 Water,4.12,73.775628973050402,0.41200000000000003,2.57,95.255744996293544,0.25700000000000001,OA,7.18,NH4Cl (pH 7 or 8),40,12,48,Pipette,100,1.5,1.4999999999999999E-2,"0,5 mM CaCl2",20,-,5 or 7.5,-,2.42,161.33333333333334,2.2077241069247502,0.38381536598043126,Reported Kd originated from a single spiked concentration value,,,,,,,,,
1033,Oliver,2020,Environmental Pollution, 10.1016/j.envpol.2019.113726,soil,6,PFOS,PFSA,C8HF17O3S,499.93739999999997,0.1,-,0,0,0,0.99999000009999905,0,9.9999000009999908E-6,1,0,-0.99999000009999905,498.93740999989996,96485,-193.37903557816551,8,17,0.29721362229102166,64.60808893273439,8,2.0166155475571776,5,5.0999999999999996,1:5 Water,2.35,42.080759244337003,0.23500000000000001,0.92900000000000005,34.43291326908821,9.290000000000001E-2,OA,3.64,NH4Cl (pH 7 or 8),48,22,30,Pipette,100,0.9,9.0000000000000011E-3,"0,5 mM CaCl2",20,-,5 or 7.5,-,4.1900000000000004,465.55555555555554,2.6679715135269704,0.62221402296629535,Reported Kd originated from a single spiked concentration value,,,,,,,,,
1034,Oliver,2020,Environmental Pollution, 10.1016/j.envpol.2019.113726,soil,7,PFOS,PFSA,C8HF17O3S,499.93739999999997,0.1,-,0,0,0,0.99999949881301753,0,5.0118698243875318E-7,1,0,-0.99999949881301753,498.93740050118691,96485,-193.38087613005968,8,17,0.29721362229102166,64.60808893273439,8,2.0166155475571776,5,6.4,1:5 Water,2.2599999999999998,40.469155698809203,0.22599999999999998,2.06,76.352853965900664,0.20600000000000002,OA,5.83,NH4Cl (pH 7 or 8),66,11,22,Pipette,99,0.9,9.0000000000000011E-3,"0,5 mM CaCl2",20,-,5 or 7.5,-,2.33,258.88888888888886,2.4131134115866941,0.36735592102601899,Reported Kd originated from a single spiked concentration value,,,,,,,,,
1035,Oliver,2020,Environmental Pollution, 10.1016/j.envpol.2019.113726,soil,8,PFOS,PFSA,C8HF17O3S,499.93739999999997,0.1,-,0,0,0,0.99999980047380832,0,1.9952619168617852E-7,1,0,-0.99999980047380832,498.93740019952617,96485,-193.38093458243628,8,17,0.29721362229102166,64.60808893273439,8,2.0166155475571776,5,6.8,1:5 Water,4.41,78.968573730862204,0.441,1.85,68.56931060044478,0.185,OA,10.86,NH4Cl (pH 7 or 8),54,21,25,Pipette,100,1.1000000000000001,1.1000000000000001E-2,"0,5 mM CaCl2",20,-,5 or 7.5,-,5.0999999999999996,463.63636363636357,2.6661774909397113,0.70757017609793638,Reported Kd originated from a single spiked concentration value,,,,,,,,,
1036,Oliver,2020,Environmental Pollution, 10.1016/j.envpol.2019.113726,soil,9,PFOS,PFSA,C8HF17O3S,499.93739999999997,0.1,-,0,0,0,0.99999990000001004,0,9.9999990000001005E-8,1,0,-0.99999990000001004,498.93740009999999,96485,-193.38095386748492,8,17,0.29721362229102166,64.60808893273439,8,2.0166155475571776,5,7.1,1:5 Water,33.700000000000003,603.45599426985405,3.37,1.47,54.484803558191253,0.14699999999999999,OA,15.69,NH4Cl (pH 7 or 8),60,16,24,Pipette,100,1.6,1.6E-2,"0,5 mM CaCl2",20,-,5 or 7.5,-,4.7300000000000004,295.625,2.470741158081887,0.67486114073781156,Reported Kd originated from a single spiked concentration value,,,,,,,,,
1037,Oliver,2020,Environmental Pollution, 10.1016/j.envpol.2019.113726,soil,10,PFOS,PFSA,C8HF17O3S,499.93739999999997,0.1,-,0,0,0,0.99999683773233983,0,3.1622676601999995E-6,1,0,-0.99999683773233983,498.93740316226763,96485,-193.38036049629545,8,17,0.29721362229102166,64.60808893273439,8,2.0166155475571776,5,5.6,1:5 Water,8.5,152.20700152207002,0.85,37.299999999999997,1382.5055596738325,3.7299999999999995,OA,15.2,NH4Cl (pH 7 or 8),44,0,56,Pipette,100,1.6,1.6E-2,"0,5 mM CaCl2",20,-,5 or 7.5,-,6.11,381.875,2.5819212275866295,0.78604121024255424,Reported Kd originated from a single spiked concentration value,,,,,,,,,
1038,Oliver,2020,Environmental Pollution, 10.1016/j.envpol.2019.113726,soil,11,PFOS,PFSA,C8HF17O3S,499.93739999999997,0.1,-,0,0,0,0.99999498815278243,0,5.011847217534286E-6,1,0,-0.99999498815278243,498.93740501184715,96485,-193.38000210593594,8,17,0.29721362229102166,64.60808893273439,8,2.0166155475571776,5,5.4,1:5 Water,2.72,48.706240487062409,0.27200000000000002,2.65,98.220904373610082,0.26500000000000001,OA,7.61,NH4Cl (pH 7 or 8),34,22,44,Pipette,100,1.7,1.7000000000000001E-2,"0,5 mM CaCl2",20,-,5 or 7.5,-,3.7,217.64705882352942,2.3377528026887209,0.56820172406699498,Reported Kd originated from a single spiked concentration value,,,,,,,,,
1039,Oliver,2020,Environmental Pollution, 10.1016/j.envpol.2019.113726,soil,12,PFOS,PFSA,C8HF17O3S,499.93739999999997,0.1,-,0,0,0,0.99999974881141995,0,2.5118858005523878E-7,1,0,-0.99999974881141995,498.93740025118859,96485,-193.38092457188972,8,17,0.29721362229102166,64.60808893273439,8,2.0166155475571776,5,6.7,1:5 Water,3.45,61.778135911899007,0.34500000000000003,2.15,79.688658265381761,0.215,OA,12.76,NH4Cl (pH 7 or 8),54,19,28,Pipette,101,1.3,1.3000000000000001E-2,"0,5 mM CaCl2",20,-,5 or 7.5,-,4.0999999999999996,315.3846153846153,2.4988405044128985,0.61278385671973545,Reported Kd originated from a single spiked concentration value,,,,,,,,,
1040,Oliver,2020,Environmental Pollution, 10.1016/j.envpol.2019.113726,soil,13,PFOS,PFSA,C8HF17O3S,499.93739999999997,0.1,-,0,0,0,0.9999992056723962,0,7.9432760376743655E-7,1,0,-0.9999992056723962,498.93740079432757,96485,-193.38081932862406,8,17,0.29721362229102166,64.60808893273439,8,2.0166155475571776,5,6.2,1:5 Water,2.71,48.527173426448208,0.27100000000000002,1.63,60.415122312824316,0.16299999999999998,OA,5.24,NH4Cl (pH 7 or 8),55,13,32,Pipette,100,1.6,1.6E-2,"0,5 mM CaCl2",20,-,5 or 7.5,-,3.8,237.49999999999997,2.3756636139608855,0.57978359661681012,Reported Kd originated from a single spiked concentration value,,,,,,,,,
1041,Oliver,2020,Environmental Pollution, 10.1016/j.envpol.2019.113726,soil,14,PFOS,PFSA,C8HF17O3S,499.93739999999997,0.1,-,0,0,0,0.99999987410747471,0,1.2589252533048661E-7,1,0,-0.99999987410747471,498.93740012589251,96485,-193.38094885032569,8,17,0.29721362229102166,64.60808893273439,8,2.0166155475571776,5,7,1:5 Water,3.22,57.659593517772407,0.32200000000000001,1.79,66.345441067457372,0.17899999999999999,OA,17.75,NH4Cl (pH 7 or 8),36,8,56,Pipette,100,1.2,1.2E-2,"0,5 mM CaCl2",20,-,5 or 7.5,-,3.77,314.16666666666669,2.4971601041581679,0.57634135020579291,Reported Kd originated from a single spiked concentration value,,,,,,,,,
1042,Oliver,2020,Environmental Pollution, 10.1016/j.envpol.2019.113726,soil,15,PFOS,PFSA,C8HF17O3S,499.93739999999997,0.1,-,0,0,0,0.99999992056718279,0,7.9432817162854954E-8,1,0,-0.99999992056718279,498.93740007943279,96485,-193.38095785275635,8,17,0.29721362229102166,64.60808893273439,8,2.0166155475571776,5,7.2,1:5 Water,2.4300000000000002,43.513295729250608,0.24300000000000002,2.08,77.094143810229795,0.20800000000000002,OA,10.81,NH4Cl (pH 7 or 8),67,4,29,Pipette,100,1.5,1.4999999999999999E-2,"0,5 mM CaCl2",20,-,5 or 7.5,-,12.07,804.66666666666674,2.9056160110416682,1.0817072700973491,Reported Kd originated from a single spiked concentration value,,,,,,,,,
1043,Oliver,2020,Environmental Pollution, 10.1016/j.envpol.2019.113726,soil,16,PFOS,PFSA,C8HF17O3S,499.93739999999997,0.1,-,0,0,0,0.99999990000001004,0,9.9999990000001005E-8,1,0,-0.99999990000001004,498.93740009999999,96485,-193.38095386748492,8,17,0.29721362229102166,64.60808893273439,8,2.0166155475571776,5,7.1,1:5 Water,1.82,32.590205031784407,0.182,1.61,59.673832468495178,0.161,OA,14.74,NH4Cl (pH 7 or 8),60,9,31,Pipette,100,1,0.01,"0,5 mM CaCl2",20,-,5 or 7.5,-,7.49,749,2.8744818176994666,0.87448181769946653,Reported Kd originated from a single spiked concentration value,,,,,,,,,
1044,Oliver,2020,Environmental Pollution, 10.1016/j.envpol.2019.113726,soil,17,PFOS,PFSA,C8HF17O3S,499.93739999999997,0.1,-,0,0,0,0.99998741090436938,0,1.258909563061765E-5,1,0,-0.99998741090436938,498.93741258909557,96485,-193.37853387348241,8,17,0.29721362229102166,64.60808893273439,8,2.0166155475571776,5,5,1:5 Water,3.66,65.538544184797203,0.36599999999999999,2.37,87.842846553002218,0.23700000000000002,OA,5.42,NH4Cl (pH 7 or 8),38,16,46,Pipette,100,1.6,1.6E-2,"0,5 mM CaCl2",20,-,5 or 7.5,-,5.44,340,2.5314789170422549,0.73559889969817993,Reported Kd originated from a single spiked concentration value,,,,,,,,,
1045,Oliver,2020,Environmental Pollution, 10.1016/j.envpol.2019.113726,soil,18,PFOS,PFSA,C8HF17O3S,499.93739999999997,0.1,-,0,0,0,0.99998741090436938,0,1.258909563061765E-5,1,0,-0.99998741090436938,498.93741258909557,96485,-193.37853387348241,8,17,0.29721362229102166,64.60808893273439,8,2.0166155475571776,5,5,1:5 Water,4.32,77.356970185334404,0.43200000000000005,19.399999999999999,719.05114899925866,1.94,OA,17.3,NH4Cl (pH 7 or 8),49,38,13,Pipette,100,4.8,4.8000000000000001E-2,"0,5 mM CaCl2",20,-,5 or 7.5,-,31.6,658.33333333333337,2.8184458452428167,1.4996870826184039,Reported Kd originated from a single spiked concentration value,,,,,,,,,
1046,Oliver,2020,Environmental Pollution, 10.1016/j.envpol.2019.113726,soil,19,PFOS,PFSA,C8HF17O3S,499.93739999999997,0.1,-,0,0,0,0.99999800474166611,0,1.9952583339051124E-6,1,0,-0.99999800474166611,498.93740199525831,96485,-193.38058662600847,8,17,0.29721362229102166,64.60808893273439,8,2.0166155475571776,5,5.8,1:5 Water,1.58,28.292595577043603,0.158,0.65500000000000003,24.277242401779095,6.5500000000000003E-2,OA,4.34,NH4Cl (pH 7 or 8),74,5,21,Pipette,100,0.8,8.0000000000000002E-3,"0,5 mM CaCl2",20,-,5 or 7.5,-,7.01,876.25,2.9426280309747153,0.84571801796665869,Reported Kd originated from a single spiked concentration value,,,,,,,,,
1047,Oliver,2020,Environmental Pollution, 10.1016/j.envpol.2019.113726,soil,20,PFOS,PFSA,C8HF17O3S,499.93739999999997,0.1,-,0,0,0,0.99999601894414336,0,3.981055856666137E-6,1,0,-0.99999601894414336,498.93740398105581,96485,-193.38020184088887,8,17,0.29721362229102166,64.60808893273439,8,2.0166155475571776,5,5.5,1:5 Water,2.91,52.10851463873221,0.29100000000000004,2.72,100.81541882876205,0.27200000000000002,OA,16.3,NH4Cl (pH 7 or 8),21,21,58,Pipette,100,1,0.01,"0,5 mM CaCl2",20,-,5 or 7.5,-,19.96,1996,3.3001605369513523,1.3001605369513523,Reported Kd originated from a single spiked concentration value,,,,,,,,,
1048,Oliver,2020,Environmental Pollution, 10.1016/j.envpol.2019.113726,soil,21,PFOS,PFSA,C8HF17O3S,499.93739999999997,0.1,-,0,0,0,0.9999974881198781,0,2.5118801219519806E-6,1,0,-0.9999974881198781,498.93740251188012,96485,-193.38048652094997,8,17,0.29721362229102166,64.60808893273439,8,2.0166155475571776,5,5.7,1:5 Water,2.2599999999999998,40.469155698809203,0.22599999999999998,5.72,212.00889547813193,0.57199999999999995,OA,9.98,NH4Cl (pH 7 or 8),70,8,22,Pipette,100,3.5,3.5000000000000003E-2,"0,5 mM CaCl2",20,-,5 or 7.5,-,7.36,210.28571428571428,2.3228097699872232,0.86687781433749889,Reported Kd originated from a single spiked concentration value,,,,,,,,,
1049,Oliver,2020,Environmental Pollution, 10.1016/j.envpol.2019.113726,soil,22,PFOS,PFSA,C8HF17O3S,499.93739999999997,0.1,-,0,0,0,0.99999987410747471,0,1.2589252533048661E-7,1,0,-0.99999987410747471,498.93740012589251,96485,-193.38094885032569,8,17,0.29721362229102166,64.60808893273439,8,2.0166155475571776,5,7,1:5 Water,3.78,67.687348912167607,0.378,2.46,91.178650852483315,0.246,OA,19.12,NH4Cl (pH 7 or 8),35,13,52,Pipette,100,1.1000000000000001,1.1000000000000001E-2,"0,5 mM CaCl2",20,-,5 or 7.5,-,5.18,470.90909090909082,2.6729370745870078,0.71432975974523305,Reported Kd originated from a single spiked concentration value,,,,,,,,,
1050,Oliver,2020,Environmental Pollution, 10.1016/j.envpol.2019.113726,soil,23,PFOS,PFSA,C8HF17O3S,499.93739999999997,0.1,-,0,0,0,0.99999960189298798,0,3.9810701206424001E-7,1,0,-0.99999960189298798,498.937400398107,96485,-193.38089610371694,8,17,0.29721362229102166,64.60808893273439,8,2.0166155475571776,5,6.5,1:5 Water,2.0299999999999998,36.350613304682604,0.20299999999999999,1.53,56.708673091178653,0.153,OA,7.1,NH4Cl (pH 7 or 8),60,16,24,Pipette,100,1.3,1.3000000000000001E-2,"0,5 mM CaCl2",20,-,5 or 7.5,-,2.69,206.92307692307691,2.3158089276955711,0.42975228000240795,Reported Kd originated from a single spiked concentration value,,,,,,,,,
1051,Oliver,2020,Environmental Pollution, 10.1016/j.envpol.2019.113726,soil,26,PFOS,PFSA,C8HF17O3S,499.93739999999997,0.1,-,0,0,0,0.99999960189298798,0,3.9810701206424001E-7,1,0,-0.99999960189298798,498.937400398107,96485,-193.38089610371694,8,17,0.29721362229102166,64.60808893273439,8,2.0166155475571776,5,6.5,1:5 Water,3.27,58.554928820843408,0.32700000000000001,1.42,52.631578947368418,0.14199999999999999,OA,12.67,NH4Cl (pH 7 or 8),49,8,43,Pipette,100,1.3,1.3000000000000001E-2,"0,5 mM CaCl2",20,-,5 or 7.5,-,1.3,100,2,0.11394335230683679,Reported Kd originated from a single spiked concentration value,,,,,,,,,
1052,Oliver,2020,Environmental Pollution, 10.1016/j.envpol.2019.113726,soil,27,PFOS,PFSA,C8HF17O3S,499.93739999999997,0.1,-,0,0,0,0.99998741090436938,0,1.258909563061765E-5,1,0,-0.99998741090436938,498.93741258909557,96485,-193.37853387348241,8,17,0.29721362229102166,64.60808893273439,8,2.0166155475571776,5,5,1:5 Water,10.4,186.22974303876802,1.04,4.1500000000000004,153.81764269829503,0.41500000000000004,OA,6.82,NH4Cl (pH 7 or 8),24,29,47,Pipette,100,2,0.02,"0,5 mM CaCl2",20,-,5 or 7.5,-,3.36,168,2.2253092817258628,0.52633927738984398,Reported Kd originated from a single spiked concentration value,,,,,,,,,
1053,Oliver,2020,Environmental Pollution, 10.1016/j.envpol.2019.113726,soil,28,PFOS,PFSA,C8HF17O3S,499.93739999999997,0.1,-,0,0,0,0.99999984151070587,0,1.584892941272506E-7,1,0,-0.99999984151070587,498.93740015848931,96485,-193.38094253409676,8,17,0.29721362229102166,64.60808893273439,8,2.0166155475571776,5,6.9,1:5 Water,4.2,75.208165457964014,0.42000000000000004,1.48,54.855448480355818,0.14799999999999999,OA,20.41,NH4Cl (pH 7 or 8),42,6,52,Pipette,100,1.8,1.8000000000000002E-2,"0,5 mM CaCl2",20,-,5 or 7.5,-,7.47,414.99999999999994,2.6180480967120925,0.87332060181539872,Reported Kd originated from a single spiked concentration value,,,,,,,,,
1054,Xiao-Ting Chen,2020,Ecotoxicology & Environmental Safety, 10.1016/j.ecoenv.2020.111105,soil,paddy soil,PFOS,PFSA,C8HF17O3S,499.93739999999997,0.1,-,0,0,0,0.99999952137013681,0,4.7862986323598187E-7,1,0,-0.99999952137013681,498.93740047862985,96485,-193.38088050092014,8,17,0.29721362229102166,64.60808893273439,8,2.0166155475571776,5,6.42,not reported,not reported,not reported,not reported,not reported,not reported,not reported,not reported,9.9537166666666668,KNN input,61.5,28.1,8.6,not reported,98.199999999999989,1.38,1.38E-2,"0,01 M KCl + 0,3 % NaN3",50,-,10,1000,55.707171041158894,4036.7515247216588,3.6060320179851582,1.7459111043863946,Calculated in this study at Cw = 10% S,70.400000000000006,(ug/g)/(ug/L)^N,0.9,70.400000000000006,10.39,578.79750711764098,55.707171041158894,,
1055,Jin Qian,2017,Chemosphere, 10.1016/j.chemosphere.2016.11.114,soil,S1,PFOS,PFSA,C8HF17O3S,499.93739999999997,0.1,-,0,0,0,0.99999902276373409,0,9.7723626596415504E-7,1,0,-0.99999902276373409,498.93740097723622,96485,-193.38078388667631,8,17,0.29721362229102166,64.60808893273439,8,2.0166155475571776,5,6.11,not reported,38.82,695.13832930432443,3.8820000000000001,not reported,not reported,not reported,DCB,11.357100000000001,KNN input,38.426100000000012,36.2271,25.5412,KNN input,100.19440000000002,0.2455,2.4550000000000002E-3,Millipore Water,40,-,1000,20000,14.111334630934246,5747.9978130078389,3.7595165942223119,1.1495680906812993,Calculated in this study at Cw = 10% S,23.13,(mg/kg)/(mg/L)^N,0.78890000000000005,23.13,10.39,146.61676681540683,14.111334630934246,,
1056,Cai,2022,Science of the Total Environment, 10.1016/j.scitotenv.2022.152975,soil,Clarke Hill,PFNS,PFSA,C9HF19O3S,549.93420000000003,0.1,-,0,0,0,0.99998004777494953,0,1.9952225050461341E-5,1,0,-0.99998004777494953,548.93421995222502,96485,-175.76436557000062,9,19,0.29916897506925205,65.644217071787864,9,1.1238516409670858,5.6,4.8,1:5 CaCl2,8.3000000000000007,148.62566030978601,0.83000000000000007,7.85,290.95626389918459,0.78499999999999992,???,15.34083666666667,KNN input,32,40,28,not reported,100,4.9000000000000004,4.9000000000000002E-2,500 mM CaCl2,20,-,10,-,46.55,949.99999999999989,2.9777236052888476,1.6679196853173615,Reported Kd at 0.5 mM Ca condition (from Table S5),,,,,,,,,
1057,Cai,2022,Science of the Total Environment, 10.1016/j.scitotenv.2022.152975,soil,Minatoro,PFNS,PFSA,C9HF19O3S,549.93420000000003,0.1,-,0,0,0,0.99999841510931942,0,1.5848906805786579E-6,1,0,-0.99999841510931942,548.93420158489062,96485,-175.76759983846929,9,19,0.29916897506925205,65.644217071787864,9,1.1238516409670858,5.6,5.9,1:5 CaCl2,1.4,25.069388485988004,0.13999999999999999,0.92,34.099332839140104,9.1999999999999998E-2,???,15.34083666666667,KNN input,37,22,41,not reported,100,2.6,2.6000000000000002E-2,500 mM CaCl2,20,-,10,-,16.21,623.46153846153845,2.7948096668776969,1.2097830148485149,Reported Kd at 0.5 mM Ca condition (from Table S5),,,,,,,,,
1058,Nguyen,2020,Environmental Science and Technology, 10.1021/acs.est.0c05705,soil,S1,PFNS,PFSA,C9HF19O3S,549.93420000000003,0.1,-,0,0,0,0.9999999601892845,0,3.9810715470456442E-8,1,0,-0.9999999601892845,548.93420003981066,96485,-175.7678719086289,9,19,0.29916897506925205,65.644217071787864,9,1.1238516409670858,5.6,7.5,1:10 CaCl2,not reported,not reported,not reported,not reported,not reported,not reported,not reported,41.4,not reported,16.899999999999999,17.5,65.599999999999994,not reported,100,0.7,6.9999999999999993E-3,10 mM CaCl2,100,-,5,-,15.54,2220,3.3463529744506388,1.1914510144648955,Reported Kd originated from a single spiked concentration,,,,,,,,,
1059,Nguyen,2020,Environmental Science and Technology, 10.1021/acs.est.0c05705,soil,S2,PFNS,PFSA,C9HF19O3S,549.93420000000003,0.1,-,0,0,0,0.99999980047380832,0,1.9952619168617852E-7,1,0,-0.99999980047380832,548.93420019952623,96485,-175.76784378463776,9,19,0.29916897506925205,65.644217071787864,9,1.1238516409670858,5.6,6.8,1:10 CaCl2,not reported,not reported,not reported,not reported,not reported,not reported,not reported,7.1,not reported,48.9,27,24.2,not reported,100.10000000000001,0.37,3.7000000000000002E-3,10 mM CaCl2,100,-,5,-,25.22,6816.2162162162158,3.833543358170068,1.4017450822370627,Reported Kd originated from a single spiked concentration,,,,,,,,,
1060,Nguyen,2020,Environmental Science and Technology, 10.1021/acs.est.0c05705,soil,S3,PFNS,PFSA,C9HF19O3S,549.93420000000003,0.1,-,0,0,0,0.9999992056723962,0,7.9432760376743655E-7,1,0,-0.9999992056723962,548.93420079432769,96485,-175.76773904720085,9,19,0.29916897506925205,65.644217071787864,9,1.1238516409670858,5.6,6.2,1:10 CaCl2,not reported,not reported,not reported,not reported,not reported,not reported,not reported,8,not reported,51.44,10.17,38.380000000000003,not reported,99.990000000000009,0.08,8.0000000000000004E-4,10 mM CaCl2,100,-,5,-,12.2,15249.999999999998,4.1832698436828046,1.0863598306747482,Reported Kd originated from a single spiked concentration,,,,,,,,,
1061,Nguyen,2020,Environmental Science and Technology, 10.1021/acs.est.0c05705,soil,S4,PFNS,PFSA,C9HF19O3S,549.93420000000003,0.1,-,0,0,0,0.99999997488113634,0,2.5118863684138424E-8,1,0,-0.99999997488113634,548.93420002511891,96485,-175.7678744956888,9,19,0.29916897506925205,65.644217071787864,9,1.1238516409670858,5.6,7.7,1:10 CaCl2,not reported,not reported,not reported,not reported,not reported,not reported,not reported,4.8,not reported,46,37,17,not reported,100,0.25,2.5000000000000001E-3,10 mM CaCl2,100,-,5,-,5.88,2352,3.371437317404101,0.76937732607613851,Reported Kd originated from a single spiked concentration,,,,,,,,,
1062,Nguyen,2020,Environmental Science and Technology, 10.1021/acs.est.0c05705,soil,S5,PFNS,PFSA,C9HF19O3S,549.93420000000003,0.1,-,0,0,0,0.99999994988127916,0,5.0118720850840682E-8,1,0,-0.99999994988127916,548.93420005011876,96485,-175.76787009351204,9,19,0.29916897506925205,65.644217071787864,9,1.1238516409670858,5.6,7.4,1:10 CaCl2,not reported,not reported,not reported,not reported,not reported,not reported,not reported,29.6,not reported,39.799999999999997,7.7,52.5,not reported,100,2.23,2.23E-2,10 mM CaCl2,100,-,5,-,13.73,615.69506726457405,2.7893656741885944,1.137670537236755,Reported Kd originated from a single spiked concentration,,,,,,,,,
1063,Nguyen,2020,Environmental Science and Technology, 10.1021/acs.est.0c05705,soil,S6,PFNS,PFSA,C9HF19O3S,549.93420000000003,0.1,-,0,0,0,0.99999997488113634,0,2.5118863684138424E-8,1,0,-0.99999997488113634,548.93420002511891,96485,-175.7678744956888,9,19,0.29916897506925205,65.644217071787864,9,1.1238516409670858,5.6,7.7,1:10 CaCl2,not reported,not reported,not reported,not reported,not reported,not reported,not reported,21.63,not reported,70,11,19,not reported,100,4.9000000000000004,4.9000000000000002E-2,10 mM CaCl2,100,-,5,-,119.76,2444.0816326530612,3.3881157073064823,2.0783117873349961,Reported Kd originated from a single spiked concentration,,,,,,,,,
1064,Nguyen,2020,Environmental Science and Technology, 10.1021/acs.est.0c05705,soil,S7,PFNS,PFSA,C9HF19O3S,549.93420000000003,0.1,-,0,0,0,0.99999997488113634,0,2.5118863684138424E-8,1,0,-0.99999997488113634,548.93420002511891,96485,-175.7678744956888,9,19,0.29916897506925205,65.644217071787864,9,1.1238516409670858,5.6,7.7,1:10 CaCl2,not reported,not reported,not reported,not reported,not reported,not reported,not reported,7.8,not reported,48.9,32.6,18.5,not reported,100,0.13,1.2999999999999999E-3,10 mM CaCl2,100,-,5,-,9.4600000000000009,7276.923076923078,3.8619477840949559,0.97589113640179281,Reported Kd originated from a single spiked concentration,,,,,,,,,
1065,Nguyen,2020,Environmental Science and Technology, 10.1021/acs.est.0c05705,soil,S8,PFNS,PFSA,C9HF19O3S,549.93420000000003,0.1,-,0,0,0,0.9999999601892845,0,3.9810715470456442E-8,1,0,-0.9999999601892845,548.93420003981066,96485,-175.7678719086289,9,19,0.29916897506925205,65.644217071787864,9,1.1238516409670858,5.6,7.5,1:10 CaCl2,not reported,not reported,not reported,not reported,not reported,not reported,not reported,2.2799999999999998,not reported,93,1,5,not reported,99,0.4,4.0000000000000001E-3,10 mM CaCl2,100,-,5,-,6.26,1565,3.1945143418824671,0.7965743332104297,Reported Kd originated from a single spiked concentration,,,,,,,,,
1066,Nguyen,2020,Environmental Science and Technology, 10.1021/acs.est.0c05705,soil,S9,PFNS,PFSA,C9HF19O3S,549.93420000000003,0.1,-,0,0,0,0.99999990000001004,0,9.9999990000001005E-8,1,0,-0.99999990000001004,548.93420010000011,96485,-175.76786131001523,9,19,0.29916897506925205,65.644217071787864,9,1.1238516409670858,5.6,7.1,1:10 CaCl2,not reported,not reported,not reported,not reported,not reported,not reported,not reported,17.420000000000002,not reported,48.86,16.05,35.090000000000003,not reported,100,1.19,1.1899999999999999E-2,10 mM CaCl2,100,-,5,-,21.39,1797.4789915966389,3.2546638231789973,1.3302107845715281,Reported Kd originated from a single spiked concentration,,,,,,,,,
1067,Nguyen,2020,Environmental Science and Technology, 10.1021/acs.est.0c05705,soil,S10,PFNS,PFSA,C9HF19O3S,549.93420000000003,0.1,-,0,0,0,0.99999949881301753,0,5.0118698243875318E-7,1,0,-0.99999949881301753,548.93420050118698,96485,-175.76779066576918,9,19,0.29916897506925205,65.644217071787864,9,1.1238516409670858,5.6,6.4,1:10 CaCl2,not reported,not reported,not reported,not reported,not reported,not reported,not reported,16.54,not reported,29.38,13.9,56.71,not reported,99.990000000000009,0.17,1.7000000000000001E-3,10 mM CaCl2,100,-,5,-,9.57,5629.411764705882,3.7504630163985695,0.9809119377768436,Reported Kd originated from a single spiked concentration,,,,,,,,,
1068,Higgins and Luthy,2007,Environmental Science and Technology,10.1021/es061000n,sediment,1,PFDS,PFSA,C10HF21O3S,599.93099999999993,0.1,-,0,0,0,0.99999987410747471,0,1.2589252533048661E-7,1,0,-0.99999987410747471,598.93100012589241,96485,-161.09533123678526,10,21,0.3007518796992481,66.507648379563662,10,0.22530928172586284,6.4,7,Non reported,18.6539,334.0299041991226,1.8653900000000001,1.1061800000000002,41,0.11061800000000002,DCB,38.6,Non reported,11,36,53,Non reported,100,2.48,2.4799999999999999E-2,"0,5 mM CaCl2",100,-,0.59993099999999988,119.98619999999998,177.07,7139.9193548387093,3.8536933064615617,2.2481449872877777,Reported Kd was interpolated in the examined study at Cw = 5 pM,,,,,,,,,
1069,Higgins and Luthy,2007,Environmental Science and Technology,10.1021/es061000n,sediment,2,PFDS,PFSA,C10HF21O3S,599.93099999999993,0.1,-,0,0,0,0.9999999601892845,0,3.9810715470456442E-8,1,0,-0.9999999601892845,598.93100003981067,96485,-161.09534512731818,10,21,0.3007518796992481,66.507648379563662,10,0.22530928172586284,6.4,7.5,Non reported,6.4780199999999999,116,0.64780199999999999,0.18886,7,1.8886E-2,DCB,30,Non reported,49,25,26,Non reported,100,1.02,1.0200000000000001E-2,"0,5 mM CaCl2",100,-,0.59993099999999988,119.98619999999998,13.31,1304.9019607843136,3.1155778837127577,1.1241780554746752,Reported Kd was interpolated in the examined study at Cw = 5 pM,,,,,,,,,
1070,Higgins and Luthy,2007,Environmental Science and Technology,10.1021/es061000n,sediment,3,PFDS,PFSA,C10HF21O3S,599.93099999999993,0.1,-,0,0,0,0.99999996837722438,0,3.1622775601683729E-8,1,0,-0.99999996837722438,598.93100003162272,96485,-161.09534644855955,10,21,0.3007518796992481,66.507648379563662,10,0.22530928172586284,6.4,7.6,Non reported,6.7578500000000004,121.01083355716717,0.67578500000000008,0.37772,14,3.7772E-2,DCB,32.1,Non reported,31,38,31,Non reported,100,4.34,4.3400000000000001E-2,"0,5 mM CaCl2",100,-,0.59993099999999988,119.98619999999998,101.59,2340.7834101382487,3.3693612308117613,2.0068509603242721,Reported Kd was interpolated in the examined study at Cw = 5 pM,,,,,,,,,
1071,Higgins and Luthy,2007,Environmental Science and Technology,10.1021/es061000n,sediment,4,PFDS,PFSA,C10HF21O3S,599.93099999999993,0.1,-,0,0,0,0.99999949881301753,0,5.0118698243875318E-7,1,0,-0.99999949881301753,598.93100050118687,96485,-161.0952706776493,10,21,0.3007518796992481,66.507648379563662,10,0.22530928172586284,6.4,6.4,Non reported,57.270850000000003,1025.5322768376759,5.7270850000000006,4.6135799999999998,171,0.46135799999999999,DCB,32.1,Non reported,65,22,13,Non reported,100,0.56000000000000005,5.6000000000000008E-3,"0,5 mM CaCl2",100,-,0.59993099999999988,119.98619999999998,9.1999999999999993,1642.8571428571424,3.2155998003393549,0.96378782734555524,Reported Kd was interpolated in the examined study at Cw = 5 pM,,,,,,,,,
1072,Higgins and Luthy,2007,Environmental Science and Technology,10.1021/es061000n,sediment,5,PFDS,PFSA,C10HF21O3S,599.93099999999993,0.1,-,0,0,0,0.9999974881198781,0,2.5118801219519806E-6,1,0,-0.9999974881198781,598.93100251188014,96485,-161.09494622351363,10,21,0.3007518796992481,66.507648379563662,10,0.22530928172586284,6.4,5.7,Non reported,14.9678,268.02399498612232,1.49678,2.4281999999999999,89.999999999999986,0.24281999999999998,DCB,22,Non reported,80,15,5,Non reported,100,9.66,9.6600000000000005E-2,"0,5 mM CaCl2",100,-,0.59993099999999988,119.98619999999998,438.9,4543.478260869565,3.6573884544294799,2.6423655808449733,Reported Kd was interpolated in the examined study at Cw = 5 pM,,,,,,,,,
1073,Chao Yin,2022,Environmental Pollution, 10.1016/j.envpol.2022.118957,sediment,sediment,PFDS,PFSA,C10HF21O3S,599.93099999999993,0.1,-,0,0,0,0.99999998797735579,0,1.2022644201630123E-8,1,0,-0.99999998797735579,598.93100001202254,96485,-161.0953496113215,10,21,0.3007518796992481,66.507648379563662,10,0.22530928172586284,6.4,8.02,Non reported,Non reported,Non reported,Non reported,Non reported,Non reported,Non reported,Non reported,11.934691666666669,KNN input,6.34,85.56,8.08,not reported,99.98,0.37,3.7000000000000002E-3,0psu,50,-,10,-,191.48682646544191,51753.196342011324,4.7139371775266339,2.2821389015936289,Calculated in this study at Cw = 10% S,131.66,(ng/g)/(ng/mL)^N,0.79,131.66,0.16800000000000001,32.169786846194242,191.48682646544191,,
1074,Nguyen,2020,Environmental Science and Technology, 10.1021/acs.est.0c05705,soil,S1,PFDS,PFSA,C10HF21O3S,599.93099999999993,0.1,-,0,0,0,0.9999999601892845,0,3.9810715470456442E-8,1,0,-0.9999999601892845,598.93100003981067,96485,-161.09534512731818,10,21,0.3007518796992481,66.507648379563662,10,0.22530928172586284,6.4,7.5,1:10 CaCl2,not reported,not reported,not reported,not reported,not reported,not reported,not reported,41.4,not reported,16.899999999999999,17.5,65.599999999999994,not reported,100,0.7,6.9999999999999993E-3,10 mM CaCl2,100,-,5,-,41.98,5997.1428571428569,3.7779443942321249,1.6230424342463816,Reported Kd originated from a single spiked concentration,,,,,,,,,
1075,Nguyen,2020,Environmental Science and Technology, 10.1021/acs.est.0c05705,soil,S2,PFDS,PFSA,C10HF21O3S,599.93099999999993,0.1,-,0,0,0,0.99999980047380832,0,1.9952619168617852E-7,1,0,-0.99999980047380832,598.93100019952612,96485,-161.09531935493851,10,21,0.3007518796992481,66.507648379563662,10,0.22530928172586284,6.4,6.8,1:10 CaCl2,not reported,not reported,not reported,not reported,not reported,not reported,not reported,7.1,not reported,48.9,27,24.2,not reported,100.10000000000001,0.37,3.7000000000000002E-3,10 mM CaCl2,100,-,5,-,124.51,33651.351351351354,4.5270025090548236,2.0952042331218186,Reported Kd originated from a single spiked concentration,,,,,,,,,
1076,Nguyen,2020,Environmental Science and Technology, 10.1021/acs.est.0c05705,soil,S3,PFDS,PFSA,C10HF21O3S,599.93099999999993,0.1,-,0,0,0,0.9999992056723962,0,7.9432760376743655E-7,1,0,-0.9999992056723962,598.93100079432747,96485,-161.09522337521148,10,21,0.3007518796992481,66.507648379563662,10,0.22530928172586284,6.4,6.2,1:10 CaCl2,not reported,not reported,not reported,not reported,not reported,not reported,not reported,8,not reported,51.44,10.17,38.380000000000003,not reported,99.990000000000009,0.08,8.0000000000000004E-4,10 mM CaCl2,100,-,5,-,56.23,70287.499999999985,4.8468780965174592,1.7499680835094029,Reported Kd originated from a single spiked concentration,,,,,,,,,
1077,Nguyen,2020,Environmental Science and Technology, 10.1021/acs.est.0c05705,soil,S4,PFDS,PFSA,C10HF21O3S,599.93099999999993,0.1,-,0,0,0,0.99999997488113634,0,2.5118863684138424E-8,1,0,-0.99999997488113634,598.93100002511881,96485,-161.09534749805891,10,21,0.3007518796992481,66.507648379563662,10,0.22530928172586284,6.4,7.7,1:10 CaCl2,not reported,not reported,not reported,not reported,not reported,not reported,not reported,4.8,not reported,46,37,17,not reported,100,0.25,2.5000000000000001E-3,10 mM CaCl2,100,-,5,-,10.36,4144,3.6174197467371765,1.0153597554092142,Reported Kd originated from a single spiked concentration,,,,,,,,,
1078,Nguyen,2020,Environmental Science and Technology, 10.1021/acs.est.0c05705,soil,S5,PFDS,PFSA,C10HF21O3S,599.93099999999993,0.1,-,0,0,0,0.99999994988127916,0,5.0118720850840682E-8,1,0,-0.99999994988127916,598.93100005011866,96485,-161.09534346397388,10,21,0.3007518796992481,66.507648379563662,10,0.22530928172586284,6.4,7.4,1:10 CaCl2,not reported,not reported,not reported,not reported,not reported,not reported,not reported,29.6,not reported,39.799999999999997,7.7,52.5,not reported,100,2.23,2.23E-2,10 mM CaCl2,100,-,5,-,66.5,2982.0627802690583,3.4745167822549439,1.8228216453031045,Reported Kd originated from a single spiked concentration,,,,,,,,,
1079,Nguyen,2020,Environmental Science and Technology, 10.1021/acs.est.0c05705,soil,S6,PFDS,PFSA,C10HF21O3S,599.93099999999993,0.1,-,0,0,0,0.99999997488113634,0,2.5118863684138424E-8,1,0,-0.99999997488113634,598.93100002511881,96485,-161.09534749805891,10,21,0.3007518796992481,66.507648379563662,10,0.22530928172586284,6.4,7.7,1:10 CaCl2,not reported,not reported,not reported,not reported,not reported,not reported,not reported,21.63,not reported,70,11,19,not reported,100,4.9000000000000004,4.9000000000000002E-2,10 mM CaCl2,100,-,5,-,324.98,6632.2448979591836,3.8216605543137234,2.5118566343422368,Reported Kd originated from a single spiked concentration,,,,,,,,,
1080,Nguyen,2020,Environmental Science and Technology, 10.1021/acs.est.0c05705,soil,S7,PFDS,PFSA,C10HF21O3S,599.93099999999993,0.1,-,0,0,0,0.99999997488113634,0,2.5118863684138424E-8,1,0,-0.99999997488113634,598.93100002511881,96485,-161.09534749805891,10,21,0.3007518796992481,66.507648379563662,10,0.22530928172586284,6.4,7.7,1:10 CaCl2,not reported,not reported,not reported,not reported,not reported,not reported,not reported,7.8,not reported,48.9,32.6,18.5,not reported,100,0.13,1.2999999999999999E-3,10 mM CaCl2,100,-,5,-,28.93,22253.846153846156,4.3474050813411464,1.4613484336479829,Reported Kd originated from a single spiked concentration,,,,,,,,,
1081,Nguyen,2020,Environmental Science and Technology, 10.1021/acs.est.0c05705,soil,S8,PFDS,PFSA,C10HF21O3S,599.93099999999993,0.1,-,0,0,0,0.9999999601892845,0,3.9810715470456442E-8,1,0,-0.9999999601892845,598.93100003981067,96485,-161.09534512731818,10,21,0.3007518796992481,66.507648379563662,10,0.22530928172586284,6.4,7.5,1:10 CaCl2,not reported,not reported,not reported,not reported,not reported,not reported,not reported,2.2799999999999998,not reported,93,1,5,not reported,99,0.4,4.0000000000000001E-3,10 mM CaCl2,100,-,5,-,27.34,6835,3.834738518903841,1.4367985102318035,Reported Kd originated from a single spiked concentration,,,,,,,,,
1082,Nguyen,2020,Environmental Science and Technology, 10.1021/acs.est.0c05705,soil,S9,PFDS,PFSA,C10HF21O3S,599.93099999999993,0.1,-,0,0,0,0.99999990000001004,0,9.9999990000001005E-8,1,0,-0.99999990000001004,598.93100010000001,96485,-161.09533541491663,10,21,0.3007518796992481,66.507648379563662,10,0.22530928172586284,6.4,7.1,1:10 CaCl2,not reported,not reported,not reported,not reported,not reported,not reported,not reported,17.420000000000002,not reported,48.86,16.05,35.090000000000003,not reported,100,1.19,1.1899999999999999E-2,10 mM CaCl2,100,-,5,-,76.739999999999995,6448.7394957983197,3.8094748334697668,1.8850217948622976,Reported Kd originated from a single spiked concentration,,,,,,,,,
1083,Nguyen,2020,Environmental Science and Technology, 10.1021/acs.est.0c05705,soil,S10,PFDS,PFSA,C10HF21O3S,599.93099999999993,0.1,-,0,0,0,0.99999949881301753,0,5.0118698243875318E-7,1,0,-0.99999949881301753,598.93100050118687,96485,-161.0952706776493,10,21,0.3007518796992481,66.507648379563662,10,0.22530928172586284,6.4,6.4,1:10 CaCl2,not reported,not reported,not reported,not reported,not reported,not reported,not reported,16.54,not reported,29.38,13.9,56.71,not reported,99.990000000000009,0.17,1.7000000000000001E-3,10 mM CaCl2,100,-,5,-,13.61,8005.8823529411757,3.9034092038250607,1.1338581252033346,Reported Kd originated from a single spiked concentration,,,,,,,,,
1084,Nguyen,2020,Environmental Science and Technology, 10.1021/acs.est.0c05705,soil,S1,PFEtCHxS,PFSA,C8HF15O3S,461.94059999999996,0.1,-,0,0,0,0.9999999601892845,0,3.9810715470456442E-8,1,0,-0.9999999601892845,460.94060003981065,96485,-209.32197370014674,8,15,0.33684210526315789,61.69624406254831,8,2.3222192947339191,3.9,7.5,1:10 CaCl2,not reported,not reported,not reported,not reported,not reported,not reported,not reported,41.4,not reported,16.899999999999999,17.5,65.599999999999994,not reported,100,0.7,6.9999999999999993E-3,10 mM CaCl2,100,-,5,-,1.73,247.14285714285717,2.3929480631145386,0.2380461031287954,Reported Kd at the soil pH condition ,,,,,,,,,
1085,Nguyen,2020,Environmental Science and Technology, 10.1021/acs.est.0c05705,soil,S2,PFEtCHxS,PFSA,C8HF15O3S,461.94059999999996,0.1,-,0,0,0,0.99999980047380832,0,1.9952619168617852E-7,1,0,-0.99999980047380832,460.94060019952616,96485,-209.32194019565685,8,15,0.33684210526315789,61.69624406254831,8,2.3222192947339191,3.9,6.8,1:10 CaCl2,not reported,not reported,not reported,not reported,not reported,not reported,not reported,7.1,not reported,48.9,27,24.2,not reported,100.10000000000001,0.37,3.7000000000000002E-3,10 mM CaCl2,100,-,5,-,1.67,451.3513513513513,2.6545147470805883,0.22271647114758325,Reported Kd at the soil pH condition ,,,,,,,,,
1086,Nguyen,2020,Environmental Science and Technology, 10.1021/acs.est.0c05705,soil,S3,PFEtCHxS,PFSA,C8HF15O3S,461.94059999999996,0.1,-,0,0,0,0.9999992056723962,0,7.9432760376743655E-7,1,0,-0.9999992056723962,460.94060079432751,96485,-209.32181542053593,8,15,0.33684210526315789,61.69624406254831,8,2.3222192947339191,3.9,6.2,1:10 CaCl2,not reported,not reported,not reported,not reported,not reported,not reported,not reported,8,not reported,51.44,10.17,38.380000000000003,not reported,99.990000000000009,0.08,8.0000000000000004E-4,10 mM CaCl2,100,-,5,-,0.68,850,2.9294189257142929,-0.16749108729376366,Reported Kd at the soil pH condition ,,,,,,,,,
1087,Nguyen,2020,Environmental Science and Technology, 10.1021/acs.est.0c05705,soil,S4,PFEtCHxS,PFSA,C8HF15O3S,461.94059999999996,0.1,-,0,0,0,0.99999997488113634,0,2.5118863684138424E-8,1,0,-0.99999997488113634,460.94060002511878,96485,-209.32197678214618,8,15,0.33684210526315789,61.69624406254831,8,2.3222192947339191,3.9,7.7,1:10 CaCl2,not reported,not reported,not reported,not reported,not reported,not reported,not reported,4.8,not reported,46,37,17,not reported,100,0.25,2.5000000000000001E-3,10 mM CaCl2,100,-,5,-,1.28,512,2.7092699609758308,0.10720996964786837,Reported Kd at the soil pH condition ,,,,,,,,,
1088,Nguyen,2020,Environmental Science and Technology, 10.1021/acs.est.0c05705,soil,S5,PFEtCHxS,PFSA,C8HF15O3S,461.94059999999996,0.1,-,0,0,0,0.99999994988127916,0,5.0118720850840682E-8,1,0,-0.99999994988127916,460.94060005011869,96485,-209.32197153777358,8,15,0.33684210526315789,61.69624406254831,8,2.3222192947339191,3.9,7.4,1:10 CaCl2,not reported,not reported,not reported,not reported,not reported,not reported,not reported,29.6,not reported,39.799999999999997,7.7,52.5,not reported,100,2.23,2.23E-2,10 mM CaCl2,100,-,5,-,0.92,41.255605381165921,1.6154829642973947,-3.6212172654444715E-2,Reported Kd at the soil pH condition ,,,,,,,,,
1089,Nguyen,2020,Environmental Science and Technology, 10.1021/acs.est.0c05705,soil,S6,PFEtCHxS,PFSA,C8HF15O3S,461.94059999999996,0.1,-,0,0,0,0.99999997488113634,0,2.5118863684138424E-8,1,0,-0.99999997488113634,460.94060002511878,96485,-209.32197678214618,8,15,0.33684210526315789,61.69624406254831,8,2.3222192947339191,3.9,7.7,1:10 CaCl2,not reported,not reported,not reported,not reported,not reported,not reported,not reported,21.63,not reported,70,11,19,not reported,100,4.9000000000000004,4.9000000000000002E-2,10 mM CaCl2,100,-,5,-,5.5,112.24489795918367,2.0501666094657303,0.74036268949424389,Reported Kd at the soil pH condition ,,,,,,,,,
1090,Nguyen,2020,Environmental Science and Technology, 10.1021/acs.est.0c05705,soil,S7,PFEtCHxS,PFSA,C8HF15O3S,461.94059999999996,0.1,-,0,0,0,0.99999997488113634,0,2.5118863684138424E-8,1,0,-0.99999997488113634,460.94060002511878,96485,-209.32197678214618,8,15,0.33684210526315789,61.69624406254831,8,2.3222192947339191,3.9,7.7,1:10 CaCl2,not reported,not reported,not reported,not reported,not reported,not reported,not reported,7.8,not reported,48.9,32.6,18.5,not reported,100,0.13,1.2999999999999999E-3,10 mM CaCl2,100,-,5,-,0.95,730.76923076923072,2.8637802529820111,-2.2276394711152253E-2,Reported Kd at the soil pH condition ,,,,,,,,,
1091,Nguyen,2020,Environmental Science and Technology, 10.1021/acs.est.0c05705,soil,S8,PFEtCHxS,PFSA,C8HF15O3S,461.94059999999996,0.1,-,0,0,0,0.9999999601892845,0,3.9810715470456442E-8,1,0,-0.9999999601892845,460.94060003981065,96485,-209.32197370014674,8,15,0.33684210526315789,61.69624406254831,8,2.3222192947339191,3.9,7.5,1:10 CaCl2,not reported,not reported,not reported,not reported,not reported,not reported,not reported,2.2799999999999998,not reported,93,1,5,not reported,99,0.4,4.0000000000000001E-3,10 mM CaCl2,100,-,5,-,0.73,182.5,2.2612628687924934,-0.13667713987954411,Reported Kd at the soil pH condition ,,,,,,,,,
1092,Nguyen,2020,Environmental Science and Technology, 10.1021/acs.est.0c05705,soil,S9,PFEtCHxS,PFSA,C8HF15O3S,461.94059999999996,0.1,-,0,0,0,0.99999990000001004,0,9.9999990000001005E-8,1,0,-0.99999990000001004,460.94060009999993,96485,-209.32196107387543,8,15,0.33684210526315789,61.69624406254831,8,2.3222192947339191,3.9,7.1,1:10 CaCl2,not reported,not reported,not reported,not reported,not reported,not reported,not reported,17.420000000000002,not reported,48.86,16.05,35.090000000000003,not reported,100,1.19,1.1899999999999999E-2,10 mM CaCl2,100,-,5,-,1.62,136.13445378151263,2.1339680531501002,0.20951501454263097,Reported Kd at the soil pH condition ,,,,,,,,,
1093,Nguyen,2020,Environmental Science and Technology, 10.1021/acs.est.0c05705,soil,S10,PFEtCHxS,PFSA,C8HF15O3S,461.94059999999996,0.1,-,0,0,0,0.99999949881301753,0,5.0118698243875318E-7,1,0,-0.99999949881301753,460.94060050118696,96485,-209.32187691443238,8,15,0.33684210526315789,61.69624406254831,8,2.3222192947339191,3.9,6.4,1:10 CaCl2,not reported,not reported,not reported,not reported,not reported,not reported,not reported,16.54,not reported,29.38,13.9,56.71,not reported,99.990000000000009,0.17,1.7000000000000001E-3,10 mM CaCl2,100,-,5,-,2.42,1423.5294117647056,3.1533664446021574,0.38381536598043126,Reported Kd at the soil pH condition ,,,,,,,,,
1094,Nguyen,2020,Environmental Science and Technology, 10.1021/acs.est.0c05705,soil,S1,8:2 Cl-PFAES,PFAES,C8HClF16O4S,531.90269999999998,0.1,-,0,0,0,0.9999999601892845,0,3.9810715470456442E-8,1,0,-0.9999999601892845,530.90270003981072,96485,-181.73762565462184,8,16,0.31578947368421051,57.153310182482628,8,1.1664301138432827,5.3,7.5,1:10 CaCl2,not reported,not reported,not reported,not reported,not reported,not reported,not reported,41.4,not reported,16.899999999999999,17.5,65.599999999999994,not reported,100,0.7,6.9999999999999993E-3,10 mM CaCl2,100,-,5,-,157.32,22474.285714285717,4.3516858977234527,2.1967839377377092,Reported Kd at the soil pH condition ,,,,,,,,,
1095,Chanlong Wei,2019,Chemosphere, 10.1016/j.chemosphere.2018.10.098,soil,JX,8:2 Cl-PFAES,PFAES,C8HClF16O4S,531.90269999999998,0.1,-,0,0,0,0.99999601894414336,0,3.981055856666137E-6,1,0,-0.99999601894414336,530.90270398105588,96485,-181.73690803290489,8,16,0.31578947368421051,57.153310182482628,8,1.1664301138432827,5.3,5.5,not reported,34.677125681006949,24.253792769188216,3.4677125681006951,3.3129619458611224,122.7932522557866,0.33129619458611226,not reported,8,not reported,14,76,10,not reported,100,1.27,1.2699999999999999E-2,10 mM NaNO3,20,-,10,600,133.328,10498.267716535434,4.0211176435256224,2.1249213644815792,Kd calculated from Lanmguir parameters,,,,,,,,,
1096,Chanlong Wei,2019,Chemosphere, 10.1016/j.chemosphere.2018.10.098,soil,HLJ,8:2 Cl-PFAES,PFAES,C8HClF16O4S,531.90269999999998,0.1,-,0,0,0,0.99999998415106828,0,1.5848931673422437E-8,1,0,-0.99999998415106828,530.90270001584895,96485,-181.73763001758226,8,16,0.31578947368421051,57.153310182482628,8,1.1664301138432827,5.3,7.9,not reported,5.9030847266578999,105.70480305592085,0.59030847266579001,1.1590074539034916,42.958022754021179,0.11590074539034916,not reported,33.299999999999997,not reported,16,50,34,not reported,100,2.25,2.2499999999999999E-2,10 mM NaNO3,20,-,10,600,306.88800000000003,13639.466666666669,4.1347973887770495,2.4869799068884118,Kd calculated from Lanmguir parameters,,,,,,,,,
1097,Chanlong Wei,2019,Chemosphere, 10.1016/j.chemosphere.2018.10.098,soil,JS,8:2 Cl-PFAES,PFAES,C8HClF16O4S,531.90269999999998,0.1,-,0,0,0,0.99999998415106828,0,1.5848931673422437E-8,1,0,-0.99999998415106828,530.90270001584895,96485,-181.73763001758226,8,16,0.31578947368421051,57.153310182482628,8,1.1664301138432827,5.3,7.9,not reported,6.693426639113282,119.85722337027993,0.66934266391132824,0.39692036092585331,14.711651628089447,3.9692036092585328E-2,not reported,5.58,not reported,46,48,6,not reported,100,0.87,8.6999999999999994E-3,10 mM NaNO3,20,-,10,600,298.35000000000002,34293.10344827587,4.5352067895614985,2.4747260421801167,Kd calculated from Lanmguir parameters,,,,,,,,,
1099,Chanlong Wei,2019,Chemosphere, 10.1016/j.chemosphere.2018.10.098,soil,GD,8:2 Cl-PFAES,PFAES,C8HClF16O4S,531.90269999999998,0.1,-,0,0,0,0.99993690824637249,0,6.3091753627486543E-5,1,0,-0.99993690824637249,530.90276309175363,96485,-181.72614516130747,8,16,0.31578947368421051,57.153310182482628,8,1.1664301138432827,5.3,4.3,not reported,56.415025361638172,1010.2072765984094,5.6415025361638174,9.3937818752451943,348.17575519811692,0.9393781875245194,not reported,10.7,not reported,36,33,31,not reported,100,2.71,2.7099999999999999E-2,10 mM NaNO3,20,-,10,600,212.42799999999997,7838.6715867158664,3.8942424693883257,2.3272117602627316,Kd calculated from Lanmguir parameters,,,,,,,,,
1100,Chanlong Wei,2019,Chemosphere, 10.1016/j.chemosphere.2018.10.098,soil,GX,8:2 Cl-PFAES,PFAES,C8HClF16O4S,531.90269999999998,0.1,-,0,0,0,0.99998004777494953,0,1.9952225050461341E-5,1,0,-0.99998004777494953,530.90271995222508,96485,-181.73400000333081,8,16,0.31578947368421051,57.153310182482628,8,1.1664301138432827,5.3,4.8,not reported,43.783543114784898,784.01903688396283,4.37835431147849,2.0004786190663006,74.146724205570806,0.20004786190663007,not reported,7.63,not reported,47,16,37,not reported,100,1.46,1.46E-2,10 mM NaNO3,20,-,10,600,215.11799999999999,14734.109589041096,4.1683238957169673,2.332676751501404,Kd calculated from Lanmguir parameters,,,,,,,,,
1101,Nguyen,2020,Environmental Science and Technology, 10.1021/acs.est.0c05705,soil,S2,8:2 Cl-PFAES,PFAES,C8HClF16O4S,531.90269999999998,0.1,-,0,0,0,0.99999980047380832,0,1.9952619168617852E-7,1,0,-0.99999980047380832,530.90270019952618,96485,-181.73759657363578,8,16,0.31578947368421051,57.153310182482628,8,1.1664301138432827,5.3,6.8,1:10 CaCl2,not reported,not reported,not reported,not reported,not reported,not reported,not reported,7.1,not reported,48.9,27,24.2,not reported,100.10000000000001,0.37,3.7000000000000002E-3,10 mM CaCl2,100,-,5,-,147.41,39840.54054054054,4.6003252221256936,2.168526946192689,Reported Kd at the soil pH condition ,,,,,,,,,
1102,Nguyen,2020,Environmental Science and Technology, 10.1021/acs.est.0c05705,soil,S3,8:2 Cl-PFAES,PFAES,C8HClF16O4S,531.90269999999998,0.1,-,0,0,0,0.9999992056723962,0,7.9432760376743655E-7,1,0,-0.9999992056723962,530.90270079432753,96485,-181.737488272224,8,16,0.31578947368421051,57.153310182482628,8,1.1664301138432827,5.3,6.2,1:10 CaCl2,not reported,not reported,not reported,not reported,not reported,not reported,not reported,8,not reported,51.44,10.17,38.380000000000003,not reported,99.990000000000009,0.08,8.0000000000000004E-4,10 mM CaCl2,100,-,5,-,85.56,106950,5.0291807889075466,1.9322707758994904,Reported Kd at the soil pH condition ,,,,,,,,,
1103,Nguyen,2020,Environmental Science and Technology, 10.1021/acs.est.0c05705,soil,S4,8:2 Cl-PFAES,PFAES,C8HClF16O4S,531.90269999999998,0.1,-,0,0,0,0.99999997488113634,0,2.5118863684138424E-8,1,0,-0.99999997488113634,530.90270002511886,96485,-181.73762832971352,8,16,0.31578947368421051,57.153310182482628,8,1.1664301138432827,5.3,7.7,1:10 CaCl2,not reported,not reported,not reported,not reported,not reported,not reported,not reported,4.8,not reported,46,37,17,not reported,100,0.25,2.5000000000000001E-3,10 mM CaCl2,100,-,5,-,39.659999999999997,15863.999999999998,4.2004127011972461,1.5983527098692838,Reported Kd at the soil pH condition ,,,,,,,,,
1104,Nguyen,2020,Environmental Science and Technology, 10.1021/acs.est.0c05705,soil,S5,8:2 Cl-PFAES,PFAES,C8HClF16O4S,531.90269999999998,0.1,-,0,0,0,0.99999994988127916,0,5.0118720850840682E-8,1,0,-0.99999994988127916,530.90270005011871,96485,-181.73762377774077,8,16,0.31578947368421051,57.153310182482628,8,1.1664301138432827,5.3,7.4,1:10 CaCl2,not reported,not reported,not reported,not reported,not reported,not reported,not reported,29.6,not reported,39.799999999999997,7.7,52.5,not reported,100,2.23,2.23E-2,10 mM CaCl2,100,-,5,-,117.1,5251.1210762331839,3.7202520320242023,2.068556895072363,Reported Kd at the soil pH condition ,,,,,,,,,
1105,Nguyen,2020,Environmental Science and Technology, 10.1021/acs.est.0c05705,soil,S6,8:2 Cl-PFAES,PFAES,C8HClF16O4S,531.90269999999998,0.1,-,0,0,0,0.99999997488113634,0,2.5118863684138424E-8,1,0,-0.99999997488113634,530.90270002511886,96485,-181.73762832971352,8,16,0.31578947368421051,57.153310182482628,8,1.1664301138432827,5.3,7.7,1:10 CaCl2,not reported,not reported,not reported,not reported,not reported,not reported,not reported,21.63,not reported,70,11,19,not reported,100,4.9000000000000004,4.9000000000000002E-2,10 mM CaCl2,100,-,5,-,307.52999999999997,6276.1224489795914,3.7976914082095741,2.4878874882380875,Reported Kd at the soil pH condition ,,,,,,,,,
1106,Nguyen,2020,Environmental Science and Technology, 10.1021/acs.est.0c05705,soil,S7,8:2 Cl-PFAES,PFAES,C8HClF16O4S,531.90269999999998,0.1,-,0,0,0,0.99999997488113634,0,2.5118863684138424E-8,1,0,-0.99999997488113634,530.90270002511886,96485,-181.73762832971352,8,16,0.31578947368421051,57.153310182482628,8,1.1664301138432827,5.3,7.7,1:10 CaCl2,not reported,not reported,not reported,not reported,not reported,not reported,not reported,7.8,not reported,48.9,32.6,18.5,not reported,100,0.13,1.2999999999999999E-3,10 mM CaCl2,100,-,5,-,4.09,3146.1538461538462,3.4977799557005049,0.61172330800734176,Reported Kd at the soil pH condition ,,,,,,,,,
1107,Nguyen,2020,Environmental Science and Technology, 10.1021/acs.est.0c05705,soil,S8,8:2 Cl-PFAES,PFAES,C8HClF16O4S,531.90269999999998,0.1,-,0,0,0,0.9999999601892845,0,3.9810715470456442E-8,1,0,-0.9999999601892845,530.90270003981072,96485,-181.73762565462184,8,16,0.31578947368421051,57.153310182482628,8,1.1664301138432827,5.3,7.5,1:10 CaCl2,not reported,not reported,not reported,not reported,not reported,not reported,not reported,2.2799999999999998,not reported,93,1,5,not reported,99,0.4,4.0000000000000001E-3,10 mM CaCl2,100,-,5,-,68.25,17062.5,4.2320426643848315,1.8341026557127937,Reported Kd at the soil pH condition ,,,,,,,,,
1108,Nguyen,2020,Environmental Science and Technology, 10.1021/acs.est.0c05705,soil,S9,8:2 Cl-PFAES,PFAES,C8HClF16O4S,531.90269999999998,0.1,-,0,0,0,0.99999990000001004,0,9.9999990000001005E-8,1,0,-0.99999990000001004,530.90270009999995,96485,-181.73761469536174,8,16,0.31578947368421051,57.153310182482628,8,1.1664301138432827,5.3,7.1,1:10 CaCl2,not reported,not reported,not reported,not reported,not reported,not reported,not reported,17.420000000000002,not reported,48.86,16.05,35.090000000000003,not reported,100,1.19,1.1899999999999999E-2,10 mM CaCl2,100,-,5,-,103.84,8726.0504201680687,3.9408177180637631,2.0163646794562942,Reported Kd at the soil pH condition ,,,,,,,,,
1109,Nguyen,2020,Environmental Science and Technology, 10.1021/acs.est.0c05705,soil,S10,8:2 Cl-PFAES,PFAES,C8HClF16O4S,531.90269999999998,0.1,-,0,0,0,0.99999949881301753,0,5.0118698243875318E-7,1,0,-0.99999949881301753,530.90270050118693,96485,-181.73754164725386,8,16,0.31578947368421051,57.153310182482628,8,1.1664301138432827,5.3,6.4,1:10 CaCl2,not reported,not reported,not reported,not reported,not reported,not reported,not reported,16.54,not reported,29.38,13.9,56.71,not reported,99.990000000000009,0.17,1.7000000000000001E-3,10 mM CaCl2,100,-,5,-,2.42,1423.5294117647056,3.1533664446021574,0.38381536598043126,Reported Kd at the soil pH condition ,,,,,,,,,
1110,Nguyen,2020,Environmental Science and Technology, 10.1021/acs.est.0c05705,soil,S1,4:2 FTS,FTS,C6H5F9O3S,327.98139999999995,0.4,-,0,0,0,0.99999992056718279,0,7.9432817162855232E-8,1,0,-0.99999992056718279,326.98140007943277,96485,-295.07792281911378,6,9,0.42105263157894735,52.13710289668866,4,5.7954628943903801,2.6,7.5,1:10 CaCl2,not reported,not reported,not reported,not reported,not reported,not reported,not reported,41.4,not reported,16.899999999999999,17.5,65.599999999999994,not reported,100,0.7,6.9999999999999993E-3,10 mM CaCl2,100,-,5,-,0.38,54.285714285714292,1.7346855566025534,-0.42021640338318983,Reported Kd at the soil pH condition ,,,,,,,,,
1111,Nguyen,2020,Environmental Science and Technology, 10.1021/acs.est.0c05705,soil,S2,4:2 FTS,FTS,C6H5F9O3S,327.98139999999995,0.4,-,0,0,0,0.99999960189298798,0,3.981070120642407E-7,1,0,-0.99999960189298798,326.98140039810698,96485,-295.07782849780568,6,9,0.42105263157894735,52.13710289668866,4,5.7954628943903801,2.6,6.8,1:10 CaCl2,not reported,not reported,not reported,not reported,not reported,not reported,not reported,7.1,not reported,48.9,27,24.2,not reported,100.10000000000001,0.37,3.7000000000000002E-3,10 mM CaCl2,100,-,5,-,0.37,100,2,-0.43179827593300502,Reported Kd at the soil pH condition ,,,,,,,,,
1112,Nguyen,2020,Environmental Science and Technology, 10.1021/acs.est.0c05705,soil,S3,4:2 FTS,FTS,C6H5F9O3S,327.98139999999995,0.4,-,0,0,0,0.99999841510931942,0,1.5848906805786609E-6,1,0,-0.99999841510931942,326.98140158489059,96485,-295.07747723313059,6,9,0.42105263157894735,52.13710289668866,4,5.7954628943903801,2.6,6.2,1:10 CaCl2,not reported,not reported,not reported,not reported,not reported,not reported,not reported,8,not reported,51.44,10.17,38.380000000000003,not reported,99.990000000000009,0.08,8.0000000000000004E-4,10 mM CaCl2,100,-,5,-,0.24,300,2.4771212547196626,-0.61978875828839397,Reported Kd at the soil pH condition ,,,,,,,,,
1113,Nguyen,2020,Environmental Science and Technology, 10.1021/acs.est.0c05705,soil,S4,4:2 FTS,FTS,C6H5F9O3S,327.98139999999995,0.4,-,0,0,0,0.99999994988127916,0,5.011872085084086E-8,1,0,-0.99999994988127916,326.98140005011868,96485,-295.07793149551105,6,9,0.42105263157894735,52.13710289668866,4,5.7954628943903801,2.6,7.7,1:10 CaCl2,not reported,not reported,not reported,not reported,not reported,not reported,not reported,4.8,not reported,46,37,17,not reported,100,0.25,2.5000000000000001E-3,10 mM CaCl2,100,-,5,-,0.17,68,1.8325089127062364,-0.769551078621726,Reported Kd at the soil pH condition ,,,,,,,,,
1114,Nguyen,2020,Environmental Science and Technology, 10.1021/acs.est.0c05705,soil,S5,4:2 FTS,FTS,C6H5F9O3S,327.98139999999995,0.4,-,0,0,0,0.99999990000001004,0,9.9999990000001005E-8,1,0,-0.99999990000001004,326.98140009999997,96485,-295.07791673163422,6,9,0.42105263157894735,52.13710289668866,4,5.7954628943903801,2.6,7.4,1:10 CaCl2,not reported,not reported,not reported,not reported,not reported,not reported,not reported,29.6,not reported,39.799999999999997,7.7,52.5,not reported,100,2.23,2.23E-2,10 mM CaCl2,100,-,5,-,0.31,13.901345291479821,1.143056830786112,-0.50863830616572736,Reported Kd at the soil pH condition ,,,,,,,,,
1115,Nguyen,2020,Environmental Science and Technology, 10.1021/acs.est.0c05705,soil,S6,4:2 FTS,FTS,C6H5F9O3S,327.98139999999995,0.4,-,0,0,0,0.99999994988127916,0,5.011872085084086E-8,1,0,-0.99999994988127916,326.98140005011868,96485,-295.07793149551105,6,9,0.42105263157894735,52.13710289668866,4,5.7954628943903801,2.6,7.7,1:10 CaCl2,not reported,not reported,not reported,not reported,not reported,not reported,not reported,21.63,not reported,70,11,19,not reported,100,4.9000000000000004,4.9000000000000002E-2,10 mM CaCl2,100,-,5,-,0.51,10.408163265306122,1.0173740960694226,-0.29242982390206362,Reported Kd at the soil pH condition ,,,,,,,,,
1116,Nguyen,2020,Environmental Science and Technology, 10.1021/acs.est.0c05705,soil,S7,4:2 FTS,FTS,C6H5F9O3S,327.98139999999995,0.4,-,0,0,0,0.99999994988127916,0,5.011872085084086E-8,1,0,-0.99999994988127916,326.98140005011868,96485,-295.07793149551105,6,9,0.42105263157894735,52.13710289668866,4,5.7954628943903801,2.6,7.7,1:10 CaCl2,not reported,not reported,not reported,not reported,not reported,not reported,not reported,7.8,not reported,48.9,32.6,18.5,not reported,100,0.13,1.2999999999999999E-3,10 mM CaCl2,100,-,5,-,0.2,153.84615384615387,2.1870866433571443,-0.69897000433601875,Reported Kd at the soil pH condition ,,,,,,,,,
1117,Nguyen,2020,Environmental Science and Technology, 10.1021/acs.est.0c05705,soil,S8,4:2 FTS,FTS,C6H5F9O3S,327.98139999999995,0.4,-,0,0,0,0.99999992056718279,0,7.9432817162855232E-8,1,0,-0.99999992056718279,326.98140007943277,96485,-295.07792281911378,6,9,0.42105263157894735,52.13710289668866,4,5.7954628943903801,2.6,7.5,1:10 CaCl2,not reported,not reported,not reported,not reported,not reported,not reported,not reported,2.2799999999999998,not reported,93,1,5,not reported,99,0.4,4.0000000000000001E-3,10 mM CaCl2,100,-,5,-,0.06,15,1.1760912590556813,-1.2218487496163564,Reported Kd at the soil pH condition ,,,,,,,,,
1118,Nguyen,2020,Environmental Science and Technology, 10.1021/acs.est.0c05705,soil,S9,4:2 FTS,FTS,C6H5F9O3S,327.98139999999995,0.4,-,0,0,0,0.99999980047380832,0,1.9952619168617889E-7,1,0,-0.99999980047380832,326.98140019952615,96485,-295.07788727383161,6,9,0.42105263157894735,52.13710289668866,4,5.7954628943903801,2.6,7.1,1:10 CaCl2,not reported,not reported,not reported,not reported,not reported,not reported,not reported,17.420000000000002,not reported,48.86,16.05,35.090000000000003,not reported,100,1.19,1.1899999999999999E-2,10 mM CaCl2,100,-,5,-,0.2,16.806722689075631,1.2254830342714504,-0.69897000433601875,Reported Kd at the soil pH condition ,,,,,,,,,
1119,Nguyen,2020,Environmental Science and Technology, 10.1021/acs.est.0c05705,soil,S10,4:2 FTS,FTS,C6H5F9O3S,327.98139999999995,0.4,-,0,0,0,0.99999900000099995,0,9.9999900000100006E-7,1,0,-0.99999900000099995,326.98140099999893,96485,-295.07765034958913,6,9,0.42105263157894735,52.13710289668866,4,5.7954628943903801,2.6,6.4,1:10 CaCl2,not reported,not reported,not reported,not reported,not reported,not reported,not reported,16.54,not reported,29.38,13.9,56.71,not reported,99.990000000000009,0.17,1.7000000000000001E-3,10 mM CaCl2,100,-,5,-,0.27,158.8235294117647,2.2009148427807133,-0.56863623584101264,Reported Kd at the soil pH condition ,,,,,,,,,
1120,Mejia-Avendaño,2021,Environmental Science and Technology, 10.1021/acs.est.9b04989,soil,ID1,6:2 FTS,FTS,C8H5F13O3S,427.97499999999997,0.4,-,0,0,0,0.99999992920542657,0,7.0794573426541869E-8,1,0,-0.99999992920542657,426.97500007079452,96485,-225.97340161224406,8,13,0.38866396761133604,57.713651498335182,6,4.0402066275747108,3.9,7.55,1:10 deionized water,not reported,not reported,not reported,not reported,not reported,not reported,not reported,2.52,BaCl2-TEA (pH 8.2),45.3,30,24.7,Pipette,100,3.4,3.4000000000000002E-2,50 mM CaCl2 + 0.2 g/L NaN3,100,-,2.139875,2139.875,6.1846000000000005,181.9,2.2598326990634834,0.79131161610573875,Calculated in this study from reported Koc at Cw = 10 nM,,,,,,,,,
1121,Mejia-Avendaño,2021,Environmental Science and Technology, 10.1021/acs.est.9b04989,soil,ID2,6:2 FTS,FTS,C8H5F13O3S,427.97499999999997,0.4,-,0,0,0,0.99999998451183403,0,1.5488165949241471E-8,1,0,-0.99999998451183403,426.97500001548809,96485,-225.97341413929249,8,13,0.38866396761133604,57.713651498335182,6,4.0402066275747108,3.9,8.2100000000000009,1:10 deionized water,not reported,not reported,not reported,not reported,not reported,not reported,not reported,11.4,BaCl2-TEA (pH 8.2),28.7,40,31.3,Pipette,100,1.7,1.7000000000000001E-2,50 mM CaCl2 + 0.2 g/L NaN3,100,-,2.139875,2139.875,1.4501000000000002,85.3,1.930949031167523,0.161397952545797,Calculated in this study from reported Koc at Cw = 10 nM,,,,,,,,,
1122,Mejia-Avendaño,2021,Environmental Science and Technology, 10.1021/acs.est.9b04989,soil,ID3,6:2 FTS,FTS,C8H5F13O3S,427.97499999999997,0.4,-,0,0,0,0.9999993239174817,0,6.7608251830410026E-7,1,0,-0.9999993239174817,426.97500067608252,96485,-225.97326451291448,8,13,0.38866396761133604,57.713651498335182,6,4.0402066275747108,3.9,6.57,1:10 deionized water,not reported,not reported,not reported,not reported,not reported,not reported,not reported,9.93,BaCl2-TEA (pH 8.2),20,50,30,Pipette,100,2.9,2.8999999999999998E-2,50 mM CaCl2 + 0.2 g/L NaN3,100,-,2.139875,2139.875,3.0652999999999997,105.7,2.0240749873074262,0.48647298520638232,Calculated in this study from reported Koc at Cw = 10 nM,,,,,,,,,
1123,Mejia-Avendaño,2021,Environmental Science and Technology, 10.1021/acs.est.9b04989,soil,ID4,6:2 FTS,FTS,C8H5F13O3S,427.97499999999997,0.4,-,0,0,0,0.99992057348559982,0,7.9426514400130776E-5,1,0,-0.99992057348559982,426.9750794265143,96485,-225.95542733393316,8,13,0.38866396761133604,57.713651498335182,6,4.0402066275747108,3.9,4.5,1:10 deionized water,not reported,not reported,not reported,not reported,not reported,not reported,not reported,11.497016666666671,KNN input,51.2,36.200000000000003,12.6,Pipette,100,7.3,7.2999999999999995E-2,50 mM CaCl2 + 0.2 g/L NaN3,100,-,2.139875,2139.875,6.0735999999999999,83.2,1.920123326290724,0.7834461864111798,Calculated in this study from reported Koc at Cw = 10 nM,,,,,,,,,
1124,Mejia-Avendaño,2021,Environmental Science and Technology, 10.1021/acs.est.9b04989,soil,ID5,6:2 FTS,FTS,C8H5F13O3S,427.97499999999997,0.4,-,0,0,0,0.9999822175221218,0,1.7782477878246509E-5,1,0,-0.9999822175221218,426.97501778247783,96485,-225.96938986902339,8,13,0.38866396761133604,57.713651498335182,6,4.0402066275747108,3.9,5.15,1:10 deionized water,not reported,not reported,not reported,not reported,not reported,not reported,not reported,0.57999999999999996,BaCl2-TEA (pH 8.2),59.2,32.200000000000003,8.6,Pipette,100,1.8,1.8000000000000002E-2,50 mM CaCl2 + 0.2 g/L NaN3,100,-,2.139875,2139.875,0.2646,14.699999999999998,1.167317334748176,-0.57741016014851787,Calculated in this study from reported Koc at Cw = 10 nM,,,,,,,,,
1125,Brazen-Hanson,2017,Environmental Science and Technology, 10.1021/acs.est.7b03452,soil,1,6:2 FTS,FTS,C8H5F13O3S,427.97499999999997,0.4,-,0,0,0,0.99998004777494953,0,1.9952225050461375E-5,1,0,-0.99998004777494953,426.97501995222501,96485,-225.96889841555992,8,13,0.38866396761133604,57.713651498335182,6,4.0402066275747108,3.9,5.0999999999999996,1:100 deionized water,not reported,not reported,not reported,not reported,not reported,not reported,not reported,14,Summation (pH7),6.3,71,22,not reported,99.3,1.5,1.4999999999999999E-2,artificial groundwater,100,-,0.20114824999999997,20970.775000000001,5.9,393.33333333333337,2.5947607525864629,0.77085201164214423,Reported Kd at Cw = 8.8 nM,,,,,,,,,
1126,Brazen-Hanson,2017,Environmental Science and Technology, 10.1021/acs.est.7b03452,soil,2,6:2 FTS,FTS,C8H5F13O3S,427.97499999999997,0.4,-,0,0,0,0.99999205678074798,0,7.9432192520095431E-6,1,0,-0.99999205678074798,426.97500794321923,96485,-225.97161848714413,8,13,0.38866396761133604,57.713651498335182,6,4.0402066275747108,3.9,5.5,1:100 deionized water,not reported,not reported,not reported,not reported,not reported,not reported,not reported,22,Summation (pH7),10,64,26,not reported,100,0.12,1.1999999999999999E-3,artificial groundwater,100,-,0.20114824999999997,51.356999999999992,5.7,4750.0000000000009,3.6766936096248668,0.75587485567249146,Reported Kd at Cw = 8.8 nM,,,,,,,,,
1127,Brazen-Hanson,2017,Environmental Science and Technology, 10.1021/acs.est.7b03452,soil,3,6:2 FTS,FTS,C8H5F13O3S,427.97499999999997,0.4,-,0,0,0,0.99998004777494953,0,1.9952225050461375E-5,1,0,-0.99998004777494953,426.97501995222501,96485,-225.96889841555992,8,13,0.38866396761133604,57.713651498335182,6,4.0402066275747108,3.9,5.0999999999999996,1:100 deionized water,not reported,not reported,not reported,not reported,not reported,not reported,not reported,17,Summation (pH7),14,39,48,not reported,101,2.2999999999999998,2.3E-2,artificial groundwater,100,-,0.20114824999999997,51.356999999999992,6.2,269.56521739130437,2.4306638534806608,0.79239168949825389,Reported Kd at Cw = 8.8 nM,,,,,,,,,
1128,Brazen-Hanson,2017,Environmental Science and Technology, 10.1021/acs.est.7b03452,soil,4,6:2 FTS,FTS,C8H5F13O3S,427.97499999999997,0.4,-,0,0,0,0.99997488176662641,0,2.5118233373599843E-5,1,0,-0.99997488176662641,426.97502511823336,96485,-225.96772830105468,8,13,0.38866396761133604,57.713651498335182,6,4.0402066275747108,3.9,5,1:100 deionized water,not reported,not reported,not reported,not reported,not reported,not reported,not reported,36,Summation (pH7),37,45,18,not reported,100,7.7,7.6999999999999999E-2,artificial groundwater,100,-,0.20114824999999997,51.356999999999992,13,168.83116883116884,2.2274526271343551,1.1139433523068367,Reported Kd at Cw = 8.8 nM,,,,,,,,,
1129,Brazen-Hanson,2017,Environmental Science and Technology, 10.1021/acs.est.7b03452,soil,5,6:2 FTS,FTS,C8H5F13O3S,427.97499999999997,0.4,-,0,0,0,0.99997488176662641,0,2.5118233373599843E-5,1,0,-0.99997488176662641,426.97502511823336,96485,-225.96772830105468,8,13,0.38866396761133604,57.713651498335182,6,4.0402066275747108,3.9,5,1:100 deionized water,not reported,not reported,not reported,not reported,not reported,not reported,not reported,16,Summation (pH7),4.8,72,23,not reported,99.8,1,0.01,artificial groundwater,100,-,0.20114824999999997,51.356999999999992,6.4,640,2.8061799739838871,0.80617997398388719,Reported Kd at Cw = 8.8 nM,,,,,,,,,
1130,Brazen-Hanson,2017,Environmental Science and Technology, 10.1021/acs.est.7b03452,soil,6,6:2 FTS,FTS,C8H5F13O3S,427.97499999999997,0.4,-,0,0,0,0.99998415131926011,0,1.5848680739948987E-5,1,0,-0.99998415131926011,426.97501584868075,96485,-225.96982787918532,8,13,0.38866396761133604,57.713651498335182,6,4.0402066275747108,3.9,5.2,1:100 deionized water,not reported,not reported,not reported,not reported,not reported,not reported,not reported,16,Summation (pH7),3.6,73,24,not reported,100.6,9.8000000000000004E-2,9.7999999999999997E-4,artificial groundwater,100,-,0.20114824999999997,51.356999999999992,6.6,6734.6938775510207,3.8283178598493737,0.81954393554186866,Reported Kd at Cw = 8.8 nM,,,,,,,,,
1131,Campos-Pereira,2022,Chemosphere, 10.1016/j.chemosphere.2022.134167,soil,Peat Oi,6:2 FTS,FTS,C8H5F13O3S,427.97499999999997,0.4,-,0,0,0,0.9993694405116601,0,6.3055948833989266E-4,1,0,-0.9993694405116601,426.97563055948831,96485,-225.83059445668582,8,13,0.38866396761133604,57.713651498335182,6,4.0402066275747108,3.9,3.6,deionized water 40g/L,0.37974599999999997,6.8,3.7974599999999997E-2,0.107928,1.932634971796938,1.07928E-2,OA,14.768748,KNN input,37.396533331999997,37.430266667999987,24.989000000000001,KNN input,99.815799999999996,44.9,0.44900000000000001,10 mM  NaNO3,25,-,9.8434249999999999,-,18.717435317818069,41.686938347033561,1.62,1.2722463410033233,Kd derived in this study from calculated Koc value at the Ca pH 3 condition,,,,,,,,,
1132,Campos-Pereira,2022,Chemosphere, 10.1016/j.chemosphere.2022.134167,soil,Peat Oe,6:2 FTS,FTS,C8H5F13O3S,427.97499999999997,0.4,-,0,0,0,0.99980051357127842,0,1.9948642872153033E-4,1,0,-0.99980051357127842,426.97519948642866,96485,-225.92823346169769,8,13,0.38866396761133604,57.713651498335182,6,4.0402066275747108,3.9,4.0999999999999996,deionized water 40g/L,1.5636599999999998,27.999999999999996,0.15636599999999998,0.45869399999999994,8.2136986301369852,4.5869399999999991E-2,OA,14.715147999999999,KNN input,37.490533331999998,37.393866668000001,24.9392,KNN input,99.823599999999999,46.6,0.46600000000000003,10 mM  NaNO3,25,-,9.8434249999999999,-,34.545057244622789,74.131024130091816,1.8700000000000003,1.5383859166900007,Kd derived in this study from calculated Koc value at the Ca pH 3 condition,,,,,,,,,
1133,Campos-Pereira,2022,Chemosphere, 10.1016/j.chemosphere.2022.134167,soil,Mor Oe,6:2 FTS,FTS,C8H5F13O3S,427.97499999999997,0.4,-,0,0,0,0.99974887443673854,0,2.5112556326146155E-4,1,0,-0.99974887443673854,426.9752511255632,96485,-225.91653707268839,8,13,0.38866396761133604,57.713651498335182,6,4.0402066275747108,3.9,4,deionized water 40g/L,0.279225,5.0000000000000009,2.7922499999999999E-2,0.40473000000000003,7.2473811442385179,4.0473000000000002E-2,OA,14.763688,KNN input,37.414333332000012,37.430866668,24.970400000000001,KNN input,99.815600000000003,53.6,0.53600000000000003,10 mM  NaNO3,25,-,9.8434249999999999,-,35.413168813207157,66.069344800759623,1.82,1.5491647896927701,Kd derived in this study from calculated Koc value at the Ca pH 3 condition,,,,,,,,,
1134,Cai,2022,Science of the Total Environment, 10.1016/j.scitotenv.2022.152975,soil,Clarke Hill,6:2 FTS,FTS,C8H5F13O3S,427.97499999999997,0.4,-,0,0,0,0.99996019086777477,0,3.9809132225250461E-5,1,0,-0.99996019086777477,426.97503980913217,96485,-225.96440077388735,8,13,0.38866396761133604,57.713651498335182,6,4.0402066275747108,3.9,4.8,1:5 CaCl2,8.3000000000000007,148.62566030978601,0.83000000000000007,7.85,290.95626389918459,0.78499999999999992,???,15.34083666666667,KNN input,32,40,28,not reported,100,4.9000000000000004,4.9000000000000002E-2,500 mM CaCl2,20,-,10,-,0.64,13.061224489795919,1.1159838939553735,-0.19382002601611281,Reported Kd at 0.5 mM Ca condition (from Table S5),,,,,,,,,
1135,Cai,2022,Science of the Total Environment, 10.1016/j.scitotenv.2022.152975,soil,Minatoro,6:2 FTS,FTS,C8H5F13O3S,427.97499999999997,0.4,-,0,0,0,0.99999683773233983,0,3.1622676601999995E-6,1,0,-0.99999683773233983,426.97500316226763,96485,-225.9727013853707,8,13,0.38866396761133604,57.713651498335182,6,4.0402066275747108,3.9,5.9,1:5 CaCl2,1.4,25.069388485988004,0.13999999999999999,0.92,34.099332839140104,9.1999999999999998E-2,???,15.34083666666667,KNN input,37,22,41,not reported,100,2.6,2.6000000000000002E-2,500 mM CaCl2,20,-,10,-,0.3,11.538461538461537,1.0621479067488444,-0.52287874528033762,Reported Kd at 0.5 mM Ca condition (from Table S5),,,,,,,,,
1136,Chao Yin,2022,Environmental Pollution, 10.1016/j.envpol.2022.118957,sediment,Beibu Gulf sediment,6:2 FTS,FTS,C8H5F13O3S,427.97499999999997,0.4,-,0,0,0,0.99999997601167134,0,2.3988328614755021E-8,1,0,-0.99999997601167134,426.97500002398829,96485,-225.97341221398298,8,13,0.38866396761133604,57.713651498335182,6,4.0402066275747108,3.9,8.02,Non reported,Non reported,Non reported,Non reported,Non reported,Non reported,Non reported,Non reported,11.934691666666669,KNN input,6.34,85.56,8.08,not reported,99.98,0.37,3.7000000000000002E-3,0 psu salinity,125,-,2,200,1.0856475858869954,293.41826645594466,2.4674871469104147,3.5688870977409887E-2,Calculated in this study at Cw = 10% S,0.88,(ng/g)/(ng/L)^N,1.03,0.88,1097,1190.955401718034,1.0856475858869954,,
1137,Nguyen,2020,Environmental Science and Technology, 10.1021/acs.est.0c05705,soil,S1,6:2 FTS,FTS,C8H5F13O3S,427.97499999999997,0.4,-,0,0,0,0.99999992056718279,0,7.9432817162855232E-8,1,0,-0.99999992056718279,426.97500007943273,96485,-225.97339965565888,8,13,0.38866396761133604,57.713651498335182,6,4.0402066275747108,3.9,7.5,1:10 CaCl2,not reported,not reported,not reported,not reported,not reported,not reported,not reported,41.4,not reported,16.899999999999999,17.5,65.599999999999994,not reported,100,0.7,6.9999999999999993E-3,10 mM CaCl2,100,-,5,-,0.87,124.28571428571429,2.0944212126043618,-6.0480747381381476E-2,Reported Kd at the soil pH condition ,,,,,,,,,
1138,Nguyen,2020,Environmental Science and Technology, 10.1021/acs.est.0c05705,soil,S2,6:2 FTS,FTS,C8H5F13O3S,427.97499999999997,0.4,-,0,0,0,0.99999960189298798,0,3.981070120642407E-7,1,0,-0.99999960189298798,426.975000398107,96485,-225.97332747510598,8,13,0.38866396761133604,57.713651498335182,6,4.0402066275747108,3.9,6.8,1:10 CaCl2,not reported,not reported,not reported,not reported,not reported,not reported,not reported,7.1,not reported,48.9,27,24.2,not reported,100.10000000000001,0.37,3.7000000000000002E-3,10 mM CaCl2,100,-,5,-,0.61,164.86486486486484,2.2171281109437722,-0.21467016498923297,Reported Kd at the soil pH condition ,,,,,,,,,
1139,Nguyen,2020,Environmental Science and Technology, 10.1021/acs.est.0c05705,soil,S3,6:2 FTS,FTS,C8H5F13O3S,427.97499999999997,0.4,-,0,0,0,0.99999841510931942,0,1.5848906805786609E-6,1,0,-0.99999841510931942,426.97500158489066,96485,-225.97305866544903,8,13,0.38866396761133604,57.713651498335182,6,4.0402066275747108,3.9,6.2,1:10 CaCl2,not reported,not reported,not reported,not reported,not reported,not reported,not reported,8,not reported,51.44,10.17,38.380000000000003,not reported,99.990000000000009,0.08,8.0000000000000004E-4,10 mM CaCl2,100,-,5,-,0.51,637.5,2.8044801891059929,-0.29242982390206362,Reported Kd at the soil pH condition ,,,,,,,,,
1140,Nguyen,2020,Environmental Science and Technology, 10.1021/acs.est.0c05705,soil,S4,6:2 FTS,FTS,C8H5F13O3S,427.97499999999997,0.4,-,0,0,0,0.99999994988127916,0,5.011872085084086E-8,1,0,-0.99999994988127916,426.97500005011869,96485,-225.97340629537965,8,13,0.38866396761133604,57.713651498335182,6,4.0402066275747108,3.9,7.7,1:10 CaCl2,not reported,not reported,not reported,not reported,not reported,not reported,not reported,4.8,not reported,46,37,17,not reported,100,0.25,2.5000000000000001E-3,10 mM CaCl2,100,-,5,-,0.48,192,2.2833012287035497,-0.31875876262441277,Reported Kd at the soil pH condition ,,,,,,,,,
1141,Nguyen,2020,Environmental Science and Technology, 10.1021/acs.est.0c05705,soil,S5,6:2 FTS,FTS,C8H5F13O3S,427.97499999999997,0.4,-,0,0,0,0.99999990000001004,0,9.9999990000001005E-8,1,0,-0.99999990000001004,426.97500009999999,96485,-225.97339499713948,8,13,0.38866396761133604,57.713651498335182,6,4.0402066275747108,3.9,7.4,1:10 CaCl2,not reported,not reported,not reported,not reported,not reported,not reported,not reported,29.6,not reported,39.799999999999997,7.7,52.5,not reported,100,2.23,2.23E-2,10 mM CaCl2,100,-,5,-,0.47,21.076233183856502,1.3237929948875569,-0.32790214206428259,Reported Kd at the soil pH condition ,,,,,,,,,
1142,Nguyen,2020,Environmental Science and Technology, 10.1021/acs.est.0c05705,soil,S6,6:2 FTS,FTS,C8H5F13O3S,427.97499999999997,0.4,-,0,0,0,0.99999994988127916,0,5.011872085084086E-8,1,0,-0.99999994988127916,426.97500005011869,96485,-225.97340629537965,8,13,0.38866396761133604,57.713651498335182,6,4.0402066275747108,3.9,7.7,1:10 CaCl2,not reported,not reported,not reported,not reported,not reported,not reported,not reported,21.63,not reported,70,11,19,not reported,100,4.9000000000000004,4.9000000000000002E-2,10 mM CaCl2,100,-,5,-,1.77,36.122448979591837,1.557777186333293,0.24797326636180664,Reported Kd at the soil pH condition ,,,,,,,,,
1143,Nguyen,2020,Environmental Science and Technology, 10.1021/acs.est.0c05705,soil,S7,6:2 FTS,FTS,C8H5F13O3S,427.97499999999997,0.4,-,0,0,0,0.99999994988127916,0,5.011872085084086E-8,1,0,-0.99999994988127916,426.97500005011869,96485,-225.97340629537965,8,13,0.38866396761133604,57.713651498335182,6,4.0402066275747108,3.9,7.7,1:10 CaCl2,not reported,not reported,not reported,not reported,not reported,not reported,not reported,7.8,not reported,48.9,32.6,18.5,not reported,100,0.13,1.2999999999999999E-3,10 mM CaCl2,100,-,5,-,0.64,492.30769230769232,2.6922366216770506,-0.19382002601611281,Reported Kd at the soil pH condition ,,,,,,,,,
1144,Nguyen,2020,Environmental Science and Technology, 10.1021/acs.est.0c05705,soil,S8,6:2 FTS,FTS,C8H5F13O3S,427.97499999999997,0.4,-,0,0,0,0.99999992056718279,0,7.9432817162855232E-8,1,0,-0.99999992056718279,426.97500007943273,96485,-225.97339965565888,8,13,0.38866396761133604,57.713651498335182,6,4.0402066275747108,3.9,7.5,1:10 CaCl2,not reported,not reported,not reported,not reported,not reported,not reported,not reported,2.2799999999999998,not reported,93,1,5,not reported,99,0.4,4.0000000000000001E-3,10 mM CaCl2,100,-,5,-,0.19,47.5,1.6766936096248666,-0.72124639904717103,Reported Kd at the soil pH condition ,,,,,,,,,
1145,Nguyen,2020,Environmental Science and Technology, 10.1021/acs.est.0c05705,soil,S9,6:2 FTS,FTS,C8H5F13O3S,427.97499999999997,0.4,-,0,0,0,0.99999980047380832,0,1.9952619168617889E-7,1,0,-0.99999980047380832,426.97500019952616,96485,-225.97337245419004,8,13,0.38866396761133604,57.713651498335182,6,4.0402066275747108,3.9,7.1,1:10 CaCl2,not reported,not reported,not reported,not reported,not reported,not reported,not reported,17.420000000000002,not reported,48.86,16.05,35.090000000000003,not reported,100,1.19,1.1899999999999999E-2,10 mM CaCl2,100,-,5,-,0.64,53.781512605042025,1.7306330125913565,-0.19382002601611281,Reported Kd at the soil pH condition ,,,,,,,,,
1146,Nguyen,2020,Environmental Science and Technology, 10.1021/acs.est.0c05705,soil,S10,6:2 FTS,FTS,C8H5F13O3S,427.97499999999997,0.4,-,0,0,0,0.99999900000099995,0,9.9999900000100006E-7,1,0,-0.99999900000099995,426.97500099999894,96485,-225.97319114496992,8,13,0.38866396761133604,57.713651498335182,6,4.0402066275747108,3.9,6.4,1:10 CaCl2,not reported,not reported,not reported,not reported,not reported,not reported,not reported,16.54,not reported,29.38,13.9,56.71,not reported,99.990000000000009,0.17,1.7000000000000001E-3,10 mM CaCl2,100,-,5,-,0.87,511.76470588235293,2.7090703312403446,-6.0480747381381476E-2,Reported Kd at the soil pH condition ,,,,,,,,,
1147,Mejia-Avendaño,2021,Environmental Science and Technology, 10.1021/acs.est.9b04989,soil,ID1,8:2 FTS,FTS,C10H5F17O3S,527.96860000000004,0.4,-,0,0,0,0.99999992920542657,0,7.0794573426541869E-8,1,0,-0.99999992920542657,526.96860007079465,96485,-183.09438770435941,10,17,0.37151702786377711,61.177880654266183,8,2.2600713879850747,5.3,7.55,1:10 deionized water,not reported,not reported,not reported,not reported,not reported,not reported,not reported,2.52,BaCl2-TEA (pH 8.2),45.3,30,24.7,Pipette,100,3.4,3.4000000000000002E-2,50 mM CaCl2 + 0.2 g/L NaN3,100,-,2.6398430000000004,2639.8429999999998,6.2458,183.7,2.2641091563058082,0.79558807334806347,Calculated in this study from reported Koc at Cw = 10 nM,,,,,,,,,
1148,Mejia-Avendaño,2021,Environmental Science and Technology, 10.1021/acs.est.9b04989,soil,ID2,8:2 FTS,FTS,C10H5F17O3S,527.96860000000004,0.4,-,0,0,0,0.99999998451183403,0,1.5488165949241471E-8,1,0,-0.99999998451183403,526.96860001548816,96485,-183.09439784986907,10,17,0.37151702786377711,61.177880654266183,8,2.2600713879850747,5.3,8.2100000000000009,1:10 deionized water,not reported,not reported,not reported,not reported,not reported,not reported,not reported,11.4,BaCl2-TEA (pH 8.2),28.7,40,31.3,Pipette,100,1.7,1.7000000000000001E-2,50 mM CaCl2 + 0.2 g/L NaN3,100,-,2.6398430000000004,2639.8429999999998,3.5802,210.6,2.3234583668494677,0.5539072882277416,Calculated in this study from reported Koc at Cw = 10 nM,,,,,,,,,
1149,Mejia-Avendaño,2021,Environmental Science and Technology, 10.1021/acs.est.9b04989,soil,ID3,8:2 FTS,FTS,C10H5F17O3S,527.96860000000004,0.4,-,0,0,0,0.9999993239174817,0,6.7608251830410026E-7,1,0,-0.9999993239174817,526.96860067608259,96485,-183.09427666921971,10,17,0.37151702786377711,61.177880654266183,8,2.2600713879850747,5.3,6.57,1:10 deionized water,not reported,not reported,not reported,not reported,not reported,not reported,not reported,9.93,BaCl2-TEA (pH 8.2),20,50,30,Pipette,100,2.9,2.8999999999999998E-2,50 mM CaCl2 + 0.2 g/L NaN3,100,-,2.6398430000000004,2639.8429999999998,6.0000999999999998,206.9,2.3157604906657347,0.77815848856469061,Calculated in this study from reported Koc at Cw = 10 nM,,,,,,,,,
1150,Mejia-Avendaño,2021,Environmental Science and Technology, 10.1021/acs.est.9b04989,soil,ID4,8:2 FTS,FTS,C10H5F17O3S,527.96860000000004,0.4,-,0,0,0,0.99992057348559982,0,7.9426514400130776E-5,1,0,-0.99992057348559982,526.96867942651443,96485,-183.07983054657393,10,17,0.37151702786377711,61.177880654266183,8,2.2600713879850747,5.3,4.5,1:10 deionized water,not reported,not reported,not reported,not reported,not reported,not reported,not reported,11.497016666666671,KNN input,51.2,36.200000000000003,12.6,Pipette,100,7.3,7.2999999999999995E-2,50 mM CaCl2 + 0.2 g/L NaN3,100,-,2.6398430000000004,2639.8429999999998,11.504799999999999,157.6,2.1975562131535367,1.0608790732739923,Calculated in this study from reported Koc at Cw = 10 nM,,,,,,,,,
1151,Mejia-Avendaño,2021,Environmental Science and Technology, 10.1021/acs.est.9b04989,soil,ID5,8:2 FTS,FTS,C10H5F17O3S,527.96860000000004,0.4,-,0,0,0,0.9999822175221218,0,1.7782477878246509E-5,1,0,-0.9999822175221218,526.96861778247796,96485,-183.09113864053339,10,17,0.37151702786377711,61.177880654266183,8,2.2600713879850747,5.3,5.15,1:10 deionized water,not reported,not reported,not reported,not reported,not reported,not reported,not reported,0.57999999999999996,BaCl2-TEA (pH 8.2),59.2,32.200000000000003,8.6,Pipette,100,1.8,1.8000000000000002E-2,50 mM CaCl2 + 0.2 g/L NaN3,100,-,2.6398430000000004,2639.8429999999998,5.0886000000000005,282.7,2.4513258084895195,0.70659831359282566,Calculated in this study from reported Koc at Cw = 10 nM,,,,,,,,,
1152,Brazen-Hanson,2017,Environmental Science and Technology, 10.1021/acs.est.7b03452,soil,1,8:2 FTS,FTS,C10H5F17O3S,527.96860000000004,0.4,-,0,0,0,0.99998004777494953,0,1.9952225050461375E-5,1,0,-0.99998004777494953,526.96861995222503,96485,-183.09074061812856,10,17,0.37151702786377711,61.177880654266183,8,2.2600713879850747,5.3,5.0999999999999996,1:100 deionized water,not reported,not reported,not reported,not reported,not reported,not reported,not reported,14,Summation (pH7),6.3,71,22,not reported,99.3,1.5,1.4999999999999999E-2,artificial groundwater,100,-,0.24814524199999999,25870.461400000004,30,2000,3.3010299956639813,1.4771212547196624,Reported Kd at Cw = 8.8 nM,,,,,,,,,
1153,Brazen-Hanson,2017,Environmental Science and Technology, 10.1021/acs.est.7b03452,soil,2,8:2 FTS,FTS,C10H5F17O3S,527.96860000000004,0.4,-,0,0,0,0.99999205678074798,0,7.9432192520095431E-6,1,0,-0.99999205678074798,526.96860794321935,96485,-183.09294357224141,10,17,0.37151702786377711,61.177880654266183,8,2.2600713879850747,5.3,5.5,1:100 deionized water,not reported,not reported,not reported,not reported,not reported,not reported,not reported,22,Summation (pH7),10,64,26,not reported,100,0.12,1.1999999999999999E-3,artificial groundwater,100,-,0.24814524199999999,63.356232000000006,39,32500.000000000004,4.5118833609788744,1.5910646070264991,Reported Kd at Cw = 8.8 nM,,,,,,,,,
1154,Brazen-Hanson,2017,Environmental Science and Technology, 10.1021/acs.est.7b03452,soil,3,8:2 FTS,FTS,C10H5F17O3S,527.96860000000004,0.4,-,0,0,0,0.99998004777494953,0,1.9952225050461375E-5,1,0,-0.99998004777494953,526.96861995222503,96485,-183.09074061812856,10,17,0.37151702786377711,61.177880654266183,8,2.2600713879850747,5.3,5.0999999999999996,1:100 deionized water,not reported,not reported,not reported,not reported,not reported,not reported,not reported,17,Summation (pH7),14,39,48,not reported,101,2.2999999999999998,2.3E-2,artificial groundwater,100,-,0.24814524199999999,63.356232000000006,35,1521.7391304347827,3.1823402083326826,1.5440680443502757,Reported Kd at Cw = 8.8 nM,,,,,,,,,
1155,Brazen-Hanson,2017,Environmental Science and Technology, 10.1021/acs.est.7b03452,soil,4,8:2 FTS,FTS,C10H5F17O3S,527.96860000000004,0.4,-,0,0,0,0.99997488176662641,0,2.5118233373599843E-5,1,0,-0.99997488176662641,526.96862511823349,96485,-183.08979295609032,10,17,0.37151702786377711,61.177880654266183,8,2.2600713879850747,5.3,5,1:100 deionized water,not reported,not reported,not reported,not reported,not reported,not reported,not reported,36,Summation (pH7),37,45,18,not reported,100,7.7,7.6999999999999999E-2,artificial groundwater,100,-,0.24814524199999999,63.356232000000006,84,1090.909090909091,3.0377885608893997,1.9242792860618816,Reported Kd at Cw = 8.8 nM,,,,,,,,,
1156,Brazen-Hanson,2017,Environmental Science and Technology, 10.1021/acs.est.7b03452,soil,5,8:2 FTS,FTS,C10H5F17O3S,527.96860000000004,0.4,-,0,0,0,0.99997488176662641,0,2.5118233373599843E-5,1,0,-0.99997488176662641,526.96862511823349,96485,-183.08979295609032,10,17,0.37151702786377711,61.177880654266183,8,2.2600713879850747,5.3,5,1:100 deionized water,not reported,not reported,not reported,not reported,not reported,not reported,not reported,16,Summation (pH7),4.8,72,23,not reported,99.8,1,0.01,artificial groundwater,100,-,0.24814524199999999,63.356232000000006,30,3000,3.4771212547196626,1.4771212547196624,Reported Kd at Cw = 8.8 nM,,,,,,,,,
1157,Brazen-Hanson,2017,Environmental Science and Technology, 10.1021/acs.est.7b03452,soil,6,8:2 FTS,FTS,C10H5F17O3S,527.96860000000004,0.4,-,0,0,0,0.99998415131926011,0,1.5848680739948987E-5,1,0,-0.99998415131926011,526.96861584868088,96485,-183.09149337983357,10,17,0.37151702786377711,61.177880654266183,8,2.2600713879850747,5.3,5.2,1:100 deionized water,not reported,not reported,not reported,not reported,not reported,not reported,not reported,16,Summation (pH7),3.6,73,24,not reported,100.6,9.8000000000000004E-2,9.7999999999999997E-4,artificial groundwater,100,-,0.24814524199999999,63.356232000000006,28,28571.428571428572,4.4559319556497243,1.4471580313422192,Reported Kd at Cw = 8.8 nM,,,,,,,,,
1158,Campos-Pereira,2022,Chemosphere, 10.1016/j.chemosphere.2022.134167,soil,Peat Oi,8:2 FTS,FTS,C10H5F17O3S,527.96860000000004,0.4,-,0,0,0,0.99994988378839778,0,5.0116211602181963E-5,1,0,-0.99994988378839778,526.96865011621162,96485,-183.08520728139507,10,17,0.37151702786377711,61.177880654266183,8,2.2600713879850747,5.3,4.7,deionized water 40g/L,0.37974599999999997,6.8,3.7974599999999997E-2,0.107928,1.932634971796938,1.07928E-2,OA,14.768748,KNN input,37.396533331999997,37.430266667999987,24.989000000000001,KNN input,99.815799999999996,44.9,0.44900000000000001,10 mM  NaNO3,25,-,10.559372000000002,-,129.49301449038467,288.40315031266073,2.4600000000000004,2.1122463410033232,Kd derived in this study from calculated mean Koc value at Ca pH 4,,,,,,,,,
1159,Campos-Pereira,2022,Chemosphere, 10.1016/j.chemosphere.2022.134167,soil,Peat Oe,8:2 FTS,FTS,C10H5F17O3S,527.96860000000004,0.4,-,0,0,0,0.99980051357127842,0,1.9948642872153033E-4,1,0,-0.99980051357127842,526.96879948642879,96485,-183.05780654554502,10,17,0.37151702786377711,61.177880654266183,8,2.2600713879850747,5.3,4.0999999999999996,deionized water 40g/L,1.5636599999999998,27.999999999999996,0.15636599999999998,0.45869399999999994,8.2136986301369852,4.5869399999999991E-2,OA,14.715147999999999,KNN input,37.490533331999998,37.393866668000001,24.9392,KNN input,99.823599999999999,46.6,0.46600000000000003,10 mM  NaNO3,25,-,10.559372000000002,-,101.94969167604914,218.77616239495524,2.34,2.00838591669,Kd derived in this study from calculated mean Koc value at Ca pH 4,,,,,,,,,
1160,Campos-Pereira,2022,Chemosphere, 10.1016/j.chemosphere.2022.134167,soil,Mor Oe,8:2 FTS,FTS,C10H5F17O3S,527.96860000000004,0.4,-,0,0,0,0.99974887443673854,0,2.5112556326146155E-4,1,0,-0.99974887443673854,526.96885112556333,96485,-183.04833377531941,10,17,0.37151702786377711,61.177880654266183,8,2.2600713879850747,5.3,4,deionized water 40g/L,0.279225,5.0000000000000009,2.7922499999999999E-2,0.40473000000000003,7.2473811442385179,4.0473000000000002E-2,OA,14.763688,KNN input,37.414333332000012,37.430866668,24.970400000000001,KNN input,99.815600000000003,53.6,0.53600000000000003,10 mM  NaNO3,25,-,10.559372000000002,-,93.146124420966601,173.78008287493768,2.2400000000000002,1.9691647896927704,Kd derived in this study from calculated mean Koc value at Ca pH 4,,,,,,,,,
1161,Cai,2022,Science of the Total Environment, 10.1016/j.scitotenv.2022.152975,soil,Clarke Hill,8:2 FTS,FTS,C10H5F17O3S,527.96860000000004,0.4,-,0,0,0,0.99996019086777477,0,3.9809132225250461E-5,1,0,-0.99996019086777477,526.96863980913224,96485,-183.08709803077215,10,17,0.37151702786377711,61.177880654266183,8,2.2600713879850747,5.3,4.8,1:5 CaCl2,8.3000000000000007,148.62566030978601,0.83000000000000007,7.85,290.95626389918459,0.78499999999999992,???,15.34083666666667,KNN input,32,40,28,not reported,100,4.9000000000000004,4.9000000000000002E-2,500 mM CaCl2,20,-,10,-,12.16,248.16326530612244,2.3947374949082025,1.0849335749367162,Reported Kd at 0.5 mM Ca condition (from Table S5),,,,,,,,,
1162,Cai,2022,Science of the Total Environment, 10.1016/j.scitotenv.2022.152975,soil,Minatoro,8:2 FTS,FTS,C10H5F17O3S,527.96860000000004,0.4,-,0,0,0,0.99999683773233983,0,3.1622676601999995E-6,1,0,-0.99999683773233983,526.96860316226764,96485,-183.09382059882341,10,17,0.37151702786377711,61.177880654266183,8,2.2600713879850747,5.3,5.9,1:5 CaCl2,1.4,25.069388485988004,0.13999999999999999,0.92,34.099332839140104,9.1999999999999998E-2,???,15.34083666666667,KNN input,37,22,41,not reported,100,2.6,2.6000000000000002E-2,500 mM CaCl2,20,-,10,-,3.91,150.38461538461539,2.177203409425049,0.59217675739586684,Reported Kd at 0.5 mM Ca condition (from Table S5),,,,,,,,,
1163,Nguyen,2020,Environmental Science and Technology, 10.1021/acs.est.0c05705,soil,S1,8:2 FTS,FTS,C10H5F17O3S,527.96860000000004,0.4,-,0,0,0,0.99999992056718279,0,7.9432817162855232E-8,1,0,-0.99999992056718279,526.9686000794328,96485,-183.094386119744,10,17,0.37151702786377711,61.177880654266183,8,2.2600713879850747,5.3,7.5,1:10 CaCl2,not reported,not reported,not reported,not reported,not reported,not reported,not reported,41.4,not reported,16.899999999999999,17.5,65.599999999999994,not reported,100,0.7,6.9999999999999993E-3,10 mM CaCl2,100,-,5,-,8.36,1194.2857142857142,3.0771082374247594,0.9222062774390164,Reported Kd at the soil pH condition ,,,,,,,,,
1164,Nguyen,2020,Environmental Science and Technology, 10.1021/acs.est.0c05705,soil,S2,8:2 FTS,FTS,C10H5F17O3S,527.96860000000004,0.4,-,0,0,0,0.99999960189298798,0,3.981070120642407E-7,1,0,-0.99999960189298798,526.96860039810701,96485,-183.0943276615605,10,17,0.37151702786377711,61.177880654266183,8,2.2600713879850747,5.3,6.8,1:10 CaCl2,not reported,not reported,not reported,not reported,not reported,not reported,not reported,7.1,not reported,48.9,27,24.2,not reported,100.10000000000001,0.37,3.7000000000000002E-3,10 mM CaCl2,100,-,5,-,7.24,1956.7567567567567,3.2915368421301521,0.85973856619714695,Reported Kd at the soil pH condition ,,,,,,,,,
1165,Nguyen,2020,Environmental Science and Technology, 10.1021/acs.est.0c05705,soil,S3,8:2 FTS,FTS,C10H5F17O3S,527.96860000000004,0.4,-,0,0,0,0.99999841510931942,0,1.5848906805786609E-6,1,0,-0.99999841510931942,526.96860158489073,96485,-183.09410995577068,10,17,0.37151702786377711,61.177880654266183,8,2.2600713879850747,5.3,6.2,1:10 CaCl2,not reported,not reported,not reported,not reported,not reported,not reported,not reported,8,not reported,51.44,10.17,38.380000000000003,not reported,99.990000000000009,0.08,8.0000000000000004E-4,10 mM CaCl2,100,-,5,-,7.82,9775,3.9901167660679042,0.89320675305984798,Reported Kd at the soil pH condition ,,,,,,,,,
1166,Nguyen,2020,Environmental Science and Technology, 10.1021/acs.est.0c05705,soil,S4,8:2 FTS,FTS,C10H5F17O3S,527.96860000000004,0.4,-,0,0,0,0.99999994988127916,0,5.011872085084086E-8,1,0,-0.99999994988127916,526.96860005011877,96485,-183.09439149717602,10,17,0.37151702786377711,61.177880654266183,8,2.2600713879850747,5.3,7.7,1:10 CaCl2,not reported,not reported,not reported,not reported,not reported,not reported,not reported,4.8,not reported,46,37,17,not reported,100,0.25,2.5000000000000001E-3,10 mM CaCl2,100,-,5,-,12.95,5180,3.7143297597452332,1.1122697684172707,Reported Kd at the soil pH condition ,,,,,,,,,
1167,Nguyen,2020,Environmental Science and Technology, 10.1021/acs.est.0c05705,soil,S5,8:2 FTS,FTS,C10H5F17O3S,527.96860000000004,0.4,-,0,0,0,0.99999990000001004,0,9.9999990000001005E-8,1,0,-0.99999990000001004,526.9686001,96485,-183.0943823468638,10,17,0.37151702786377711,61.177880654266183,8,2.2600713879850747,5.3,7.4,1:10 CaCl2,not reported,not reported,not reported,not reported,not reported,not reported,not reported,29.6,not reported,39.799999999999997,7.7,52.5,not reported,100,2.23,2.23E-2,10 mM CaCl2,100,-,5,-,6.06,271.74887892376677,2.4341677611181254,0.78247262416628616,Reported Kd at the soil pH condition ,,,,,,,,,
1168,Nguyen,2020,Environmental Science and Technology, 10.1021/acs.est.0c05705,soil,S6,8:2 FTS,FTS,C10H5F17O3S,527.96860000000004,0.4,-,0,0,0,0.99999994988127916,0,5.011872085084086E-8,1,0,-0.99999994988127916,526.96860005011877,96485,-183.09439149717602,10,17,0.37151702786377711,61.177880654266183,8,2.2600713879850747,5.3,7.7,1:10 CaCl2,not reported,not reported,not reported,not reported,not reported,not reported,not reported,21.63,not reported,70,11,19,not reported,100,4.9000000000000004,4.9000000000000002E-2,10 mM CaCl2,100,-,5,-,32.76,668.57142857142856,2.8251478130598673,1.5153438930883809,Reported Kd at the soil pH condition ,,,,,,,,,
1169,Nguyen,2020,Environmental Science and Technology, 10.1021/acs.est.0c05705,soil,S7,8:2 FTS,FTS,C10H5F17O3S,527.96860000000004,0.4,-,0,0,0,0.99999994988127916,0,5.011872085084086E-8,1,0,-0.99999994988127916,526.96860005011877,96485,-183.09439149717602,10,17,0.37151702786377711,61.177880654266183,8,2.2600713879850747,5.3,7.7,1:10 CaCl2,not reported,not reported,not reported,not reported,not reported,not reported,not reported,7.8,not reported,48.9,32.6,18.5,not reported,100,0.13,1.2999999999999999E-3,10 mM CaCl2,100,-,5,-,7.26,5584.6153846153848,3.7469932683932567,0.86093662070009369,Reported Kd at the soil pH condition ,,,,,,,,,
1170,Nguyen,2020,Environmental Science and Technology, 10.1021/acs.est.0c05705,soil,S8,8:2 FTS,FTS,C10H5F17O3S,527.96860000000004,0.4,-,0,0,0,0.99999992056718279,0,7.9432817162855232E-8,1,0,-0.99999992056718279,526.9686000794328,96485,-183.094386119744,10,17,0.37151702786377711,61.177880654266183,8,2.2600713879850747,5.3,7.5,1:10 CaCl2,not reported,not reported,not reported,not reported,not reported,not reported,not reported,2.2799999999999998,not reported,93,1,5,not reported,99,0.4,4.0000000000000001E-3,10 mM CaCl2,100,-,5,-,2.61,652.5,2.8145805160103188,0.41664050733828095,Reported Kd at the soil pH condition ,,,,,,,,,
1171,Nguyen,2020,Environmental Science and Technology, 10.1021/acs.est.0c05705,soil,S9,8:2 FTS,FTS,C10H5F17O3S,527.96860000000004,0.4,-,0,0,0,0.99999980047380832,0,1.9952619168617889E-7,1,0,-0.99999980047380832,526.96860019952624,96485,-183.09436408959331,10,17,0.37151702786377711,61.177880654266183,8,2.2600713879850747,5.3,7.1,1:10 CaCl2,not reported,not reported,not reported,not reported,not reported,not reported,not reported,17.420000000000002,not reported,48.86,16.05,35.090000000000003,not reported,100,1.19,1.1899999999999999E-2,10 mM CaCl2,100,-,5,-,25.16,2114.2857142857147,3.3251636753807006,1.4007106367732314,Reported Kd at the soil pH condition ,,,,,,,,,
1172,Nguyen,2020,Environmental Science and Technology, 10.1021/acs.est.0c05705,soil,S10,8:2 FTS,FTS,C10H5F17O3S,527.96860000000004,0.4,-,0,0,0,0.99999900000099995,0,9.9999900000100006E-7,1,0,-0.99999900000099995,526.96860099999901,96485,-183.09421724938156,10,17,0.37151702786377711,61.177880654266183,8,2.2600713879850747,5.3,6.4,1:10 CaCl2,not reported,not reported,not reported,not reported,not reported,not reported,not reported,16.54,not reported,29.38,13.9,56.71,not reported,99.990000000000009,0.17,1.7000000000000001E-3,10 mM CaCl2,100,-,5,-,16.27,9570.5882352941171,3.9809386315585846,1.2113875529368587,Reported Kd at the soil pH condition ,,,,,,,,,
1173,Nguyen,2020,Environmental Science and Technology, 10.1021/acs.est.0c05705,soil,S1,FBSA,FOSA,C4H2F9NO2S,298.96620000000001,6.2,-,0,0,0,0.95227327896579606,0,4.7726721034203903E-2,1,0,-0.95227327896579606,298.01392672103418,96485,-308.30803221831383,4,9,0.2807017543859649,57.197101210772317,4,4.4252080511386565,2.2000000000000002,7.5,1:10 CaCl2,not reported,not reported,not reported,not reported,not reported,not reported,not reported,41.4,not reported,16.899999999999999,17.5,65.599999999999994,not reported,100,0.7,6.9999999999999993E-3,10 mM CaCl2,100,-,5,-,0.31,44.285714285714292,1.6462636538200159,-0.50863830616572736,Reported Kd at the soil pH condition ,,,,,,,,,
1174,Nguyen,2020,Environmental Science and Technology, 10.1021/acs.est.0c05705,soil,S2,FBSA,FOSA,C4H2F9NO2S,298.96620000000001,6.2,-,0,0,0,0.79923999108689814,0,0.20076000891310183,1,0,-0.79923999108689814,298.16696000891312,96485,-258.62916044659733,4,9,0.2807017543859649,57.197101210772317,4,4.4252080511386565,2.2000000000000002,6.8,1:10 CaCl2,not reported,not reported,not reported,not reported,not reported,not reported,not reported,7.1,not reported,48.9,27,24.2,not reported,100.10000000000001,0.37,3.7000000000000002E-3,10 mM CaCl2,100,-,5,-,0.32,86.486486486486484,1.9369482542529111,-0.49485002168009401,Reported Kd at the soil pH condition ,,,,,,,,,
1175,Nguyen,2020,Environmental Science and Technology, 10.1021/acs.est.0c05705,soil,S3,FBSA,FOSA,C4H2F9NO2S,298.96620000000001,6.2,-,0,0,0,0.5,0,0.5,1,0,-0.5,298.46620000000001,96485,-161.63471776703693,4,9,0.2807017543859649,57.197101210772317,4,4.4252080511386565,2.2000000000000002,6.2,1:10 CaCl2,not reported,not reported,not reported,not reported,not reported,not reported,not reported,8,not reported,51.44,10.17,38.380000000000003,not reported,99.990000000000009,0.08,8.0000000000000004E-4,10 mM CaCl2,100,-,5,-,0.27,337.5,2.5282737771670436,-0.56863623584101264,Reported Kd at the soil pH condition ,,,,,,,,,
1176,Nguyen,2020,Environmental Science and Technology, 10.1021/acs.est.0c05705,soil,S4,FBSA,FOSA,C4H2F9NO2S,298.96620000000001,6.2,-,0,0,0,0.9693465699682845,0,3.0653430031715501E-2,1,0,-0.9693465699682845,297.99685343003171,96485,-313.8536623016717,4,9,0.2807017543859649,57.197101210772317,4,4.4252080511386565,2.2000000000000002,7.7,1:10 CaCl2,not reported,not reported,not reported,not reported,not reported,not reported,not reported,4.8,not reported,46,37,17,not reported,100,0.25,2.5000000000000001E-3,10 mM CaCl2,100,-,5,-,0.16,64,1.8061799739838871,-0.79588001734407521,Reported Kd at the soil pH condition ,,,,,,,,,
1177,Nguyen,2020,Environmental Science and Technology, 10.1021/acs.est.0c05705,soil,S5,FBSA,FOSA,C4H2F9NO2S,298.96620000000001,6.2,-,0,0,0,0.94064905689723244,0,5.9350943102767569E-2,1,0,-0.94064905689723244,298.02555094310281,96485,-304.53269515826355,4,9,0.2807017543859649,57.197101210772317,4,4.4252080511386565,2.2000000000000002,7.4,1:10 CaCl2,not reported,not reported,not reported,not reported,not reported,not reported,not reported,29.6,not reported,39.799999999999997,7.7,52.5,not reported,100,2.23,2.23E-2,10 mM CaCl2,100,-,5,-,0.25,11.210762331838565,1.0496351456238768,-0.6020599913279624,Reported Kd at the soil pH condition ,,,,,,,,,
1178,Nguyen,2020,Environmental Science and Technology, 10.1021/acs.est.0c05705,soil,S6,FBSA,FOSA,C4H2F9NO2S,298.96620000000001,6.2,-,0,0,0,0.9693465699682845,0,3.0653430031715501E-2,1,0,-0.9693465699682845,297.99685343003171,96485,-313.8536623016717,4,9,0.2807017543859649,57.197101210772317,4,4.4252080511386565,2.2000000000000002,7.7,1:10 CaCl2,not reported,not reported,not reported,not reported,not reported,not reported,not reported,21.63,not reported,70,11,19,not reported,100,4.9000000000000004,4.9000000000000002E-2,10 mM CaCl2,100,-,5,-,0.46,9.387755102040817,0.97256175165306047,-0.33724216831842591,Reported Kd at the soil pH condition ,,,,,,,,,
1179,Nguyen,2020,Environmental Science and Technology, 10.1021/acs.est.0c05705,soil,S7,FBSA,FOSA,C4H2F9NO2S,298.96620000000001,6.2,-,0,0,0,0.9693465699682845,0,3.0653430031715501E-2,1,0,-0.9693465699682845,297.99685343003171,96485,-313.8536623016717,4,9,0.2807017543859649,57.197101210772317,4,4.4252080511386565,2.2000000000000002,7.7,1:10 CaCl2,not reported,not reported,not reported,not reported,not reported,not reported,not reported,7.8,not reported,48.9,32.6,18.5,not reported,100,0.13,1.2999999999999999E-3,10 mM CaCl2,100,-,5,-,0.19,146.15384615384616,2.1648102486459924,-0.72124639904717103,Reported Kd at the soil pH condition ,,,,,,,,,
1180,Nguyen,2020,Environmental Science and Technology, 10.1021/acs.est.0c05705,soil,S8,FBSA,FOSA,C4H2F9NO2S,298.96620000000001,6.2,-,0,0,0,0.95227327896579606,0,4.7726721034203903E-2,1,0,-0.95227327896579606,298.01392672103418,96485,-308.30803221831383,4,9,0.2807017543859649,57.197101210772317,4,4.4252080511386565,2.2000000000000002,7.5,1:10 CaCl2,not reported,not reported,not reported,not reported,not reported,not reported,not reported,2.2799999999999998,not reported,93,1,5,not reported,99,0.4,4.0000000000000001E-3,10 mM CaCl2,100,-,5,-,0.14000000000000001,35,1.5440680443502757,-0.85387196432176193,Reported Kd at the soil pH condition ,,,,,,,,,
1181,Nguyen,2020,Environmental Science and Technology, 10.1021/acs.est.0c05705,soil,S9,FBSA,FOSA,C4H2F9NO2S,298.96620000000001,6.2,-,0,0,0,0.88818423022188298,0,0.11181576977811705,1,0,-0.88818423022188298,298.07801576977812,96485,-287.49673212782795,4,9,0.2807017543859649,57.197101210772317,4,4.4252080511386565,2.2000000000000002,7.1,1:10 CaCl2,not reported,not reported,not reported,not reported,not reported,not reported,not reported,17.420000000000002,not reported,48.86,16.05,35.090000000000003,not reported,100,1.19,1.1899999999999999E-2,10 mM CaCl2,100,-,5,-,0.21,17.647058823529413,1.2466723333413885,-0.6777807052660807,Reported Kd at the soil pH condition ,,,,,,,,,
1182,Nguyen,2020,Environmental Science and Technology, 10.1021/acs.est.0c05705,soil,S10,FBSA,FOSA,C4H2F9NO2S,298.96620000000001,6.2,-,0,0,0,0.61313682015314319,0,0.38686317984685686,1,0,-0.61313682015314319,298.35306317984691,96485,-198.28355526826059,4,9,0.2807017543859649,57.197101210772317,4,4.4252080511386565,2.2000000000000002,6.4,1:10 CaCl2,not reported,not reported,not reported,not reported,not reported,not reported,not reported,16.54,not reported,29.38,13.9,56.71,not reported,99.990000000000009,0.17,1.7000000000000001E-3,10 mM CaCl2,100,-,5,-,0.32,188.23529411764704,2.2747010569416322,-0.49485002168009401,Reported Kd at the soil pH condition ,,,,,,,,,
1183,Nguyen,2020,Environmental Science and Technology, 10.1021/acs.est.0c05705,soil,S1,FHxSA,FOSA,C6H2F13NO2S,398.95980000000003,6.2,-,0,0,0,0.95227327896579606,0,4.7726721034203903E-2,1,0,-0.95227327896579606,398.0075267210342,96485,-230.85012506664009,6,13,0.291497975708502,61.910999554341061,6,2.6794278966121188,3.5,7.5,1:10 CaCl2,not reported,not reported,not reported,not reported,not reported,not reported,not reported,41.4,not reported,16.899999999999999,17.5,65.599999999999994,not reported,100,0.7,6.9999999999999993E-3,10 mM CaCl2,100,-,5,-,0.86,122.85714285714286,2.089400411229311,-6.5501548756432285E-2,Reported Kd at the soil pH condition ,,,,,,,,,
1184,Nguyen,2020,Environmental Science and Technology, 10.1021/acs.est.0c05705,soil,S2,FHxSA,FOSA,C6H2F13NO2S,398.95980000000003,6.2,-,0,0,0,0.79923999108689814,0,0.20076000891310183,1,0,-0.79923999108689814,398.16056000891308,96485,-193.67732087350166,6,13,0.291497975708502,61.910999554341061,6,2.6794278966121188,3.5,6.8,1:10 CaCl2,not reported,not reported,not reported,not reported,not reported,not reported,not reported,7.1,not reported,48.9,27,24.2,not reported,100.10000000000001,0.37,3.7000000000000002E-3,10 mM CaCl2,100,-,5,-,0.96,259.45945945945942,2.4140695089725734,-1.7728766960431602E-2,Reported Kd at the soil pH condition ,,,,,,,,,
1185,Nguyen,2020,Environmental Science and Technology, 10.1021/acs.est.0c05705,soil,S3,FHxSA,FOSA,C6H2F13NO2S,398.95980000000003,6.2,-,0,0,0,0.5,0,0.5,1,0,-0.5,398.45980000000003,96485,-121.07243942801756,6,13,0.291497975708502,61.910999554341061,6,2.6794278966121188,3.5,6.2,1:10 CaCl2,not reported,not reported,not reported,not reported,not reported,not reported,not reported,8,not reported,51.44,10.17,38.380000000000003,not reported,99.990000000000009,0.08,8.0000000000000004E-4,10 mM CaCl2,100,-,5,-,1.1299999999999999,1412.4999999999998,3.1499884564914762,5.3078443483419682E-2,Reported Kd at the soil pH condition ,,,,,,,,,
1186,Nguyen,2020,Environmental Science and Technology, 10.1021/acs.est.0c05705,soil,S4,FHxSA,FOSA,C6H2F13NO2S,398.95980000000003,6.2,-,0,0,0,0.9693465699682845,0,3.0653430031715501E-2,1,0,-0.9693465699682845,397.99045343003172,96485,-234.99911366550506,6,13,0.291497975708502,61.910999554341061,6,2.6794278966121188,3.5,7.7,1:10 CaCl2,not reported,not reported,not reported,not reported,not reported,not reported,not reported,4.8,not reported,46,37,17,not reported,100,0.25,2.5000000000000001E-3,10 mM CaCl2,100,-,5,-,1.41,564,2.7512791039833422,0.14921911265537988,Reported Kd at the soil pH condition ,,,,,,,,,
1187,Nguyen,2020,Environmental Science and Technology, 10.1021/acs.est.0c05705,soil,S5,FHxSA,FOSA,C6H2F13NO2S,398.95980000000003,6.2,-,0,0,0,0.94064905689723244,0,5.9350943102767569E-2,1,0,-0.94064905689723244,398.01915094310277,96485,-228.02552098228932,6,13,0.291497975708502,61.910999554341061,6,2.6794278966121188,3.5,7.4,1:10 CaCl2,not reported,not reported,not reported,not reported,not reported,not reported,not reported,29.6,not reported,39.799999999999997,7.7,52.5,not reported,100,2.23,2.23E-2,10 mM CaCl2,100,-,5,-,0.27,12.107623318385651,1.0830589011108267,-0.56863623584101264,Reported Kd at the soil pH condition ,,,,,,,,,
1188,Nguyen,2020,Environmental Science and Technology, 10.1021/acs.est.0c05705,soil,S6,FHxSA,FOSA,C6H2F13NO2S,398.95980000000003,6.2,-,0,0,0,0.9693465699682845,0,3.0653430031715501E-2,1,0,-0.9693465699682845,397.99045343003172,96485,-234.99911366550506,6,13,0.291497975708502,61.910999554341061,6,2.6794278966121188,3.5,7.7,1:10 CaCl2,not reported,not reported,not reported,not reported,not reported,not reported,not reported,21.63,not reported,70,11,19,not reported,100,4.9000000000000004,4.9000000000000002E-2,10 mM CaCl2,100,-,5,-,2.63,53.673469387755098,1.7297596684612442,0.41995574848975786,Reported Kd at the soil pH condition ,,,,,,,,,
1189,Nguyen,2020,Environmental Science and Technology, 10.1021/acs.est.0c05705,soil,S7,FHxSA,FOSA,C6H2F13NO2S,398.95980000000003,6.2,-,0,0,0,0.9693465699682845,0,3.0653430031715501E-2,1,0,-0.9693465699682845,397.99045343003172,96485,-234.99911366550506,6,13,0.291497975708502,61.910999554341061,6,2.6794278966121188,3.5,7.7,1:10 CaCl2,not reported,not reported,not reported,not reported,not reported,not reported,not reported,7.8,not reported,48.9,32.6,18.5,not reported,100,0.13,1.2999999999999999E-3,10 mM CaCl2,100,-,5,-,0.33,253.84615384615387,2.4045705875710506,-0.48148606012211248,Reported Kd at the soil pH condition ,,,,,,,,,
1190,Nguyen,2020,Environmental Science and Technology, 10.1021/acs.est.0c05705,soil,S8,FHxSA,FOSA,C6H2F13NO2S,398.95980000000003,6.2,-,0,0,0,0.95227327896579606,0,4.7726721034203903E-2,1,0,-0.95227327896579606,398.0075267210342,96485,-230.85012506664009,6,13,0.291497975708502,61.910999554341061,6,2.6794278966121188,3.5,7.5,1:10 CaCl2,not reported,not reported,not reported,not reported,not reported,not reported,not reported,2.2799999999999998,not reported,93,1,5,not reported,99,0.4,4.0000000000000001E-3,10 mM CaCl2,100,-,5,-,1.4,349.99999999999994,2.5440680443502757,0.14612803567823801,Reported Kd at the soil pH condition ,,,,,,,,,
1191,Nguyen,2020,Environmental Science and Technology, 10.1021/acs.est.0c05705,soil,S9,FHxSA,FOSA,C6H2F13NO2S,398.95980000000003,6.2,-,0,0,0,0.88818423022188298,0,0.11181576977811705,1,0,-0.88818423022188298,398.07161576977819,96485,-215.27899015668652,6,13,0.291497975708502,61.910999554341061,6,2.6794278966121188,3.5,7.1,1:10 CaCl2,not reported,not reported,not reported,not reported,not reported,not reported,not reported,17.420000000000002,not reported,48.86,16.05,35.090000000000003,not reported,100,1.19,1.1899999999999999E-2,10 mM CaCl2,100,-,5,-,0.82,68.907563025210081,1.8382668909911859,-8.6186147616283335E-2,Reported Kd at the soil pH condition ,,,,,,,,,
1192,Nguyen,2020,Environmental Science and Technology, 10.1021/acs.est.0c05705,soil,S10,FHxSA,FOSA,C6H2F13NO2S,398.95980000000003,6.2,-,0,0,0,0.61313682015314319,0,0.38686317984685686,1,0,-0.61313682015314319,398.34666317984693,96485,-148.51010830676128,6,13,0.291497975708502,61.910999554341061,6,2.6794278966121188,3.5,6.4,1:10 CaCl2,not reported,not reported,not reported,not reported,not reported,not reported,not reported,16.54,not reported,29.38,13.9,56.71,not reported,99.990000000000009,0.17,1.7000000000000001E-3,10 mM CaCl2,100,-,5,-,2.75,1617.6470588235293,3.2088837724519887,0.43933269383026263,Reported Kd at the soil pH condition ,,,,,,,,,
1193,Lutz Ahrens,2011,Chemosphere,10.1016/j.chemosphere.2011.06.046,sediment,Sediment 1,PFOSA,FOSA,C8H2F17NO2S,498.95340000000004,6.2,-,0,0,0,0.74315135718388992,0,0.25684864281611008,1,0,-0.74315135718388992,498.21024864281617,96485,-143.92108330411705,8,17,0.29721362229102166,64.735504357721567,8,0.90525604874845123,4.8,6.6614000000000004,KNN input,not reported,not reported,not reported,not reported,not reported,not reported,not reported,5.6683166666666667,KNN input,100,0,0,not reported,100,0.03,2.9999999999999997E-4,Millipore Water,20,-,1.4,143,17.54,58466.666666666672,4.7669083343103589,1.2440295890300217,Mean Kd value from Table S6,,,,,,,,,
1194,Lutz Ahrens,2011,Chemosphere,10.1016/j.chemosphere.2011.06.046,sediment,Sediment 2,PFOSA,FOSA,C8H2F17NO2S,498.95340000000004,6.2,-,0,0,0,0.93210105890867467,0,6.7898941091325299E-2,1,0,-0.93210105890867467,498.02129894109135,96485,-180.58217762979919,8,17,0.29721362229102166,64.735504357721567,8,0.90525604874845123,4.8,7.3376000000000001,KNN input,not reported,not reported,not reported,not reported,not reported,not reported,not reported,11.99159166666667,KNN input,0,100,0,not reported,100,1.6,1.6E-2,Millipore Water,20,-,1.4,143,170,10625,4.0263289387223491,2.2304489213782741,Mean Kd value from Table S6,,,,,,,,,
1195,Lutz Ahrens,2011,Chemosphere,10.1016/j.chemosphere.2011.06.046,sediment,Sediment 3,PFOSA,FOSA,C8H2F17NO2S,498.95340000000004,6.2,-,0,0,0,0.93210105890867467,0,6.7898941091325299E-2,1,0,-0.93210105890867467,498.02129894109135,96485,-180.58217762979919,8,17,0.29721362229102166,64.735504357721567,8,0.90525604874845123,4.8,7.3376000000000001,KNN input,not reported,not reported,not reported,not reported,not reported,not reported,not reported,11.99159166666667,KNN input,0,100,0,not reported,100,1.1000000000000001,1.1000000000000001E-2,Millipore Water,20,-,1.4,143,43.58,3961.8181818181811,3.5978945407520118,1.6392872259102369,Mean Kd value from Table S6,,,,,,,,,
1197,Campos-Pereira,2022,Chemosphere, 10.1016/j.chemosphere.2022.134167,soil,Peat Oi,PFOSA,FOSA,C8H2F17NO2S,498.95340000000004,6.2,-,0,0,0,3.0653430031715497E-2,0,0.96934656996828439,0.99999999999999989,0,-3.0653430031715497E-2,498.9227465699683,96485,-5.9279642328259738,8,17,0.29721362229102166,64.735504357721567,8,0.90525604874845123,4.8,4.7,deionized water 40g/L,0.37974599999999997,6.8,3.7974599999999997E-2,0.107928,1.932634971796938,1.07928E-2,OA,14.768748,KNN input,37.396533331999997,37.430266667999987,24.989000000000001,KNN input,99.815799999999996,44.9,0.44900000000000001,10 mM  NaNO3,25,-,3.4926738000000004,99.790680000000009,578.42404871021745,1288.2495516931347,3.1100000000000003,2.7622463410033236,Kd derived in this study from calculated mean Koc value at the Ca and pH 4 conditions,,,,,,,,,
1198,Campos-Pereira,2022,Chemosphere, 10.1016/j.chemosphere.2022.134167,soil,Peat Oe,PFOSA,FOSA,C8H2F17NO2S,498.95340000000004,6.2,-,0,0,0,7.8806838503302761E-3,0,0.99211931614966975,1,0,-7.8806838503302761E-3,498.94551931614973,96485,-1.5239495132479994,8,17,0.29721362229102166,64.735504357721567,8,0.90525604874845123,4.8,4.0999999999999996,deionized water 40g/L,1.5636599999999998,27.999999999999996,0.15636599999999998,0.45869399999999994,8.2136986301369852,4.5869399999999991E-2,OA,14.715147999999999,KNN input,37.490533331999998,37.393866668000001,24.9392,KNN input,99.823599999999999,46.6,0.46600000000000003,10 mM  NaNO3,25,-,14.968602000000001,-,535.03958761754791,1148.1536214968839,3.0600000000000005,2.7283859166900006,Kd derived in this study from calculated mean Koc value at the Ca and pH 4 conditions,,,,,,,,,
1199,Campos-Pereira,2022,Chemosphere, 10.1016/j.chemosphere.2022.134167,soil,Mor Oe,PFOSA,FOSA,C8H2F17NO2S,498.95340000000004,6.2,-,0,0,0,6.2700123414338336E-3,0,0.99372998765856613,1,0,-6.2700123414338336E-3,498.94712998765857,96485,-1.2124774438089405,8,17,0.29721362229102166,64.735504357721567,8,0.90525604874845123,4.8,4,deionized water 40g/L,0.279225,5.0000000000000009,2.7922499999999999E-2,0.40473000000000003,7.2473811442385179,4.0473000000000002E-2,OA,14.763688,KNN input,37.414333332000012,37.430866668,24.970400000000001,KNN input,99.815600000000003,53.6,0.53600000000000003,10 mM  NaNO3,25,-,3.4926738000000004,99.790680000000009,477.71050283968816,891.25093813374656,2.9500000000000006,2.6791647896927704,Kd derived in this study from calculated mean Koc value at the Ca and pH 4 conditions,,,,,,,,,
1201,Campos Pereira,2023,Chemosphere, 10.1016/j.chemosphere.2023.138133,soil,Paskalampa Bs,PFOSA,FOSA,C8H2F17NO2S,498.95340000000004,6.2,-,0,0,0,0.1663375308165618,0,0.83366246918343823,1,0,-0.1663375308165618,498.78706246918352,96485,-32.17620878413927,8,17,0.29721362229102166,64.735504357721567,8,0.90525604874845123,4.8,5.5,ISO 10390:2005,7.2598499999999992,130,0.72598499999999988,13.491,500,1.3491,Oxalate,1,CoHex,54,42,4,ISO 11277:2020,100,2.2000000000000002,2.2000000000000002E-2,10 mM NO3,10,-,-,-,188.36490894898014,8562.0413158627325,3.9325773191777937,2.2749999999999999, log Kd values reported in Table S7 at pH 5.7,,,,,,,,,
1202,Campos Pereira,2023,Chemosphere, 10.1016/j.chemosphere.2023.138133,soil,Fors,PFOSA,FOSA,C8H2F17NO2S,498.95340000000004,6.2,-,0,0,0,0.99009900990099009,0,9.9009900990099133E-3,1,0,-0.99009900990099009,497.96330099009907,96485,-191.84085007942468,8,17,0.29721362229102166,64.735504357721567,8,0.90525604874845123,4.8,8.1999999999999993,ISO 10390:2005,1.89873,34,0.18987300000000001,0.75549599999999995,28,7.5549599999999995E-2,Oxalate,15,CoHex,27,56,16,ISO 11277:2020,99,1.6,1.6E-2,10 mM NO3,10,-,-,-,9.7723722095581103,610.77326309738191,2.7858800173440752,0.99, log Kd values reported in Table S7 at pH 8.3,,,,,,,,,
1203,Campos Pereira,2023,Chemosphere, 10.1016/j.chemosphere.2023.138133,soil,Arboga (field-contaminated),PFOSA,FOSA,C8H2F17NO2S,498.95340000000004,6.2,-,0,0,0,0.1663375308165618,0,0.83366246918343823,1,0,-0.1663375308165618,498.78706246918352,96485,-32.17620878413927,8,17,0.29721362229102166,64.735504357721567,8,0.90525604874845123,4.8,5.5,ISO 10390:2005,6.1429499999999999,110,0.61429500000000004,0.83644200000000002,31,8.3644200000000002E-2,Oxalate,8.6,CoHex,27,44,29,ISO 11277:2020,100,1.3,1.3000000000000001E-2,10 mM NO3,10,-,-,-,142.88939585111027,10991.491988546943,4.0410566476931633,2.1549999999999998, log Kd values reported in Table S7 at pH 5.4,,,,,,,,,
1204,Campos Pereira,2023,Chemosphere, 10.1016/j.chemosphere.2023.138133,soil,Nantuna,PFOSA,FOSA,C8H2F17NO2S,498.95340000000004,6.2,-,0,0,0,0.99211931614966975,0,7.8806838503302744E-3,1,0,-0.99211931614966975,497.96128068385042,96485,-192.23308303658112,8,17,0.29721362229102166,64.735504357721567,8,0.90525604874845123,4.8,8.3000000000000007,ISO 10390:2005,2.066265,37,0.20662649999999999,0.72851399999999999,27,7.2851399999999997E-2,Oxalate,14,CoHex,80,15,4.4000000000000004,ISO 11277:2020,99.4,1.2,1.2E-2,10 mM NO3,10,-,-,-,25.703957827688658,2141.9964856407214,3.3308187539523755,1.4100000000000001, log Kd values reported in Table S7 at pH 7.3,,,,,,,,,
1205,Campos Pereira,2023,Chemosphere, 10.1016/j.chemosphere.2023.138133,soil,Krusenberg,PFOSA,FOSA,C8H2F17NO2S,498.95340000000004,6.2,-,0,0,0,0.1663375308165618,0,0.83366246918343823,1,0,-0.1663375308165618,498.78706246918352,96485,-32.17620878413927,8,17,0.29721362229102166,64.735504357721567,8,0.90525604874845123,4.8,5.5,ISO 10390:2005,1.3402799999999999,24,0.13402799999999998,0.32378400000000002,12,3.2378400000000002E-2,Oxalate,2.6,CoHex,86,8,6,ISO 11277:2020,100,1.2,1.2E-2,10 mM NO3,10,-,-,-,74.98942093324564,6249.1184111038028,3.7958187539523753,1.875, log Kd values reported in Table S7 at pH 5.5,,,,,,,,,
1206,Campos Pereira,2023,Chemosphere, 10.1016/j.chemosphere.2023.138133,soil,Paskalampa E,PFOSA,FOSA,C8H2F17NO2S,498.95340000000004,6.2,-,0,0,0,2.4503367550335952E-2,0,0.97549663244966411,1,0,-2.4503367550335952E-2,498.92889663244978,96485,-4.7385658238108137,8,17,0.29721362229102166,64.735504357721567,8,0.90525604874845123,4.8,4.5999999999999996,ISO 10390:2005,0.1396125,2.5,1.396125E-2,5.12658E-2,1.9,5.1265800000000004E-3,Oxalate,1.8,CoHex,53,40,7,ISO 11277:2020,100,1.1000000000000001,1.1000000000000001E-2,10 mM NO3,10,-,-,-,70.794578438413865,6435.8707671285329,3.8086073148417752,1.85, log Kd values reported in Table S7 at pH 5.4,,,,,,,,,
1207,Campos Pereira,2023,Chemosphere, 10.1016/j.chemosphere.2023.138133,soil,Kungsangen (70-80cm),PFOSA,FOSA,C8H2F17NO2S,498.95340000000004,6.2,-,0,0,0,0.71525275104919839,0,0.28474724895080167,1,0,-0.71525275104919839,498.23814724895084,96485,-138.51039320459665,8,17,0.29721362229102166,64.735504357721567,8,0.90525604874845123,4.8,6.6,ISO 10390:2005,11.169,200,1.1169,1.3760819999999998,51,0.13760819999999999,Oxalate,16,CoHex,0.68,48,52,ISO 11277:2020,100.68,0.91,9.1000000000000004E-3,10 mM NO3,10,-,-,-,42.657951880159267,4687.6870197977214,3.6709586076789065,1.63, log Kd values reported in Table S7 at pH 6.6,,,,,,,,,
1208,Campos Pereira,2023,Chemosphere, 10.1016/j.chemosphere.2023.138133,soil,Hogasa (subsoil),PFOSA,FOSA,C8H2F17NO2S,498.95340000000004,6.2,-,0,0,0,0.28474724895080122,0,0.71525275104919883,1,0,-0.28474724895080122,498.66865275104925,96485,-55.094376122202014,8,17,0.29721362229102166,64.735504357721567,8,0.90525604874845123,4.8,5.8,ISO 10390:2005,1.6753499999999999,30,0.16753499999999999,0.75549599999999995,28,7.5549599999999995E-2,Oxalate,0.77,CoHex,89,8,3,ISO 11277:2020,100,0.3,3.0000000000000001E-3,10 mM NO3,10,-,-,-,64.565422903465588,21521.80763448853,4.3328787452803379,1.81, log Kd values reported in Table S7 at pH 6.0,,,,,,,,,
1209,Campos Pereira,2023,Chemosphere, 10.1016/j.chemosphere.2023.138133,soil,Riddarhyttan,PFOSA,FOSA,C8H2F17NO2S,498.95340000000004,6.2,-,0,0,0,0.11181576977811683,0,0.8881842302218832,1,0,-0.11181576977811683,498.84158423022194,96485,-21.627195663107646,8,17,0.29721362229102166,64.735504357721567,8,0.90525604874845123,4.8,5.3,ISO 10390:2005,1.2285899999999998,22,0.12285899999999998,2.15856,80,0.21585599999999999,Oxalate,0.45,CoHex,96,3,2,ISO 11277:2020,101,0.19,1.9E-3,10 mM NO3,10,-,-,-,38.018939632056139,20009.968227397967,4.3012463990471712,1.58, log Kd values reported in Table S7 at pH 5.6,,,,,,,,,
1210,Nguyen,2020,Environmental Science and Technology, 10.1021/acs.est.0c05705,soil,S1,PFOSA,FOSA,C8H2F17NO2S,498.95340000000004,6.2,-,0,0,0,0.95227327896579606,0,4.7726721034203903E-2,1,0,-0.95227327896579606,498.00112672103421,96485,-184.49774988658487,8,17,0.29721362229102166,64.735504357721567,8,0.90525604874845123,4.8,7.5,1:10 CaCl2,not reported,not reported,not reported,not reported,not reported,not reported,not reported,41.4,not reported,16.899999999999999,17.5,65.599999999999994,not reported,100,0.7,6.9999999999999993E-3,10 mM CaCl2,100,-,5,-,7.42,1060,3.0253058652647704,0.87040390527902711,Reported Kd at the soil pH condition ,,,,,,,,,
1211,Nguyen,2020,Environmental Science and Technology, 10.1021/acs.est.0c05705,soil,S2,PFOSA,FOSA,C8H2F17NO2S,498.95340000000004,6.2,-,0,0,0,0.79923999108689814,0,0.20076000891310183,1,0,-0.79923999108689814,498.1541600089131,96485,-154.80081615425956,8,17,0.29721362229102166,64.735504357721567,8,0.90525604874845123,4.8,6.8,1:10 CaCl2,not reported,not reported,not reported,not reported,not reported,not reported,not reported,7.1,not reported,48.9,27,24.2,not reported,100.10000000000001,0.37,3.7000000000000002E-3,10 mM CaCl2,100,-,5,-,6.6639999999999997,1801.0810810810808,3.2555332643317363,0.82373498839873116,Reported Kd at the soil pH condition ,,,,,,,,,
1212,Nguyen,2020,Environmental Science and Technology, 10.1021/acs.est.0c05705,soil,S3,PFOSA,FOSA,C8H2F17NO2S,498.95340000000004,6.2,-,0,0,0,0.5,0,0.5,1,0,-0.5,498.45340000000004,96485,-96.784373423874726,8,17,0.29721362229102166,64.735504357721567,8,0.90525604874845123,4.8,6.2,1:10 CaCl2,not reported,not reported,not reported,not reported,not reported,not reported,not reported,8,not reported,51.44,10.17,38.380000000000003,not reported,99.990000000000009,0.08,8.0000000000000004E-4,10 mM CaCl2,100,-,5,-,18.16,22700,4.3560258571931225,1.2591158441850663,Reported Kd at the soil pH condition ,,,,,,,,,
1213,Nguyen,2020,Environmental Science and Technology, 10.1021/acs.est.0c05705,soil,S4,PFOSA,FOSA,C8H2F17NO2S,498.95340000000004,6.2,-,0,0,0,0.9693465699682845,0,3.0653430031715501E-2,1,0,-0.9693465699682845,497.98405343003174,96485,-187.81204570545714,8,17,0.29721362229102166,64.735504357721567,8,0.90525604874845123,4.8,7.7,1:10 CaCl2,not reported,not reported,not reported,not reported,not reported,not reported,not reported,4.8,not reported,46,37,17,not reported,100,0.25,2.5000000000000001E-3,10 mM CaCl2,100,-,5,-,4.18,1671.9999999999998,3.2232362731029975,0.62117628177503514,Reported Kd at the soil pH condition ,,,,,,,,,
1214,Nguyen,2020,Environmental Science and Technology, 10.1021/acs.est.0c05705,soil,S5,PFOSA,FOSA,C8H2F17NO2S,498.95340000000004,6.2,-,0,0,0,0.94064905689723244,0,5.9350943102767569E-2,1,0,-0.94064905689723244,498.01275094310284,96485,-182.24136647677619,8,17,0.29721362229102166,64.735504357721567,8,0.90525604874845123,4.8,7.4,1:10 CaCl2,not reported,not reported,not reported,not reported,not reported,not reported,not reported,29.6,not reported,39.799999999999997,7.7,52.5,not reported,100,2.23,2.23E-2,10 mM CaCl2,100,-,5,-,3.14,140.80717488789239,2.1486247850250542,0.49692964807321494,Reported Kd at the soil pH condition ,,,,,,,,,
1215,Nguyen,2020,Environmental Science and Technology, 10.1021/acs.est.0c05705,soil,S6,PFOSA,FOSA,C8H2F17NO2S,498.95340000000004,6.2,-,0,0,0,0.9693465699682845,0,3.0653430031715501E-2,1,0,-0.9693465699682845,497.98405343003174,96485,-187.81204570545714,8,17,0.29721362229102166,64.735504357721567,8,0.90525604874845123,4.8,7.7,1:10 CaCl2,not reported,not reported,not reported,not reported,not reported,not reported,not reported,21.63,not reported,70,11,19,not reported,100,4.9000000000000004,4.9000000000000002E-2,10 mM CaCl2,100,-,5,-,47.29,965.10204081632651,2.9845732339869127,1.6747693140154263,Reported Kd at the soil pH condition ,,,,,,,,,
1216,Nguyen,2020,Environmental Science and Technology, 10.1021/acs.est.0c05705,soil,S7,PFOSA,FOSA,C8H2F17NO2S,498.95340000000004,6.2,-,0,0,0,0.9693465699682845,0,3.0653430031715501E-2,1,0,-0.9693465699682845,497.98405343003174,96485,-187.81204570545714,8,17,0.29721362229102166,64.735504357721567,8,0.90525604874845123,4.8,7.7,1:10 CaCl2,not reported,not reported,not reported,not reported,not reported,not reported,not reported,7.8,not reported,48.9,32.6,18.5,not reported,100,0.13,1.2999999999999999E-3,10 mM CaCl2,100,-,5,-,2.2200000000000002,1707.6923076923078,3.2324096221438019,0.34635297445063867,Reported Kd at the soil pH condition ,,,,,,,,,
1217,Nguyen,2020,Environmental Science and Technology, 10.1021/acs.est.0c05705,soil,S8,PFOSA,FOSA,C8H2F17NO2S,498.95340000000004,6.2,-,0,0,0,0.95227327896579606,0,4.7726721034203903E-2,1,0,-0.95227327896579606,498.00112672103421,96485,-184.49774988658487,8,17,0.29721362229102166,64.735504357721567,8,0.90525604874845123,4.8,7.5,1:10 CaCl2,not reported,not reported,not reported,not reported,not reported,not reported,not reported,2.2799999999999998,not reported,93,1,5,not reported,99,0.4,4.0000000000000001E-3,10 mM CaCl2,100,-,5,-,15.58,3895,3.5905074620085831,1.1925674533365456,Reported Kd at the soil pH condition ,,,,,,,,,
1218,Nguyen,2020,Environmental Science and Technology, 10.1021/acs.est.0c05705,soil,S9,PFOSA,FOSA,C8H2F17NO2S,498.95340000000004,6.2,-,0,0,0,0.88818423022188298,0,0.11181576977811705,1,0,-0.88818423022188298,498.06521576977815,96485,-172.05870383963943,8,17,0.29721362229102166,64.735504357721567,8,0.90525604874845123,4.8,7.1,1:10 CaCl2,not reported,not reported,not reported,not reported,not reported,not reported,not reported,17.420000000000002,not reported,48.86,16.05,35.090000000000003,not reported,100,1.19,1.1899999999999999E-2,10 mM CaCl2,100,-,5,-,8.49,713.44537815126057,2.8533607288514218,0.9289076902439527,Reported Kd at the soil pH condition ,,,,,,,,,
1219,Nguyen,2020,Environmental Science and Technology, 10.1021/acs.est.0c05705,soil,S10,PFOSA,FOSA,C8H2F17NO2S,498.95340000000004,6.2,-,0,0,0,0.61313682015314319,0,0.38686317984685686,1,0,-0.61313682015314319,498.34026317984694,96485,-118.71107045413709,8,17,0.29721362229102166,64.735504357721567,8,0.90525604874845123,4.8,6.4,1:10 CaCl2,not reported,not reported,not reported,not reported,not reported,not reported,not reported,16.54,not reported,29.38,13.9,56.71,not reported,99.990000000000009,0.17,1.7000000000000001E-3,10 mM CaCl2,100,-,5,-,12.82,7541.1764705882351,3.8774391038045248,1.1078880251827987,Reported Kd at the soil pH condition ,,,,,,,,,
1220,Campos-Pereira,2022,Chemosphere, 10.1016/j.chemosphere.2022.134167,soil,Peat Oi,EtFOSA,FOSA,C10H6F17NO2S,526.9846,9,-,0,0,0,5.0116211602181956E-5,0,0.99994988378839778,1,0,-5.0116211602181956E-5,526.98454988378842,96485,-9.1757200045102863E-3,10,17,0.37151702786377711,61.292113659488344,8,-9.1514981121350217E-2,5.6,4.7,deionized water 40g/L,0.37974599999999997,6.8,3.7974599999999997E-2,0.107928,1.932634971796938,1.07928E-2,OA,14.768748,KNN input,37.396533331999997,37.430266667999987,24.989000000000001,KNN input,99.815799999999996,44.9,0.44900000000000001,10 mM  NaNO3,25,-,3.6888922000000002,105.39691999999999,5398.1673114321939,12022.644346174151,4.080000000000001,3.7322463410033238,Kd derived in this study from calculated mean Koc value at Ca pH 4,,,,,,,,,
1221,Campos-Pereira,2022,Chemosphere, 10.1016/j.chemosphere.2022.134167,soil,Peat Oe,EtFOSA,FOSA,C10H6F17NO2S,526.9846,9,-,0,0,0,1.258909563061765E-5,0,0.99998741090436949,1,0,-1.258909563061765E-5,526.9845874109044,96485,-2.3049229919376007E-3,10,17,0.37151702786377711,61.292113659488344,8,-9.1514981121350217E-2,5.6,4.0999999999999996,deionized water 40g/L,1.5636599999999998,27.999999999999996,0.15636599999999998,0.45869399999999994,8.2136986301369852,4.5869399999999991E-2,OA,14.715147999999999,KNN input,37.490533331999998,37.393866668000001,24.9392,KNN input,99.823599999999999,46.6,0.46600000000000003,10 mM  NaNO3,25,-,15.809538,-,614.30764016728654,1318.2567385564089,3.1200000000000006,2.7883859166900007,Kd derived in this study from calculated mean Koc value at Ca pH 4,,,,,,,,,
1222,Campos-Pereira,2022,Chemosphere, 10.1016/j.chemosphere.2022.134167,soil,Mor Oe,EtFOSA,FOSA,C10H6F17NO2S,526.9846,9,-,0,0,0,9.9999000009999908E-6,0,0.99999000009999894,0.99999999999999989,0,-9.9999000009999908E-6,526.98459000009996,96485,-1.8308701428941235E-3,10,17,0.37151702786377711,61.292113659488344,8,-9.1514981121350217E-2,5.6,4,deionized water 40g/L,0.279225,5.0000000000000009,2.7922499999999999E-2,0.40473000000000003,7.2473811442385179,4.0473000000000002E-2,OA,14.763688,KNN input,37.414333332000012,37.430866668,24.970400000000001,KNN input,99.815600000000003,53.6,0.53600000000000003,10 mM  NaNO3,25,-,3.6888922000000002,105.39691999999999,523.79915043231495,977.23722095581138,2.99,2.7191647896927704,Kd derived in this study from calculated mean Koc value at Ca pH 4,,,,,,,,,
1223,Higgins and Luthy,2007,Environmental Science and Technology,10.1021/es061000n,sediment,1,N-MeFOSAA,FOSAA,C11H6F17NO4S,570.97440000000006,3.9,-,0,0,0,0.99920630222183071,0,7.9369777816924324E-4,1,0,-0.99920630222183071,569.9751936977782,96485,-169.14494022873674,11,17,0.4086687306501548,56.569961805643118,8,0.89209460269048035,5,7,Non reported,18.6539,334.0299041991226,1.8653900000000001,1.1061800000000002,41,0.11061800000000002,DCB,38.6,Non reported,11,36,53,Non reported,100,2.48,2.4799999999999999E-2,"0,5 mM CaCl2",100,-,0.5709744000000001,114.19488,83.28,3358.0645161290322,3.5260890356762635,1.9205407165024797,Reported Kd was interpolated in the examined study at Cw = 5 pM,,,,,,,,,
1224,Higgins and Luthy,2007,Environmental Science and Technology,10.1021/es061000n,sediment,2,N-MeFOSAA,FOSAA,C11H6F17NO4S,570.97440000000006,3.9,-,0,0,0,0.99974887443673854,0,2.5112556326146155E-4,1,0,-0.99974887443673854,569.97465112556324,96485,-169.23694757221543,11,17,0.4086687306501548,56.569961805643118,8,0.89209460269048035,5,7.5,Non reported,6.4780199999999999,116,0.64780199999999999,0.18886,7,1.8886E-2,DCB,30,Non reported,49,25,26,Non reported,100,1.02,1.0200000000000001E-2,"0,5 mM CaCl2",100,-,0.5709744000000001,114.19488,6.65,651.96078431372553,2.814221473541187,0.82282164530310464,Reported Kd was interpolated in the examined study at Cw = 5 pM,,,,,,,,,
1225,Higgins and Luthy,2007,Environmental Science and Technology,10.1021/es061000n,sediment,3,N-MeFOSAA,FOSAA,C11H6F17NO4S,570.97440000000006,3.9,-,0,0,0,0.99980051357127842,0,1.9948642872153033E-4,1,0,-0.99980051357127842,569.97459948642881,96485,-169.2457043504123,11,17,0.4086687306501548,56.569961805643118,8,0.89209460269048035,5,7.6,Non reported,6.7578500000000004,121.01083355716717,0.67578500000000008,0.37772,14,3.7772E-2,DCB,32.1,Non reported,31,38,31,Non reported,100,4.34,4.3400000000000001E-2,"0,5 mM CaCl2",100,-,0.5709744000000001,114.19488,65.209999999999994,1502.5345622119814,3.1768244706949487,1.8143142002074595,Reported Kd was interpolated in the examined study at Cw = 5 pM,,,,,,,,,
1226,Higgins and Luthy,2007,Environmental Science and Technology,10.1021/es061000n,sediment,4,N-MeFOSAA,FOSAA,C11H6F17NO4S,570.97440000000006,3.9,-,0,0,0,0.99684769081673974,0,3.1523091832602059E-3,1,0,-0.99684769081673974,569.97755230918324,96485,-168.74497786586517,11,17,0.4086687306501548,56.569961805643118,8,0.89209460269048035,5,6.4,Non reported,57.270850000000003,1025.5322768376759,5.7270850000000006,4.6135799999999998,171,0.46135799999999999,DCB,32.1,Non reported,65,22,13,Non reported,100,0.56000000000000005,5.6000000000000008E-3,"0,5 mM CaCl2",100,-,0.5709744000000001,114.19488,2.75,491.0714285714285,2.6911446668240622,0.43933269383026263,Reported Kd was interpolated in the examined study at Cw = 5 pM,,,,,,,,,
1227,Higgins and Luthy,2007,Environmental Science and Technology,10.1021/es061000n,sediment,5,N-MeFOSAA,FOSAA,C11H6F17NO4S,570.97440000000006,3.9,-,0,0,0,0.98439833775817054,0,1.5601662241829593E-2,1.0000000000000002,0,-0.98439833775817054,569.99000166224198,96485,-166.63392926474353,11,17,0.4086687306501548,56.569961805643118,8,0.89209460269048035,5,5.7,Non reported,14.9678,268.02399498612232,1.49678,2.4281999999999999,89.999999999999986,0.24281999999999998,DCB,22,Non reported,80,15,5,Non reported,100,9.66,9.6600000000000005E-2,"0,5 mM CaCl2",100,-,0.5709744000000001,114.19488,211.52,2189.6480331262942,3.340374311390053,2.3253514378055464,Reported Kd was interpolated in the examined study at Cw = 5 pM,,,,,,,,,
1228,Higgins and Luthy,2007,Environmental Science and Technology,10.1021/es061000n,sediment,1,N-EtFOSAA,FOSAA,C12H8F17NO4S,584.99,3.9,-,0,0,0,0.99920630222183071,0,7.9369777816924324E-4,1,0,-0.99920630222183071,583.99079369777826,96485,-165.08551352226584,12,17,0.44582043343653249,55.214619053317151,8,0.38021124171160603,5.4,7,Non reported,18.6539,334.0299041991226,1.8653900000000001,1.1061800000000002,41,0.11061800000000002,DCB,38.6,Non reported,11,36,53,Non reported,100,2.48,2.4799999999999999E-2,"0,5 mM CaCl2",100,-,0.58499000000000001,116.998,120.09,4842.3387096774195,3.6850551639985514,2.0795068448247678,Reported Kd was interpolated in the examined study at Cw = 5 pM,,,,,,,,,
1229,Higgins and Luthy,2007,Environmental Science and Technology,10.1021/es061000n,sediment,2,N-EtFOSAA,FOSAA,C12H8F17NO4S,584.99,3.9,-,0,0,0,0.99974887443673854,0,2.5112556326146155E-4,1,0,-0.99974887443673854,583.9902511255633,96485,-165.17530894413639,12,17,0.44582043343653249,55.214619053317151,8,0.38021124171160603,5.4,7.5,Non reported,6.4780199999999999,116,0.64780199999999999,0.18886,7,1.8886E-2,DCB,30,Non reported,49,25,26,Non reported,100,1.02,1.0200000000000001E-2,"0,5 mM CaCl2",100,-,0.58499000000000001,116.998,9.5299999999999994,934.31372549019591,2.9704927288764087,0.97909290063832632,Reported Kd was interpolated in the examined study at Cw = 5 pM,,,,,,,,,
1230,Higgins and Luthy,2007,Environmental Science and Technology,10.1021/es061000n,sediment,3,N-EtFOSAA,FOSAA,C12H8F17NO4S,584.99,3.9,-,0,0,0,0.99980051357127842,0,1.9948642872153033E-4,1,0,-0.99980051357127842,583.99019948642865,96485,-165.18385520297858,12,17,0.44582043343653249,55.214619053317151,8,0.38021124171160603,5.4,7.6,Non reported,6.7578500000000004,121.01083355716717,0.67578500000000008,0.37772,14,3.7772E-2,DCB,32.1,Non reported,31,38,31,Non reported,100,4.34,4.3400000000000001E-2,"0,5 mM CaCl2",100,-,0.58499000000000001,116.998,94.29,2172.5806451612902,3.3369759062247315,1.9744656357372425,Reported Kd was interpolated in the examined study at Cw = 5 pM,,,,,,,,,
1231,Higgins and Luthy,2007,Environmental Science and Technology,10.1021/es061000n,sediment,4,N-EtFOSAA,FOSAA,C12H8F17NO4S,584.99,3.9,-,0,0,0,0.99684769081673974,0,3.1523091832602059E-3,1,0,-0.99684769081673974,583.9931523091833,96485,-164.69516648978129,12,17,0.44582043343653249,55.214619053317151,8,0.38021124171160603,5.4,6.4,Non reported,57.270850000000003,1025.5322768376759,5.7270850000000006,4.6135799999999998,171,0.46135799999999999,DCB,32.1,Non reported,65,22,13,Non reported,100,0.56000000000000005,5.6000000000000008E-3,"0,5 mM CaCl2",100,-,0.58499000000000001,116.998,2.76,492.85714285714278,2.692721055059017,0.44090908206521767,Reported Kd was interpolated in the examined study at Cw = 5 pM,,,,,,,,,
1232,Higgins and Luthy,2007,Environmental Science and Technology,10.1021/es061000n,sediment,5,N-EtFOSAA,FOSAA,C12H8F17NO4S,584.99,3.9,-,0,0,0,0.98439833775817054,0,1.5601662241829593E-2,1.0000000000000002,0,-0.98439833775817054,584.00560166224193,96485,-162.63486745376858,12,17,0.44582043343653249,55.214619053317151,8,0.38021124171160603,5.4,5.7,Non reported,14.9678,268.02399498612232,1.49678,2.4281999999999999,89.999999999999986,0.24281999999999998,DCB,22,Non reported,80,15,5,Non reported,100,9.66,9.6600000000000005E-2,"0,5 mM CaCl2",100,-,0.58499000000000001,116.998,293.69,3040.2691511387161,3.4829120328456256,2.467889159261119,Reported Kd was interpolated in the examined study at Cw = 5 pM,,,,,,,,,
1233,Lee and Mabury,2017,Environmental Science and Technology,10.1021/acs.est.6b04395,soil,A,PFHxPA,PFPA,C6H2F13O3P,399.95329999999996,2.1,2.4,0,0,0,1.5823832918514553E-3,0.99841635977642174,1.2569317268735621E-6,1,0,-1.998415102844695,397.9548848971553,96485,-484.51995066677148,6,13,0.291497975708502,61.757210154285524,6,3.8720979742742268,3,5.2,Non reported,Non reported,Non reported,Non reported,Non reported,Non reported,Non reported,Non reported,9.6,Non reported,63,32,5,Non reported,100,1,0.01,10 mM CaCl2 + 0.1 mM HgCl2,100,-,500,50000,0.52480746024977254,52.48074602497725,1.72,-0.28000000000000003,Reported Kd at Cin = 10 mg/L,,,,,,,,,
1234,Lee and Mabury,2017,Environmental Science and Technology,10.1021/acs.est.6b04395,soil,B,PFHxPA,PFPA,C6H2F13O3P,399.95329999999996,2.1,2.4,0,0,0,6.3091753501609994E-5,0.99993690625136178,1.9951364263899148E-9,0.99999999999999978,0,-1.9999369042562252,397.95336309574367,96485,-484.89076887317736,6,13,0.291497975708502,61.757210154285524,6,3.8720979742742268,3,6.6,Non reported,Non reported,Non reported,Non reported,Non reported,Non reported,Non reported,Non reported,33.5,Non reported,25,38,37,Non reported,100,1.1000000000000001,1.1000000000000001E-2,10 mM CaCl2 + 0.1 mM HgCl2,100,-,500,50000,0.44668359215096315,40.60759928645119,1.608607314841775,-0.35,Reported Kd at Cin = 10 mg/L,,,,,,,,,
1235,Lee and Mabury,2017,Environmental Science and Technology,10.1021/acs.est.6b04395,soil,C,PFHxPA,PFPA,C6H2F13O3P,399.95329999999996,2.1,2.4,0,0,0,2.5118233365656961E-5,0.99997488145041469,3.1621982283401642E-10,1.0000000000000002,0,-1.9999748811341951,397.95332511886579,96485,-484.90002275667581,6,13,0.291497975708502,61.757210154285524,6,3.8720979742742268,3,7,Non reported,Non reported,Non reported,Non reported,Non reported,Non reported,Non reported,Non reported,23.3,Non reported,28,48,22,Non reported,98,1.1000000000000001,1.1000000000000001E-2,10 mM CaCl2 + 0.1 mM HgCl2,100,-,500,50000,0.58884365535558891,53.531241395962624,1.7286073148417749,-0.23000000000000004,Reported Kd at Cin = 10 mg/L,,,,,,,,,
1236,Lee and Mabury,2017,Environmental Science and Technology,10.1021/acs.est.6b04395,soil,D,PFHxPA,PFPA,C6H2F13O3P,399.95329999999996,2.1,2.4,0,0,0,3.8257278528043545E-2,0.96097938841075381,7.6333306120273325E-4,1,0,-1.9602160553495511,397.99308394465044,96485,-475.21289622888082,6,13,0.291497975708502,61.757210154285524,6,3.8720979742742268,3,3.8,Non reported,Non reported,Non reported,Non reported,Non reported,Non reported,Non reported,Non reported,23.89,Non reported,53,41,6,Non reported,100,3.6,3.6000000000000004E-2,10 mM CaCl2 + 0.1 mM HgCl2,100,-,500,50000,27.542287033381665,765.06352870504622,2.8836974992327127,1.44,Reported Kd at Cin = 10 mg/L,,,,,,,,,
1237,Lee and Mabury,2017,Environmental Science and Technology,10.1021/acs.est.6b04395,soil,E,PFHxPA,PFPA,C6H2F13O3P,399.95329999999996,2.1,2.4,0,0,0,9.9004988115236631E-3,0.99004988115236747,4.9620036108776318E-5,0.99999999999999989,0,-1.9900002611162586,397.96329973888368,96485,-482.46955264413299,6,13,0.291497975708502,61.757210154285524,6,3.8720979742742268,3,4.4000000000000004,Non reported,Non reported,Non reported,Non reported,Non reported,Non reported,Non reported,Non reported,11.3,Non reported,58,20,22,Non reported,100,10.199999999999999,0.10199999999999999,10 mM CaCl2 + 0.1 mM HgCl2,100,-,500,50000,2.6302679918953822,25.786941097013553,1.4113998282380826,0.42000000000000004,Reported Kd at Cin = 10 mg/L,,,,,,,,,
1238,Lee and Mabury,2017,Environmental Science and Technology,10.1021/acs.est.6b04395,soil,F,PFHxPA,PFPA,C6H2F13O3P,399.95329999999996,2.1,2.4,0,0,0,1.9948642474204687E-4,0.99980049362661549,1.9948642474204673E-8,1,0,-1.9998004736779731,397.95349952632199,96485,-484.85752464166188,6,13,0.291497975708502,61.757210154285524,6,3.8720979742742268,3,6.1,Non reported,Non reported,Non reported,Non reported,Non reported,Non reported,Non reported,Non reported,24.2,Non reported,10,61,27,Non reported,98,2.63,2.63E-2,10 mM CaCl2 + 0.1 mM HgCl2,100,-,500,50000,1.0471285480508996,39.814773690148272,1.6000442515102422,2.0000000000000032E-2,Reported Kd at Cin = 10 mg/L,,,,,,,,,
1239,Lee and Mabury,2017,Environmental Science and Technology,10.1021/acs.est.6b04395,soil,G,PFHxPA,PFPA,C6H2F13O3P,399.95329999999996,2.1,2.4,0,0,0,7.8804366129203024E-3,0.9920881908038528,3.1372583226958831E-5,1,0,-1.992056818220626,397.96124318177937,96485,-482.97065455246604,6,13,0.291497975708502,61.757210154285524,6,3.8720979742742268,3,4.5,Non reported,Non reported,Non reported,Non reported,Non reported,Non reported,Non reported,Non reported,21.496500000000001,KNN input,41.737499999999997,35.036999999999999,21.971,KNN input,98.745499999999993,45.7,0.45700000000000002,10 mM CaCl2 + 0.1 mM HgCl2,100,-,500,50000,3.5481338923357555,7.7639691298375393,0.89008379993014985,0.55000000000000016,Reported Kd at Cin = 10 mg/L,,,,,,,,,
1240,Lee and Mabury,2017,Environmental Science and Technology,10.1021/acs.est.6b04395,soil,A,PFOPA,PFPA,C8H2F17O3P,499.94689999999997,2.4,4.5,0,0,0,0.16629369127298774,0.83344275098776444,2.6355773924778835E-4,1,0,-1.8331791932485166,498.11372080675142,96485,-355.08817981186149,8,17,0.29721362229102166,64.606861248664615,8,2.0969100130080562,4.3,5.2,Non reported,Non reported,Non reported,Non reported,Non reported,Non reported,Non reported,Non reported,9.6,Non reported,63,32,5,Non reported,100,1,0.01,10 mM CaCl2 + 0.1 mM HgCl2,100,-,500,50000,5.3703179637025285,537.03179637025278,2.73,0.73000000000000009,Reported Kd at Cin = 10 mg/L,,,,,,,,,
1241,Lee and Mabury,2017,Environmental Science and Technology,10.1021/acs.est.6b04395,soil,B,PFOPA,PFPA,C8H2F17O3P,499.94689999999997,2.4,4.5,0,0,0,7.8806799317604221E-3,0.99211882283095132,4.9723728824419116E-7,1,0,-1.992118325593663,497.95478167440632,96485,-385.99797354809431,8,17,0.29721362229102166,64.606861248664615,8,2.0969100130080562,4.3,6.6,Non reported,Non reported,Non reported,Non reported,Non reported,Non reported,Non reported,Non reported,33.5,Non reported,25,38,37,Non reported,100,1.1000000000000001,1.1000000000000001E-2,10 mM CaCl2 + 0.1 mM HgCl2,100,-,500,50000,8.5113803820237681,773.76185291125159,2.8886073148417752,0.93000000000000016,Reported Kd at Cin = 10 mg/L,,,,,,,,,
1242,Lee and Mabury,2017,Environmental Science and Technology,10.1021/acs.est.6b04395,soil,C,PFOPA,PFPA,C8H2F17O3P,499.94689999999997,2.4,4.5,0,0,0,3.152308933652738E-3,0.99684761188392701,7.9182420383687557E-8,1,0,-1.9968475327015067,497.95005246729858,96485,-386.91799154967987,8,17,0.29721362229102166,64.606861248664615,8,2.0969100130080562,4.3,7,Non reported,Non reported,Non reported,Non reported,Non reported,Non reported,Non reported,Non reported,23.3,Non reported,28,48,22,Non reported,98,1.1000000000000001,1.1000000000000001E-2,10 mM CaCl2 + 0.1 mM HgCl2,100,-,500,50000,5.3703179637025285,488.21072397295706,2.6886073148417751,0.73000000000000009,Reported Kd at Cin = 10 mg/L,,,,,,,,,
1243,Lee and Mabury,2017,Environmental Science and Technology,10.1021/acs.est.6b04395,soil,D,PFOPA,PFPA,C8H2F17O3P,499.94689999999997,2.4,4.5,0,0,0,0.80688306853771696,0.16099433792397572,3.212259353830741E-2,1,0,-1.1288717443856684,498.81802825561431,96485,-218.35455835055879,8,17,0.29721362229102166,64.606861248664615,8,2.0969100130080562,4.3,3.8,Non reported,Non reported,Non reported,Non reported,Non reported,Non reported,Non reported,Non reported,23.89,Non reported,53,41,6,Non reported,100,3.6,3.6000000000000004E-2,10 mM CaCl2 + 0.1 mM HgCl2,100,-,500,50000,75.857757502918361,2107.1599306366211,3.3236974992327126,1.88,Reported Kd at Cin = 10 mg/L,,,,,,,,,
1244,Lee and Mabury,2017,Environmental Science and Technology,10.1021/acs.est.6b04395,soil,E,PFOPA,PFPA,C8H2F17O3P,499.94689999999997,2.4,4.5,0,0,0,0.55422288514639861,0.44023488600213739,5.5422288514639815E-3,1,0,-1.4346926571506735,498.51220734284925,96485,-277.67889930522955,8,17,0.29721362229102166,64.606861248664615,8,2.0969100130080562,4.3,4.4000000000000004,Non reported,Non reported,Non reported,Non reported,Non reported,Non reported,Non reported,Non reported,11.3,Non reported,58,20,22,Non reported,100,10.199999999999999,0.10199999999999999,10 mM CaCl2 + 0.1 mM HgCl2,100,-,500,50000,15.848931924611136,155.38168553540331,2.1913998282380827,1.2,Reported Kd at Cin = 10 mg/L,,,,,,,,,
1245,Lee and Mabury,2017,Environmental Science and Technology,10.1021/acs.est.6b04395,soil,F,PFOPA,PFPA,C8H2F17O3P,499.94689999999997,2.4,4.5,0,0,0,2.4503247752375171E-2,0.97549186320694126,4.8890406834660091E-6,1,0,-1.9754869741662577,497.97141302583361,96485,-382.7626560815113,8,17,0.29721362229102166,64.606861248664615,8,2.0969100130080562,4.3,6.1,Non reported,Non reported,Non reported,Non reported,Non reported,Non reported,Non reported,Non reported,24.2,Non reported,10,61,27,Non reported,98,2.63,2.63E-2,10 mM CaCl2 + 0.1 mM HgCl2,100,-,500,50000,12.302687708123818,467.78280259025922,2.6700442515102423,1.0900000000000001,Reported Kd at Cin = 10 mg/L,,,,,,,,,
1246,Lee and Mabury,2017,Environmental Science and Technology,10.1021/acs.est.6b04395,soil,G,PFOPA,PFPA,C8H2F17O3P,499.94689999999997,2.4,4.5,0,0,0,0.49802203517970961,0.4980220351797095,3.9559296405809272E-3,1,0,-1.4940661055391287,498.45283389446087,96485,-289.20483221380431,8,17,0.29721362229102166,64.606861248664615,8,2.0969100130080562,4.3,4.5,Non reported,Non reported,Non reported,Non reported,Non reported,Non reported,Non reported,Non reported,21.496500000000001,KNN input,41.737499999999997,35.036999999999999,21.971,KNN input,98.745499999999993,45.7,0.45700000000000002,10 mM CaCl2 + 0.1 mM HgCl2,100,-,500,50000,50.118723362727238,109.66897891187578,2.0400837999301498,1.7000000000000002,Reported Kd at Cin = 10 mg/L,,,,,,,,,
1247,Lee and Mabury,2017,Environmental Science and Technology,10.1021/acs.est.6b04395,soil,A,PFDPA,PFPA,C10H2F21O3P,599.94049999999993,3.4,5.6,0,0,0,0.70723553457380561,0.28155553758406815,1.1208927842126206E-2,1,0,-1.2703466097419418,598.67015339025795,96485,-204.73610041663687,10,21,0.3007518796992481,66.50659523736104,10,0.30535136944662378,5.6,5.2,Non reported,Non reported,Non reported,Non reported,Non reported,Non reported,Non reported,Non reported,9.6,Non reported,63,32,5,Non reported,100,1,0.01,10 mM CaCl2 + 0.1 mM HgCl2,100,-,500,50000,12.882495516931346,1288.2495516931347,3.1100000000000003,1.1100000000000003,Reported Kd at Cin = 10 mg/L,,,,,,,,,
1248,Lee and Mabury,2017,Environmental Science and Technology,10.1021/acs.est.6b04395,soil,B,PFDPA,PFPA,C10H2F21O3P,599.94049999999993,3.4,5.6,0,0,0,9.0903876684669468E-2,0.90903876684669449,5.7356468635914049E-5,0.99999999999999989,0,-1.9089814103780585,598.0315185896219,96485,-307.99057517020196,10,21,0.3007518796992481,66.50659523736104,10,0.30535136944662378,5.6,6.6,Non reported,Non reported,Non reported,Non reported,Non reported,Non reported,Non reported,Non reported,33.5,Non reported,25,38,37,Non reported,100,1.1000000000000001,1.1000000000000001E-2,10 mM CaCl2 + 0.1 mM HgCl2,100,-,500,50000,25.703957827688647,2336.723438880786,3.3686073148417752,1.4100000000000001,Reported Kd at Cin = 10 mg/L,,,,,,,,,
1249,Lee and Mabury,2017,Environmental Science and Technology,10.1021/acs.est.6b04395,soil,C,PFDPA,PFPA,C10H2F21O3P,599.94049999999993,3.4,5.6,0,0,0,3.8286135679320717E-2,0.96170424727820647,9.6170424727820642E-6,1,0,-1.9616946302357336,597.97880536976413,96485,-316.52310198729515,10,21,0.3007518796992481,66.50659523736104,10,0.30535136944662378,5.6,7,Non reported,Non reported,Non reported,Non reported,Non reported,Non reported,Non reported,Non reported,23.3,Non reported,28,48,22,Non reported,98,1.1000000000000001,1.1000000000000001E-2,10 mM CaCl2 + 0.1 mM HgCl2,100,-,500,50000,16.595869074375614,1508.7153703977829,3.1786073148417753,1.2200000000000002,Reported Kd at Cin = 10 mg/L,,,,,,,,,
1250,Lee and Mabury,2017,Environmental Science and Technology,10.1021/acs.est.6b04395,soil,D,PFDPA,PFPA,C10H2F21O3P,599.94049999999993,3.4,5.6,0,0,0,0.70723553457380584,1.1208927842126213E-2,0.28155553758406793,1,0,-0.72965339025805831,599.21084660974191,96485,-117.48887350315229,10,21,0.3007518796992481,66.50659523736104,10,0.30535136944662378,5.6,3.8,Non reported,Non reported,Non reported,Non reported,Non reported,Non reported,Non reported,Non reported,23.89,Non reported,53,41,6,Non reported,100,3.6,3.6000000000000004E-2,10 mM CaCl2 + 0.1 mM HgCl2,100,-,500,50000,8.9125093813374576,247.56970503715158,2.3936974992327129,0.95000000000000007,Reported Kd at Cin = 10 mg/L,,,,,,,,,
1251,Lee and Mabury,2017,Environmental Science and Technology,10.1021/acs.est.6b04395,soil,E,PFDPA,PFPA,C10H2F21O3P,599.94049999999993,3.4,5.6,0,0,0,0.85977445397010155,5.4248100632888409E-2,8.5977445397010063E-2,1,0,-0.96827065523587841,598.97222934476406,96485,-155.97316468683857,10,21,0.3007518796992481,66.50659523736104,10,0.30535136944662378,5.6,4.4000000000000004,Non reported,Non reported,Non reported,Non reported,Non reported,Non reported,Non reported,Non reported,11.3,Non reported,58,20,22,Non reported,100,10.199999999999999,0.10199999999999999,10 mM CaCl2 + 0.1 mM HgCl2,100,-,500,50000,37.153522909717275,364.25022460507137,2.5613998282380828,1.5700000000000003,Reported Kd at Cin = 10 mg/L,,,,,,,,,
1252,Lee and Mabury,2017,Environmental Science and Technology,10.1021/acs.est.6b04395,soil,F,PFDPA,PFPA,C10H2F21O3P,599.94049999999993,3.4,5.6,0,0,0,0.2401379589221673,0.75938290285800158,4.7913821983094576E-4,0.99999999999999978,0,-1.7589037646381704,598.18159623536167,96485,-283.70620359965119,10,21,0.3007518796992481,66.50659523736104,10,0.30535136944662378,5.6,6.1,Non reported,Non reported,Non reported,Non reported,Non reported,Non reported,Non reported,Non reported,24.2,Non reported,10,61,27,Non reported,98,2.63,2.63E-2,10 mM CaCl2 + 0.1 mM HgCl2,100,-,500,50000,204.17379446695315,7763.2621470324393,3.8900442515102425,2.3100000000000005,Reported Kd at Cin = 10 mg/L,,,,,,,,,
1253,Lee and Mabury,2017,Environmental Science and Technology,10.1021/acs.est.6b04395,soil,G,PFDPA,PFPA,C10H2F21O3P,599.94049999999993,3.4,5.6,0,0,0,0.8629127998023951,6.8543600098802435E-2,6.8543600098802351E-2,0.99999999999999989,0,-1,598.94049999999982,96485,-161.09279636291089,10,21,0.3007518796992481,66.50659523736104,10,0.30535136944662378,5.6,4.5,Non reported,Non reported,Non reported,Non reported,Non reported,Non reported,Non reported,Non reported,21.496500000000001,KNN input,41.737499999999997,35.036999999999999,21.971,KNN input,98.745499999999993,45.7,0.45700000000000002,10 mM CaCl2 + 0.1 mM HgCl2,100,-,500,50000,35.481338923357555,77.639691298375396,1.8900837999301499,1.55,Reported Kd at Cin = 10 mg/L,,,,,,,,,
,,,,,,,,,,,,,,,,,,,,,,,,,,,,,,,,,,,,,,,,,,,,,,,,,,,,,,,,,,,,,,,,,,,,
,,,,,,,,,,,,,,,,,,,,,,,,,,,,,,,,,,,,,,,,,,,,,,,,,,,,,,,,,,,,,,,,,,,,
,,,,,,,,,,,,,,,,,,,,,,,,,,,,,,,,,,,,,,,,,,,,,,,,,,,,,,,,,,,,,,,,,,,,
,,,,,,,,,,,,,,,,,,,,,,,,,,,,,,,,,,,,,,,,,,,,,,,,,,,,,,,,,,,,,,,,,,,,
,,,,,,,,,,,,,,,,,,,,,,,,,,,,,,,,,,,,,,,,,,,,,,,,,,,,,,,,,,,,,,,,,,,,
,,,,,,,,,,,,,,,,,,,,,,,,,,,,,,,,,,,,,,,,,,,,,,,,,,,,,,,,,,,,,,,,,,,,
,,,,,,,,,,,,,,,,,,,,,,,,,,,,,,,,,,,,,,,,,,,,,,,,,,,,,,,,,,,,,,,,,,,,
,,,,,,,,,,,,,,,,,,,,,,,,,,,,,,,,,,,,,,,,,,,,,,,,,,,,,,,,,,,,,,,,,,,,
,,,,,,,,,,,,,,,,,,,,,,,,,,,,,,,,,,,,,,,,,,,,,,,,,,,,,,,,,,,,,,,,,,,,
,,,,,,,,,,,,,,,,,,,,,,,,,,,,,,,,,,,,,,,,,,,,,,,,,,,,,,,,,,,,,,,,,,,,
,,,,,,,,,,,,,,,,,,,,,,,,,,,,,,,,,,,,,,,,,,,,,,,,,,,,,,,,,,,,,,,,,,,,
,,,,,,,,,,,,,,,,,,,,,,,,,,,,,,,,,,,,,,,,,,,,,,,,,,,,,,,,,,,,,,,,,,,,
,,,,,,,,,,,,,,,,,,,,,,,,,,,,,,,,,,,,,,,,,,,,,,,,,,,,,,,,,,,,,,,,,,,,
,,,,,,,,,,,,,,,,,,,,,,,,,,,,,,,,,,,,,,,,,,,,,,,,,,,,,,,,,,,,,,,,,,,,
,,,,,,,,,,,,,,,,,,,,,,,,,,,,,,,,,,,,,,,,,,,,,,,,,,,,,,,,,,,,,,,,,,,,
,,,,,,,,,,,,,,,,,,,,,,,,,,,,,,,,,,,,,,,,,,,,,,,,,,,,,,,,,,,,,,,,,,,,
,,,,,,,,,,,,,,,,,,,,,,,,,,,,,,,,,,,,,,,,,,,,,,,,,,,,,,,,,,,,,,,,,,,,
,,,,,,,,,,,,,,,,,,,,,,,,,,,,,,,,,,,,,,,,,,,,,,,,,,,,,,,,,,,,,,,,,,,,
,,,,,,,,,,,,,,,,,,,,,,,,,,,,,,,,,,,,,,,,,,,,,,,,,,,,,,,,,,,,,,,,,,,,
,,,,,,,,,,,,,,,,,,,,,,,,,,,,,,,,,,,,,,,,,,,,,,,,,,,,,,,,,,,,,,,,,,,,
,,,,,,,,,,,,,,,,,,,,,,,,,,,,,,,,,,,,,,,,,,,,,,,,,,,,,,,,,,,,,,,,,,,,
,,,,,,,,,,,,,,,,,,,,,,,,,,,,,,,,,,,,,,,,,,,,,,,,,,,,,,,,,,,,,,,,,,,,
,,,,,,,,,,,,,,,,,,,,,,,,,,,,,,,,,,,,,,,,,,,,,,,,,,,,,,,,,,,,,,,,,,,,
,,,,,,,,,,,,,,,,,,,,,,,,,,,,,,,,,,,,,,,,,,,,,,,,,,,,,,,,,,,,,,,,,,,,
,,,,,,,,,,,,,,,,,,,,,,,,,,,,,,,,,,,,,,,,,,,,,,,,,,,,,,,,,,,,,,,,,,,,
,,,,,,,,,,,,,,,,,,,,,,,,,,,,,,,,,,,,,,,,,,,,,,,,,,,,,,,,,,,,,,,,,,,,
,,,,,,,,,,,,,,,,,,,,,,,,,,,,,,,,,,,,,,,,,,,,,,,,,,,,,,,,,,,,,,,,,,,,
,,,,,,,,,,,,,,,,,,,,,,,,,,,,,,,,,,,,,,,,,,,,,,,,,,,,,,,,,,,,,,,,,,,,
,,,,,,,,,,,,,,,,,,,,,,,,,,,,,,,,,,,,,,,,,,,,,,,,,,,,,,,,,,,,,,,,,,,,
,,,,,,,,,,,,,,,,,,,,,,,,,,,,,,,,,,,,,,,,,,,,,,,,,,,,,,,,,,,,,,,,,,,,
,,,,,,,,,,,,,,,,,,,,,,,,,,,,,,,,,,,,,,,,,,,,,,,,,,,,,,,,,,,,,,,,,,,,
,,,,,,,,,,,,,,,,,,,,,,,,,,,,,,,,,,,,,,,,,,,,,,,,,,,,,,,,,,,,,,,,,,,,
,,,,,,,,,,,,,,,,,,,,,,,,,,,,,,,,,,,,,,,,,,,,,,,,,,,,,,,,,,,,,,,,,,,,
,,,,,,,,,,,,,,,,,,,,,,,,,,,,,,,,,,,,,,,,,,,,,,,,,,,,,,,,,,,,,,,,,,,,
,,,,,,,,,,,,,,,,,,,,,,,,,,,,,,,,,,,,,,,,,,,,,,,,,,,,,,,,,,,,,,,,,,,,
,,,,,,,,,,,,,,,,,,,,,,,,,,,,,,,,,,,,,,,,,,,,,,,,,,,,,,,,,,,,,,,,,,,,
,,,,,,,,,,,,,,,,,,,,,,,,,,,,,,,,,,,,,,,,,,,,,,,,,,,,,,,,,,,,,,,,,,,,
,,,,,,,,,,,,,,,,,,,,,,,,,,,,,,,,,,,,,,,,,,,,,,,,,,,,,,,,,,,,,,,,,,,,
,,,,,,,,,,,,,,,,,,,,,,,,,,,,,,,,,,,,,,,,,,,,,,,,,,,,,,,,,,,,,,,,,,,,
,,,,,,,,,,,,,,,,,,,,,,,,,,,,,,,,,,,,,,,,,,,,,,,,,,,,,,,,,,,,,,,,,,,,
,,,,,,,,,,,,,,,,,,,,,,,,,,,,,,,,,,,,,,,,,,,,,,,,,,,,,,,,,,,,,,,,,,,,
,,,,,,,,,,,,,,,,,,,,,,,,,,,,,,,,,,,,,,,,,,,,,,,,,,,,,,,,,,,,,,,,,,,,
,,,,,,,,,,,,,,,,,,,,,,,,,,,,,,,,,,,,,,,,,,,,,,,,,,,,,,,,,,,,,,,,,,,,
,,,,,,,,,,,,,,,,,,,,,,,,,,,,,,,,,,,,,,,,,,,,,,,,,,,,,,,,,,,,,,,,,,,,
,,,,,,,,,,,,,,,,,,,,,,,,,,,,,,,,,,,,,,,,,,,,,,,,,,,,,,,,,,,,,,,,,,,,
,,,,,,,,,,,,,,,,,,,,,,,,,,,,,,,,,,,,,,,,,,,,,,,,,,,,,,,,,,,,,,,,,,,,
,,,,,,,,,,,,,,,,,,,,,,,,,,,,,,,,,,,,,,,,,,,,,,,,,,,,,,,,,,,,,,,,,,,,
,,,,,,,,,,,,,,,,,,,,,,,,,,,,,,,,,,,,,,,,,,,,,,,,,,,,,,,,,,,,,,,,,,,,
,,,,,,,,,,,,,,,,,,,,,,,,,,,,,,,,,,,,,,,,,,,,,,,,,,,,,,,,,,,,,,,,,,,,
,,,,,,,,,,,,,,,,,,,,,,,,,,,,,,,,,,,,,,,,,,,,,,,,,,,,,,,,,,,,,,,,,,,,
,,,,,,,,,,,,,,,,,,,,,,,,,,,,,,,,,,,,,,,,,,,,,,,,,,,,,,,,,,,,,,,,,,,,
,,,,,,,,,,,,,,,,,,,,,,,,,,,,,,,,,,,,,,,,,,,,,,,,,,,,,,,,,,,,,,,,,,,,
,,,,,,,,,,,,,,,,,,,,,,,,,,,,,,,,,,,,,,,,,,,,,,,,,,,,,,,,,,,,,,,,,,,,
,,,,,,,,,,,,,,,,,,,,,,,,,,,,,,,,,,,,,,,,,,,,,,,,,,,,,,,,,,,,,,,,,,,,
,,,,,,,,,,,,,,,,,,,,,,,,,,,,,,,,,,,,,,,,,,,,,,,,,,,,,,,,,,,,,,,,,,,,
,,,,,,,,,,,,,,,,,,,,,,,,,,,,,,,,,,,,,,,,,,,,,,,,,,,,,,,,,,,,,,,,,,,,
,,,,,,,,,,,,,,,,,,,,,,,,,,,,,,,,,,,,,,,,,,,,,,,,,,,,,,,,,,,,,,,,,,,,
,,,,,,,,,,,,,,,,,,,,,,,,,,,,,,,,,,,,,,,,,,,,,,,,,,,,,,,,,,,,,,,,,,,,
,,,,,,,,,,,,,,,,,,,,,,,,,,,,,,,,,,,,,,,,,,,,,,,,,,,,,,,,,,,,,,,,,,,,
,,,,,,,,,,,,,,,,,,,,,,,,,,,,,,,,,,,,,,,,,,,,,,,,,,,,,,,,,,,,,,,,,,,,
,,,,,,,,,,,,,,,,,,,,,,,,,,,,,,,,,,,,,,,,,,,,,,,,,,,,,,,,,,,,,,,,,,,,
,,,,,,,,,,,,,,,,,,,,,,,,,,,,,,,,,,,,,,,,,,,,,,,,,,,,,,,,,,,,,,,,,,,,
,,,,,,,,,,,,,,,,,,,,,,,,,,,,,,,,,,,,,,,,,,,,,,,,,,,,,,,,,,,,,,,,,,,,
,,,,,,,,,,,,,,,,,,,,,,,,,,,,,,,,,,,,,,,,,,,,,,,,,,,,,,,,,,,,,,,,,,,,
,,,,,,,,,,,,,,,,,,,,,,,,,,,,,,,,,,,,,,,,,,,,,,,,,,,,,,,,,,,,,,,,,,,,
,,,,,,,,,,,,,,,,,,,,,,,,,,,,,,,,,,,,,,,,,,,,,,,,,,,,,,,,,,,,,,,,,,,,
,,,,,,,,,,,,,,,,,,,,,,,,,,,,,,,,,,,,,,,,,,,,,,,,,,,,,,,,,,,,,,,,,,,,
,,,,,,,,,,,,,,,,,,,,,,,,,,,,,,,,,,,,,,,,,,,,,,,,,,,,,,,,,,,,,,,,,,,,
,,,,,,,,,,,,,,,,,,,,,,,,,,,,,,,,,,,,,,,,,,,,,,,,,,,,,,,,,,,,,,,,,,,,
,,,,,,,,,,,,,,,,,,,,,,,,,,,,,,,,,,,,,,,,,,,,,,,,,,,,,,,,,,,,,,,,,,,,
,,,,,,,,,,,,,,,,,,,,,,,,,,,,,,,,,,,,,,,,,,,,,,,,,,,,,,,,,,,,,,,,,,,,
,,,,,,,,,,,,,,,,,,,,,,,,,,,,,,,,,,,,,,,,,,,,,,,,,,,,,,,,,,,,,,,,,,,,
,,,,,,,,,,,,,,,,,,,,,,,,,,,,,,,,,,,,,,,,,,,,,,,,,,,,,,,,,,,,,,,,,,,,
,,,,,,,,,,,,,,,,,,,,,,,,,,,,,,,,,,,,,,,,,,,,,,,,,,,,,,,,,,,,,,,,,,,,
,,,,,,,,,,,,,,,,,,,,,,,,,,,,,,,,,,,,,,,,,,,,,,,,,,,,,,,,,,,,,,,,,,,,
,,,,,,,,,,,,,,,,,,,,,,,,,,,,,,,,,,,,,,,,,,,,,,,,,,,,,,,,,,,,,,,,,,,,
,,,,,,,,,,,,,,,,,,,,,,,,,,,,,,,,,,,,,,,,,,,,,,,,,,,,,,,,,,,,,,,,,,,,
,,,,,,,,,,,,,,,,,,,,,,,,,,,,,,,,,,,,,,,,,,,,,,,,,,,,,,,,,,,,,,,,,,,,
,,,,,,,,,,,,,,,,,,,,,,,,,,,,,,,,,,,,,,,,,,,,,,,,,,,,,,,,,,,,,,,,,,,,
,,,,,,,,,,,,,,,,,,,,,,,,,,,,,,,,,,,,,,,,,,,,,,,,,,,,,,,,,,,,,,,,,,,,
,,,,,,,,,,,,,,,,,,,,,,,,,,,,,,,,,,,,,,,,,,,,,,,,,,,,,,,,,,,,,,,,,,,,
,,,,,,,,,,,,,,,,,,,,,,,,,,,,,,,,,,,,,,,,,,,,,,,,,,,,,,,,,,,,,,,,,,,,
,,,,,,,,,,,,,,,,,,,,,,,,,,,,,,,,,,,,,,,,,,,,,,,,,,,,,,,,,,,,,,,,,,,,
,,,,,,,,,,,,,,,,,,,,,,,,,,,,,,,,,,,,,,,,,,,,,,,,,,,,,,,,,,,,,,,,,,,,
,,,,,,,,,,,,,,,,,,,,,,,,,,,,,,,,,,,,,,,,,,,,,,,,,,,,,,,,,,,,,,,,,,,,
,,,,,,,,,,,,,,,,,,,,,,,,,,,,,,,,,,,,,,,,,,,,,,,,,,,,,,,,,,,,,,,,,,,,
,,,,,,,,,,,,,,,,,,,,,,,,,,,,,,,,,,,,,,,,,,,,,,,,,,,,,,,,,,,,,,,,,,,,
,,,,,,,,,,,,,,,,,,,,,,,,,,,,,,,,,,,,,,,,,,,,,,,,,,,,,,,,,,,,,,,,,,,,
,,,,,,,,,,,,,,,,,,,,,,,,,,,,,,,,,,,,,,,,,,,,,,,,,,,,,,,,,,,,,,,,,,,,
,,,,,,,,,,,,,,,,,,,,,,,,,,,,,,,,,,,,,,,,,,,,,,,,,,,,,,,,,,,,,,,,,,,,
,,,,,,,,,,,,,,,,,,,,,,,,,,,,,,,,,,,,,,,,,,,,,,,,,,,,,,,,,,,,,,,,,,,,
,,,,,,,,,,,,,,,,,,,,,,,,,,,,,,,,,,,,,,,,,,,,,,,,,,,,,,,,,,,,,,,,,,,,
,,,,,,,,,,,,,,,,,,,,,,,,,,,,,,,,,,,,,,,,,,,,,,,,,,,,,,,,,,,,,,,,,,,,
,,,,,,,,,,,,,,,,,,,,,,,,,,,,,,,,,,,,,,,,,,,,,,,,,,,,,,,,,,,,,,,,,,,,
,,,,,,,,,,,,,,,,,,,,,,,,,,,,,,,,,,,,,,,,,,,,,,,,,,,,,,,,,,,,,,,,,,,,
,,,,,,,,,,,,,,,,,,,,,,,,,,,,,,,,,,,,,,,,,,,,,,,,,,,,,,,,,,,,,,,,,,,,
,,,,,,,,,,,,,,,,,,,,,,,,,,,,,,,,,,,,,,,,,,,,,,,,,,,,,,,,,,,,,,,,,,,,
,,,,,,,,,,,,,,,,,,,,,,,,,,,,,,,,,,,,,,,,,,,,,,,,,,,,,,,,,,,,,,,,,,,,
,,,,,,,,,,,,,,,,,,,,,,,,,,,,,,,,,,,,,,,,,,,,,,,,,,,,,,,,,,,,,,,,,,,,
,,,,,,,,,,,,,,,,,,,,,,,,,,,,,,,,,,,,,,,,,,,,,,,,,,,,,,,,,,,,,,,,,,,,
,,,,,,,,,,,,,,,,,,,,,,,,,,,,,,,,,,,,,,,,,,,,,,,,,,,,,,,,,,,,,,,,,,,,
,,,,,,,,,,,,,,,,,,,,,,,,,,,,,,,,,,,,,,,,,,,,,,,,,,,,,,,,,,,,,,,,,,,,
,,,,,,,,,,,,,,,,,,,,,,,,,,,,,,,,,,,,,,,,,,,,,,,,,,,,,,,,,,,,,,,,,,,,
,,,,,,,,,,,,,,,,,,,,,,,,,,,,,,,,,,,,,,,,,,,,,,,,,,,,,,,,,,,,,,,,,,,,
,,,,,,,,,,,,,,,,,,,,,,,,,,,,,,,,,,,,,,,,,,,,,,,,,,,,,,,,,,,,,,,,,,,,
,,,,,,,,,,,,,,,,,,,,,,,,,,,,,,,,,,,,,,,,,,,,,,,,,,,,,,,,,,,,,,,,,,,,
,,,,,,,,,,,,,,,,,,,,,,,,,,,,,,,,,,,,,,,,,,,,,,,,,,,,,,,,,,,,,,,,,,,,
,,,,,,,,,,,,,,,,,,,,,,,,,,,,,,,,,,,,,,,,,,,,,,,,,,,,,,,,,,,,,,,,,,,,
,,,,,,,,,,,,,,,,,,,,,,,,,,,,,,,,,,,,,,,,,,,,,,,,,,,,,,,,,,,,,,,,,,,,
,,,,,,,,,,,,,,,,,,,,,,,,,,,,,,,,,,,,,,,,,,,,,,,,,,,,,,,,,,,,,,,,,,,,
,,,,,,,,,,,,,,,,,,,,,,,,,,,,,,,,,,,,,,,,,,,,,,,,,,,,,,,,,,,,,,,,,,,,
,,,,,,,,,,,,,,,,,,,,,,,,,,,,,,,,,,,,,,,,,,,,,,,,,,,,,,,,,,,,,,,,,,,,
,,,,,,,,,,,,,,,,,,,,,,,,,,,,,,,,,,,,,,,,,,,,,,,,,,,,,,,,,,,,,,,,,,,,
,,,,,,,,,,,,,,,,,,,,,,,,,,,,,,,,,,,,,,,,,,,,,,,,,,,,,,,,,,,,,,,,,,,,
,,,,,,,,,,,,,,,,,,,,,,,,,,,,,,,,,,,,,,,,,,,,,,,,,,,,,,,,,,,,,,,,,,,,
,,,,,,,,,,,,,,,,,,,,,,,,,,,,,,,,,,,,,,,,,,,,,,,,,,,,,,,,,,,,,,,,,,,,
,,,,,,,,,,,,,,,,,,,,,,,,,,,,,,,,,,,,,,,,,,,,,,,,,,,,,,,,,,,,,,,,,,,,
,,,,,,,,,,,,,,,,,,,,,,,,,,,,,,,,,,,,,,,,,,,,,,,,,,,,,,,,,,,,,,,,,,,,
,,,,,,,,,,,,,,,,,,,,,,,,,,,,,,,,,,,,,,,,,,,,,,,,,,,,,,,,,,,,,,,,,,,,
,,,,,,,,,,,,,,,,,,,,,,,,,,,,,,,,,,,,,,,,,,,,,,,,,,,,,,,,,,,,,,,,,,,,
,,,,,,,,,,,,,,,,,,,,,,,,,,,,,,,,,,,,,,,,,,,,,,,,,,,,,,,,,,,,,,,,,,,,
,,,,,,,,,,,,,,,,,,,,,,,,,,,,,,,,,,,,,,,,,,,,,,,,,,,,,,,,,,,,,,,,,,,,
,,,,,,,,,,,,,,,,,,,,,,,,,,,,,,,,,,,,,,,,,,,,,,,,,,,,,,,,,,,,,,,,,,,,
,,,,,,,,,,,,,,,,,,,,,,,,,,,,,,,,,,,,,,,,,,,,,,,,,,,,,,,,,,,,,,,,,,,,
,,,,,,,,,,,,,,,,,,,,,,,,,,,,,,,,,,,,,,,,,,,,,,,,,,,,,,,,,,,,,,,,,,,,
,,,,,,,,,,,,,,,,,,,,,,,,,,,,,,,,,,,,,,,,,,,,,,,,,,,,,,,,,,,,,,,,,,,,
,,,,,,,,,,,,,,,,,,,,,,,,,,,,,,,,,,,,,,,,,,,,,,,,,,,,,,,,,,,,,,,,,,,,
,,,,,,,,,,,,,,,,,,,,,,,,,,,,,,,,,,,,,,,,,,,,,,,,,,,,,,,,,,,,,,,,,,,,
,,,,,,,,,,,,,,,,,,,,,,,,,,,,,,,,,,,,,,,,,,,,,,,,,,,,,,,,,,,,,,,,,,,,
,,,,,,,,,,,,,,,,,,,,,,,,,,,,,,,,,,,,,,,,,,,,,,,,,,,,,,,,,,,,,,,,,,,,
,,,,,,,,,,,,,,,,,,,,,,,,,,,,,,,,,,,,,,,,,,,,,,,,,,,,,,,,,,,,,,,,,,,,
,,,,,,,,,,,,,,,,,,,,,,,,,,,,,,,,,,,,,,,,,,,,,,,,,,,,,,,,,,,,,,,,,,,,
,,,,,,,,,,,,,,,,,,,,,,,,,,,,,,,,,,,,,,,,,,,,,,,,,,,,,,,,,,,,,,,,,,,,
,,,,,,,,,,,,,,,,,,,,,,,,,,,,,,,,,,,,,,,,,,,,,,,,,,,,,,,,,,,,,,,,,,,,
,,,,,,,,,,,,,,,,,,,,,,,,,,,,,,,,,,,,,,,,,,,,,,,,,,,,,,,,,,,,,,,,,,,,
,,,,,,,,,,,,,,,,,,,,,,,,,,,,,,,,,,,,,,,,,,,,,,,,,,,,,,,,,,,,,,,,,,,,
,,,,,,,,,,,,,,,,,,,,,,,,,,,,,,,,,,,,,,,,,,,,,,,,,,,,,,,,,,,,,,,,,,,,
,,,,,,,,,,,,,,,,,,,,,,,,,,,,,,,,,,,,,,,,,,,,,,,,,,,,,,,,,,,,,,,,,,,,
,,,,,,,,,,,,,,,,,,,,,,,,,,,,,,,,,,,,,,,,,,,,,,,,,,,,,,,,,,,,,,,,,,,,
,,,,,,,,,,,,,,,,,,,,,,,,,,,,,,,,,,,,,,,,,,,,,,,,,,,,,,,,,,,,,,,,,,,,
,,,,,,,,,,,,,,,,,,,,,,,,,,,,,,,,,,,,,,,,,,,,,,,,,,,,,,,,,,,,,,,,,,,,
,,,,,,,,,,,,,,,,,,,,,,,,,,,,,,,,,,,,,,,,,,,,,,,,,,,,,,,,,,,,,,,,,,,,
,,,,,,,,,,,,,,,,,,,,,,,,,,,,,,,,,,,,,,,,,,,,,,,,,,,,,,,,,,,,,,,,,,,,
,,,,,,,,,,,,,,,,,,,,,,,,,,,,,,,,,,,,,,,,,,,,,,,,,,,,,,,,,,,,,,,,,,,,
,,,,,,,,,,,,,,,,,,,,,,,,,,,,,,,,,,,,,,,,,,,,,,,,,,,,,,,,,,,,,,,,,,,,
,,,,,,,,,,,,,,,,,,,,,,,,,,,,,,,,,,,,,,,,,,,,,,,,,,,,,,,,,,,,,,,,,,,,
,,,,,,,,,,,,,,,,,,,,,,,,,,,,,,,,,,,,,,,,,,,,,,,,,,,,,,,,,,,,,,,,,,,,
,,,,,,,,,,,,,,,,,,,,,,,,,,,,,,,,,,,,,,,,,,,,,,,,,,,,,,,,,,,,,,,,,,,,
,,,,,,,,,,,,,,,,,,,,,,,,,,,,,,,,,,,,,,,,,,,,,,,,,,,,,,,,,,,,,,,,,,,,
,,,,,,,,,,,,,,,,,,,,,,,,,,,,,,,,,,,,,,,,,,,,,,,,,,,,,,,,,,,,,,,,,,,,
,,,,,,,,,,,,,,,,,,,,,,,,,,,,,,,,,,,,,,,,,,,,,,,,,,,,,,,,,,,,,,,,,,,,
,,,,,,,,,,,,,,,,,,,,,,,,,,,,,,,,,,,,,,,,,,,,,,,,,,,,,,,,,,,,,,,,,,,,
,,,,,,,,,,,,,,,,,,,,,,,,,,,,,,,,,,,,,,,,,,,,,,,,,,,,,,,,,,,,,,,,,,,,
,,,,,,,,,,,,,,,,,,,,,,,,,,,,,,,,,,,,,,,,,,,,,,,,,,,,,,,,,,,,,,,,,,,,
,,,,,,,,,,,,,,,,,,,,,,,,,,,,,,,,,,,,,,,,,,,,,,,,,,,,,,,,,,,,,,,,,,,,
,,,,,,,,,,,,,,,,,,,,,,,,,,,,,,,,,,,,,,,,,,,,,,,,,,,,,,,,,,,,,,,,,,,,
,,,,,,,,,,,,,,,,,,,,,,,,,,,,,,,,,,,,,,,,,,,,,,,,,,,,,,,,,,,,,,,,,,,,
,,,,,,,,,,,,,,,,,,,,,,,,,,,,,,,,,,,,,,,,,,,,,,,,,,,,,,,,,,,,,,,,,,,,
,,,,,,,,,,,,,,,,,,,,,,,,,,,,,,,,,,,,,,,,,,,,,,,,,,,,,,,,,,,,,,,,,,,,
,,,,,,,,,,,,,,,,,,,,,,,,,,,,,,,,,,,,,,,,,,,,,,,,,,,,,,,,,,,,,,,,,,,,
,,,,,,,,,,,,,,,,,,,,,,,,,,,,,,,,,,,,,,,,,,,,,,,,,,,,,,,,,,,,,,,,,,,,
,,,,,,,,,,,,,,,,,,,,,,,,,,,,,,,,,,,,,,,,,,,,,,,,,,,,,,,,,,,,,,,,,,,,
,,,,,,,,,,,,,,,,,,,,,,,,,,,,,,,,,,,,,,,,,,,,,,,,,,,,,,,,,,,,,,,,,,,,
,,,,,,,,,,,,,,,,,,,,,,,,,,,,,,,,,,,,,,,,,,,,,,,,,,,,,,,,,,,,,,,,,,,,
,,,,,,,,,,,,,,,,,,,,,,,,,,,,,,,,,,,,,,,,,,,,,,,,,,,,,,,,,,,,,,,,,,,,
,,,,,,,,,,,,,,,,,,,,,,,,,,,,,,,,,,,,,,,,,,,,,,,,,,,,,,,,,,,,,,,,,,,,
,,,,,,,,,,,,,,,,,,,,,,,,,,,,,,,,,,,,,,,,,,,,,,,,,,,,,,,,,,,,,,,,,,,,
,,,,,,,,,,,,,,,,,,,,,,,,,,,,,,,,,,,,,,,,,,,,,,,,,,,,,,,,,,,,,,,,,,,,
,,,,,,,,,,,,,,,,,,,,,,,,,,,,,,,,,,,,,,,,,,,,,,,,,,,,,,,,,,,,,,,,,,,,
,,,,,,,,,,,,,,,,,,,,,,,,,,,,,,,,,,,,,,,,,,,,,,,,,,,,,,,,,,,,,,,,,,,,
,,,,,,,,,,,,,,,,,,,,,,,,,,,,,,,,,,,,,,,,,,,,,,,,,,,,,,,,,,,,,,,,,,,,
,,,,,,,,,,,,,,,,,,,,,,,,,,,,,,,,,,,,,,,,,,,,,,,,,,,,,,,,,,,,,,,,,,,,
,,,,,,,,,,,,,,,,,,,,,,,,,,,,,,,,,,,,,,,,,,,,,,,,,,,,,,,,,,,,,,,,,,,,
,,,,,,,,,,,,,,,,,,,,,,,,,,,,,,,,,,,,,,,,,,,,,,,,,,,,,,,,,,,,,,,,,,,,
,,,,,,,,,,,,,,,,,,,,,,,,,,,,,,,,,,,,,,,,,,,,,,,,,,,,,,,,,,,,,,,,,,,,
,,,,,,,,,,,,,,,,,,,,,,,,,,,,,,,,,,,,,,,,,,,,,,,,,,,,,,,,,,,,,,,,,,,,
,,,,,,,,,,,,,,,,,,,,,,,,,,,,,,,,,,,,,,,,,,,,,,,,,,,,,,,,,,,,,,,,,,,,
,,,,,,,,,,,,,,,,,,,,,,,,,,,,,,,,,,,,,,,,,,,,,,,,,,,,,,,,,,,,,,,,,,,,
,,,,,,,,,,,,,,,,,,,,,,,,,,,,,,,,,,,,,,,,,,,,,,,,,,,,,,,,,,,,,,,,,,,,
,,,,,,,,,,,,,,,,,,,,,,,,,,,,,,,,,,,,,,,,,,,,,,,,,,,,,,,,,,,,,,,,,,,,
,,,,,,,,,,,,,,,,,,,,,,,,,,,,,,,,,,,,,,,,,,,,,,,,,,,,,,,,,,,,,,,,,,,,
,,,,,,,,,,,,,,,,,,,,,,,,,,,,,,,,,,,,,,,,,,,,,,,,,,,,,,,,,,,,,,,,,,,,
,,,,,,,,,,,,,,,,,,,,,,,,,,,,,,,,,,,,,,,,,,,,,,,,,,,,,,,,,,,,,,,,,,,,
,,,,,,,,,,,,,,,,,,,,,,,,,,,,,,,,,,,,,,,,,,,,,,,,,,,,,,,,,,,,,,,,,,,,
,,,,,,,,,,,,,,,,,,,,,,,,,,,,,,,,,,,,,,,,,,,,,,,,,,,,,,,,,,,,,,,,,,,,
,,,,,,,,,,,,,,,,,,,,,,,,,,,,,,,,,,,,,,,,,,,,,,,,,,,,,,,,,,,,,,,,,,,,
,,,,,,,,,,,,,,,,,,,,,,,,,,,,,,,,,,,,,,,,,,,,,,,,,,,,,,,,,,,,,,,,,,,,
,,,,,,,,,,,,,,,,,,,,,,,,,,,,,,,,,,,,,,,,,,,,,,,,,,,,,,,,,,,,,,,,,,,,
,,,,,,,,,,,,,,,,,,,,,,,,,,,,,,,,,,,,,,,,,,,,,,,,,,,,,,,,,,,,,,,,,,,,
,,,,,,,,,,,,,,,,,,,,,,,,,,,,,,,,,,,,,,,,,,,,,,,,,,,,,,,,,,,,,,,,,,,,
,,,,,,,,,,,,,,,,,,,,,,,,,,,,,,,,,,,,,,,,,,,,,,,,,,,,,,,,,,,,,,,,,,,,
,,,,,,,,,,,,,,,,,,,,,,,,,,,,,,,,,,,,,,,,,,,,,,,,,,,,,,,,,,,,,,,,,,,,
,,,,,,,,,,,,,,,,,,,,,,,,,,,,,,,,,,,,,,,,,,,,,,,,,,,,,,,,,,,,,,,,,,,,
,,,,,,,,,,,,,,,,,,,,,,,,,,,,,,,,,,,,,,,,,,,,,,,,,,,,,,,,,,,,,,,,,,,,
,,,,,,,,,,,,,,,,,,,,,,,,,,,,,,,,,,,,,,,,,,,,,,,,,,,,,,,,,,,,,,,,,,,,
,,,,,,,,,,,,,,,,,,,,,,,,,,,,,,,,,,,,,,,,,,,,,,,,,,,,,,,,,,,,,,,,,,,,
,,,,,,,,,,,,,,,,,,,,,,,,,,,,,,,,,,,,,,,,,,,,,,,,,,,,,,,,,,,,,,,,,,,,
,,,,,,,,,,,,,,,,,,,,,,,,,,,,,,,,,,,,,,,,,,,,,,,,,,,,,,,,,,,,,,,,,,,,
,,,,,,,,,,,,,,,,,,,,,,,,,,,,,,,,,,,,,,,,,,,,,,,,,,,,,,,,,,,,,,,,,,,,
,,,,,,,,,,,,,,,,,,,,,,,,,,,,,,,,,,,,,,,,,,,,,,,,,,,,,,,,,,,,,,,,,,,,
,,,,,,,,,,,,,,,,,,,,,,,,,,,,,,,,,,,,,,,,,,,,,,,,,,,,,,,,,,,,,,,,,,,,
,,,,,,,,,,,,,,,,,,,,,,,,,,,,,,,,,,,,,,,,,,,,,,,,,,,,,,,,,,,,,,,,,,,,
,,,,,,,,,,,,,,,,,,,,,,,,,,,,,,,,,,,,,,,,,,,,,,,,,,,,,,,,,,,,,,,,,,,,
,,,,,,,,,,,,,,,,,,,,,,,,,,,,,,,,,,,,,,,,,,,,,,,,,,,,,,,,,,,,,,,,,,,,
,,,,,,,,,,,,,,,,,,,,,,,,,,,,,,,,,,,,,,,,,,,,,,,,,,,,,,,,,,,,,,,,,,,,
,,,,,,,,,,,,,,,,,,,,,,,,,,,,,,,,,,,,,,,,,,,,,,,,,,,,,,,,,,,,,,,,,,,,
,,,,,,,,,,,,,,,,,,,,,,,,,,,,,,,,,,,,,,,,,,,,,,,,,,,,,,,,,,,,,,,,,,,,
,,,,,,,,,,,,,,,,,,,,,,,,,,,,,,,,,,,,,,,,,,,,,,,,,,,,,,,,,,,,,,,,,,,,
,,,,,,,,,,,,,,,,,,,,,,,,,,,,,,,,,,,,,,,,,,,,,,,,,,,,,,,,,,,,,,,,,,,,
,,,,,,,,,,,,,,,,,,,,,,,,,,,,,,,,,,,,,,,,,,,,,,,,,,,,,,,,,,,,,,,,,,,,
,,,,,,,,,,,,,,,,,,,,,,,,,,,,,,,,,,,,,,,,,,,,,,,,,,,,,,,,,,,,,,,,,,,,
,,,,,,,,,,,,,,,,,,,,,,,,,,,,,,,,,,,,,,,,,,,,,,,,,,,,,,,,,,,,,,,,,,,,
,,,,,,,,,,,,,,,,,,,,,,,,,,,,,,,,,,,,,,,,,,,,,,,,,,,,,,,,,,,,,,,,,,,,
,,,,,,,,,,,,,,,,,,,,,,,,,,,,,,,,,,,,,,,,,,,,,,,,,,,,,,,,,,,,,,,,,,,,
,,,,,,,,,,,,,,,,,,,,,,,,,,,,,,,,,,,,,,,,,,,,,,,,,,,,,,,,,,,,,,,,,,,,
,,,,,,,,,,,,,,,,,,,,,,,,,,,,,,,,,,,,,,,,,,,,,,,,,,,,,,,,,,,,,,,,,,,,
,,,,,,,,,,,,,,,,,,,,,,,,,,,,,,,,,,,,,,,,,,,,,,,,,,,,,,,,,,,,,,,,,,,,
,,,,,,,,,,,,,,,,,,,,,,,,,,,,,,,,,,,,,,,,,,,,,,,,,,,,,,,,,,,,,,,,,,,,
,,,,,,,,,,,,,,,,,,,,,,,,,,,,,,,,,,,,,,,,,,,,,,,,,,,,,,,,,,,,,,,,,,,,
,,,,,,,,,,,,,,,,,,,,,,,,,,,,,,,,,,,,,,,,,,,,,,,,,,,,,,,,,,,,,,,,,,,,
,,,,,,,,,,,,,,,,,,,,,,,,,,,,,,,,,,,,,,,,,,,,,,,,,,,,,,,,,,,,,,,,,,,,
,,,,,,,,,,,,,,,,,,,,,,,,,,,,,,,,,,,,,,,,,,,,,,,,,,,,,,,,,,,,,,,,,,,,
,,,,,,,,,,,,,,,,,,,,,,,,,,,,,,,,,,,,,,,,,,,,,,,,,,,,,,,,,,,,,,,,,,,,
,,,,,,,,,,,,,,,,,,,,,,,,,,,,,,,,,,,,,,,,,,,,,,,,,,,,,,,,,,,,,,,,,,,,
,,,,,,,,,,,,,,,,,,,,,,,,,,,,,,,,,,,,,,,,,,,,,,,,,,,,,,,,,,,,,,,,,,,,
,,,,,,,,,,,,,,,,,,,,,,,,,,,,,,,,,,,,,,,,,,,,,,,,,,,,,,,,,,,,,,,,,,,,
,,,,,,,,,,,,,,,,,,,,,,,,,,,,,,,,,,,,,,,,,,,,,,,,,,,,,,,,,,,,,,,,,,,,
,,,,,,,,,,,,,,,,,,,,,,,,,,,,,,,,,,,,,,,,,,,,,,,,,,,,,,,,,,,,,,,,,,,,
,,,,,,,,,,,,,,,,,,,,,,,,,,,,,,,,,,,,,,,,,,,,,,,,,,,,,,,,,,,,,,,,,,,,
,,,,,,,,,,,,,,,,,,,,,,,,,,,,,,,,,,,,,,,,,,,,,,,,,,,,,,,,,,,,,,,,,,,,
,,,,,,,,,,,,,,,,,,,,,,,,,,,,,,,,,,,,,,,,,,,,,,,,,,,,,,,,,,,,,,,,,,,,
,,,,,,,,,,,,,,,,,,,,,,,,,,,,,,,,,,,,,,,,,,,,,,,,,,,,,,,,,,,,,,,,,,,,
,,,,,,,,,,,,,,,,,,,,,,,,,,,,,,,,,,,,,,,,,,,,,,,,,,,,,,,,,,,,,,,,,,,,
,,,,,,,,,,,,,,,,,,,,,,,,,,,,,,,,,,,,,,,,,,,,,,,,,,,,,,,,,,,,,,,,,,,,
,,,,,,,,,,,,,,,,,,,,,,,,,,,,,,,,,,,,,,,,,,,,,,,,,,,,,,,,,,,,,,,,,,,,
,,,,,,,,,,,,,,,,,,,,,,,,,,,,,,,,,,,,,,,,,,,,,,,,,,,,,,,,,,,,,,,,,,,,
,,,,,,,,,,,,,,,,,,,,,,,,,,,,,,,,,,,,,,,,,,,,,,,,,,,,,,,,,,,,,,,,,,,,
,,,,,,,,,,,,,,,,,,,,,,,,,,,,,,,,,,,,,,,,,,,,,,,,,,,,,,,,,,,,,,,,,,,,
,,,,,,,,,,,,,,,,,,,,,,,,,,,,,,,,,,,,,,,,,,,,,,,,,,,,,,,,,,,,,,,,,,,,
,,,,,,,,,,,,,,,,,,,,,,,,,,,,,,,,,,,,,,,,,,,,,,,,,,,,,,,,,,,,,,,,,,,,
,,,,,,,,,,,,,,,,,,,,,,,,,,,,,,,,,,,,,,,,,,,,,,,,,,,,,,,,,,,,,,,,,,,,
,,,,,,,,,,,,,,,,,,,,,,,,,,,,,,,,,,,,,,,,,,,,,,,,,,,,,,,,,,,,,,,,,,,,
,,,,,,,,,,,,,,,,,,,,,,,,,,,,,,,,,,,,,,,,,,,,,,,,,,,,,,,,,,,,,,,,,,,,
,,,,,,,,,,,,,,,,,,,,,,,,,,,,,,,,,,,,,,,,,,,,,,,,,,,,,,,,,,,,,,,,,,,,
,,,,,,,,,,,,,,,,,,,,,,,,,,,,,,,,,,,,,,,,,,,,,,,,,,,,,,,,,,,,,,,,,,,,
,,,,,,,,,,,,,,,,,,,,,,,,,,,,,,,,,,,,,,,,,,,,,,,,,,,,,,,,,,,,,,,,,,,,
,,,,,,,,,,,,,,,,,,,,,,,,,,,,,,,,,,,,,,,,,,,,,,,,,,,,,,,,,,,,,,,,,,,,
,,,,,,,,,,,,,,,,,,,,,,,,,,,,,,,,,,,,,,,,,,,,,,,,,,,,,,,,,,,,,,,,,,,,
,,,,,,,,,,,,,,,,,,,,,,,,,,,,,,,,,,,,,,,,,,,,,,,,,,,,,,,,,,,,,,,,,,,,
,,,,,,,,,,,,,,,,,,,,,,,,,,,,,,,,,,,,,,,,,,,,,,,,,,,,,,,,,,,,,,,,,,,,
,,,,,,,,,,,,,,,,,,,,,,,,,,,,,,,,,,,,,,,,,,,,,,,,,,,,,,,,,,,,,,,,,,,,
,,,,,,,,,,,,,,,,,,,,,,,,,,,,,,,,,,,,,,,,,,,,,,,,,,,,,,,,,,,,,,,,,,,,
,,,,,,,,,,,,,,,,,,,,,,,,,,,,,,,,,,,,,,,,,,,,,,,,,,,,,,,,,,,,,,,,,,,,
,,,,,,,,,,,,,,,,,,,,,,,,,,,,,,,,,,,,,,,,,,,,,,,,,,,,,,,,,,,,,,,,,,,,
,,,,,,,,,,,,,,,,,,,,,,,,,,,,,,,,,,,,,,,,,,,,,,,,,,,,,,,,,,,,,,,,,,,,
,,,,,,,,,,,,,,,,,,,,,,,,,,,,,,,,,,,,,,,,,,,,,,,,,,,,,,,,,,,,,,,,,,,,
,,,,,,,,,,,,,,,,,,,,,,,,,,,,,,,,,,,,,,,,,,,,,,,,,,,,,,,,,,,,,,,,,,,,
,,,,,,,,,,,,,,,,,,,,,,,,,,,,,,,,,,,,,,,,,,,,,,,,,,,,,,,,,,,,,,,,,,,,
,,,,,,,,,,,,,,,,,,,,,,,,,,,,,,,,,,,,,,,,,,,,,,,,,,,,,,,,,,,,,,,,,,,,
,,,,,,,,,,,,,,,,,,,,,,,,,,,,,,,,,,,,,,,,,,,,,,,,,,,,,,,,,,,,,,,,,,,,
,,,,,,,,,,,,,,,,,,,,,,,,,,,,,,,,,,,,,,,,,,,,,,,,,,,,,,,,,,,,,,,,,,,,
,,,,,,,,,,,,,,,,,,,,,,,,,,,,,,,,,,,,,,,,,,,,,,,,,,,,,,,,,,,,,,,,,,,,
,,,,,,,,,,,,,,,,,,,,,,,,,,,,,,,,,,,,,,,,,,,,,,,,,,,,,,,,,,,,,,,,,,,,
,,,,,,,,,,,,,,,,,,,,,,,,,,,,,,,,,,,,,,,,,,,,,,,,,,,,,,,,,,,,,,,,,,,,
,,,,,,,,,,,,,,,,,,,,,,,,,,,,,,,,,,,,,,,,,,,,,,,,,,,,,,,,,,,,,,,,,,,,
,,,,,,,,,,,,,,,,,,,,,,,,,,,,,,,,,,,,,,,,,,,,,,,,,,,,,,,,,,,,,,,,,,,,
,,,,,,,,,,,,,,,,,,,,,,,,,,,,,,,,,,,,,,,,,,,,,,,,,,,,,,,,,,,,,,,,,,,,
,,,,,,,,,,,,,,,,,,,,,,,,,,,,,,,,,,,,,,,,,,,,,,,,,,,,,,,,,,,,,,,,,,,,
,,,,,,,,,,,,,,,,,,,,,,,,,,,,,,,,,,,,,,,,,,,,,,,,,,,,,,,,,,,,,,,,,,,,
,,,,,,,,,,,,,,,,,,,,,,,,,,,,,,,,,,,,,,,,,,,,,,,,,,,,,,,,,,,,,,,,,,,,
,,,,,,,,,,,,,,,,,,,,,,,,,,,,,,,,,,,,,,,,,,,,,,,,,,,,,,,,,,,,,,,,,,,,
,,,,,,,,,,,,,,,,,,,,,,,,,,,,,,,,,,,,,,,,,,,,,,,,,,,,,,,,,,,,,,,,,,,,
,,,,,,,,,,,,,,,,,,,,,,,,,,,,,,,,,,,,,,,,,,,,,,,,,,,,,,,,,,,,,,,,,,,,
,,,,,,,,,,,,,,,,,,,,,,,,,,,,,,,,,,,,,,,,,,,,,,,,,,,,,,,,,,,,,,,,,,,,
,,,,,,,,,,,,,,,,,,,,,,,,,,,,,,,,,,,,,,,,,,,,,,,,,,,,,,,,,,,,,,,,,,,,
,,,,,,,,,,,,,,,,,,,,,,,,,,,,,,,,,,,,,,,,,,,,,,,,,,,,,,,,,,,,,,,,,,,,
,,,,,,,,,,,,,,,,,,,,,,,,,,,,,,,,,,,,,,,,,,,,,,,,,,,,,,,,,,,,,,,,,,,,
,,,,,,,,,,,,,,,,,,,,,,,,,,,,,,,,,,,,,,,,,,,,,,,,,,,,,,,,,,,,,,,,,,,,
,,,,,,,,,,,,,,,,,,,,,,,,,,,,,,,,,,,,,,,,,,,,,,,,,,,,,,,,,,,,,,,,,,,,
,,,,,,,,,,,,,,,,,,,,,,,,,,,,,,,,,,,,,,,,,,,,,,,,,,,,,,,,,,,,,,,,,,,,
,,,,,,,,,,,,,,,,,,,,,,,,,,,,,,,,,,,,,,,,,,,,,,,,,,,,,,,,,,,,,,,,,,,,
,,,,,,,,,,,,,,,,,,,,,,,,,,,,,,,,,,,,,,,,,,,,,,,,,,,,,,,,,,,,,,,,,,,,
,,,,,,,,,,,,,,,,,,,,,,,,,,,,,,,,,,,,,,,,,,,,,,,,,,,,,,,,,,,,,,,,,,,,
,,,,,,,,,,,,,,,,,,,,,,,,,,,,,,,,,,,,,,,,,,,,,,,,,,,,,,,,,,,,,,,,,,,,
,,,,,,,,,,,,,,,,,,,,,,,,,,,,,,,,,,,,,,,,,,,,,,,,,,,,,,,,,,,,,,,,,,,,
,,,,,,,,,,,,,,,,,,,,,,,,,,,,,,,,,,,,,,,,,,,,,,,,,,,,,,,,,,,,,,,,,,,,
,,,,,,,,,,,,,,,,,,,,,,,,,,,,,,,,,,,,,,,,,,,,,,,,,,,,,,,,,,,,,,,,,,,,
,,,,,,,,,,,,,,,,,,,,,,,,,,,,,,,,,,,,,,,,,,,,,,,,,,,,,,,,,,,,,,,,,,,,
,,,,,,,,,,,,,,,,,,,,,,,,,,,,,,,,,,,,,,,,,,,,,,,,,,,,,,,,,,,,,,,,,,,,
,,,,,,,,,,,,,,,,,,,,,,,,,,,,,,,,,,,,,,,,,,,,,,,,,,,,,,,,,,,,,,,,,,,,
,,,,,,,,,,,,,,,,,,,,,,,,,,,,,,,,,,,,,,,,,,,,,,,,,,,,,,,,,,,,,,,,,,,,
,,,,,,,,,,,,,,,,,,,,,,,,,,,,,,,,,,,,,,,,,,,,,,,,,,,,,,,,,,,,,,,,,,,,
,,,,,,,,,,,,,,,,,,,,,,,,,,,,,,,,,,,,,,,,,,,,,,,,,,,,,,,,,,,,,,,,,,,,
,,,,,,,,,,,,,,,,,,,,,,,,,,,,,,,,,,,,,,,,,,,,,,,,,,,,,,,,,,,,,,,,,,,,
,,,,,,,,,,,,,,,,,,,,,,,,,,,,,,,,,,,,,,,,,,,,,,,,,,,,,,,,,,,,,,,,,,,,
,,,,,,,,,,,,,,,,,,,,,,,,,,,,,,,,,,,,,,,,,,,,,,,,,,,,,,,,,,,,,,,,,,,,
,,,,,,,,,,,,,,,,,,,,,,,,,,,,,,,,,,,,,,,,,,,,,,,,,,,,,,,,,,,,,,,,,,,,
,,,,,,,,,,,,,,,,,,,,,,,,,,,,,,,,,,,,,,,,,,,,,,,,,,,,,,,,,,,,,,,,,,,,
,,,,,,,,,,,,,,,,,,,,,,,,,,,,,,,,,,,,,,,,,,,,,,,,,,,,,,,,,,,,,,,,,,,,
,,,,,,,,,,,,,,,,,,,,,,,,,,,,,,,,,,,,,,,,,,,,,,,,,,,,,,,,,,,,,,,,,,,,
,,,,,,,,,,,,,,,,,,,,,,,,,,,,,,,,,,,,,,,,,,,,,,,,,,,,,,,,,,,,,,,,,,,,
,,,,,,,,,,,,,,,,,,,,,,,,,,,,,,,,,,,,,,,,,,,,,,,,,,,,,,,,,,,,,,,,,,,,
,,,,,,,,,,,,,,,,,,,,,,,,,,,,,,,,,,,,,,,,,,,,,,,,,,,,,,,,,,,,,,,,,,,,
,,,,,,,,,,,,,,,,,,,,,,,,,,,,,,,,,,,,,,,,,,,,,,,,,,,,,,,,,,,,,,,,,,,,
,,,,,,,,,,,,,,,,,,,,,,,,,,,,,,,,,,,,,,,,,,,,,,,,,,,,,,,,,,,,,,,,,,,,
,,,,,,,,,,,,,,,,,,,,,,,,,,,,,,,,,,,,,,,,,,,,,,,,,,,,,,,,,,,,,,,,,,,,
,,,,,,,,,,,,,,,,,,,,,,,,,,,,,,,,,,,,,,,,,,,,,,,,,,,,,,,,,,,,,,,,,,,,
,,,,,,,,,,,,,,,,,,,,,,,,,,,,,,,,,,,,,,,,,,,,,,,,,,,,,,,,,,,,,,,,,,,,
,,,,,,,,,,,,,,,,,,,,,,,,,,,,,,,,,,,,,,,,,,,,,,,,,,,,,,,,,,,,,,,,,,,,
,,,,,,,,,,,,,,,,,,,,,,,,,,,,,,,,,,,,,,,,,,,,,,,,,,,,,,,,,,,,,,,,,,,,
,,,,,,,,,,,,,,,,,,,,,,,,,,,,,,,,,,,,,,,,,,,,,,,,,,,,,,,,,,,,,,,,,,,,
,,,,,,,,,,,,,,,,,,,,,,,,,,,,,,,,,,,,,,,,,,,,,,,,,,,,,,,,,,,,,,,,,,,,
,,,,,,,,,,,,,,,,,,,,,,,,,,,,,,,,,,,,,,,,,,,,,,,,,,,,,,,,,,,,,,,,,,,,
,,,,,,,,,,,,,,,,,,,,,,,,,,,,,,,,,,,,,,,,,,,,,,,,,,,,,,,,,,,,,,,,,,,,
,,,,,,,,,,,,,,,,,,,,,,,,,,,,,,,,,,,,,,,,,,,,,,,,,,,,,,,,,,,,,,,,,,,,
,,,,,,,,,,,,,,,,,,,,,,,,,,,,,,,,,,,,,,,,,,,,,,,,,,,,,,,,,,,,,,,,,,,,
,,,,,,,,,,,,,,,,,,,,,,,,,,,,,,,,,,,,,,,,,,,,,,,,,,,,,,,,,,,,,,,,,,,,
,,,,,,,,,,,,,,,,,,,,,,,,,,,,,,,,,,,,,,,,,,,,,,,,,,,,,,,,,,,,,,,,,,,,
,,,,,,,,,,,,,,,,,,,,,,,,,,,,,,,,,,,,,,,,,,,,,,,,,,,,,,,,,,,,,,,,,,,,
,,,,,,,,,,,,,,,,,,,,,,,,,,,,,,,,,,,,,,,,,,,,,,,,,,,,,,,,,,,,,,,,,,,,
,,,,,,,,,,,,,,,,,,,,,,,,,,,,,,,,,,,,,,,,,,,,,,,,,,,,,,,,,,,,,,,,,,,,
,,,,,,,,,,,,,,,,,,,,,,,,,,,,,,,,,,,,,,,,,,,,,,,,,,,,,,,,,,,,,,,,,,,,
,,,,,,,,,,,,,,,,,,,,,,,,,,,,,,,,,,,,,,,,,,,,,,,,,,,,,,,,,,,,,,,,,,,,
,,,,,,,,,,,,,,,,,,,,,,,,,,,,,,,,,,,,,,,,,,,,,,,,,,,,,,,,,,,,,,,,,,,,
,,,,,,,,,,,,,,,,,,,,,,,,,,,,,,,,,,,,,,,,,,,,,,,,,,,,,,,,,,,,,,,,,,,,
,,,,,,,,,,,,,,,,,,,,,,,,,,,,,,,,,,,,,,,,,,,,,,,,,,,,,,,,,,,,,,,,,,,,
,,,,,,,,,,,,,,,,,,,,,,,,,,,,,,,,,,,,,,,,,,,,,,,,,,,,,,,,,,,,,,,,,,,,
,,,,,,,,,,,,,,,,,,,,,,,,,,,,,,,,,,,,,,,,,,,,,,,,,,,,,,,,,,,,,,,,,,,,
,,,,,,,,,,,,,,,,,,,,,,,,,,,,,,,,,,,,,,,,,,,,,,,,,,,,,,,,,,,,,,,,,,,,
,,,,,,,,,,,,,,,,,,,,,,,,,,,,,,,,,,,,,,,,,,,,,,,,,,,,,,,,,,,,,,,,,,,,
,,,,,,,,,,,,,,,,,,,,,,,,,,,,,,,,,,,,,,,,,,,,,,,,,,,,,,,,,,,,,,,,,,,,
,,,,,,,,,,,,,,,,,,,,,,,,,,,,,,,,,,,,,,,,,,,,,,,,,,,,,,,,,,,,,,,,,,,,
,,,,,,,,,,,,,,,,,,,,,,,,,,,,,,,,,,,,,,,,,,,,,,,,,,,,,,,,,,,,,,,,,,,,
,,,,,,,,,,,,,,,,,,,,,,,,,,,,,,,,,,,,,,,,,,,,,,,,,,,,,,,,,,,,,,,,,,,,
,,,,,,,,,,,,,,,,,,,,,,,,,,,,,,,,,,,,,,,,,,,,,,,,,,,,,,,,,,,,,,,,,,,,
,,,,,,,,,,,,,,,,,,,,,,,,,,,,,,,,,,,,,,,,,,,,,,,,,,,,,,,,,,,,,,,,,,,,
,,,,,,,,,,,,,,,,,,,,,,,,,,,,,,,,,,,,,,,,,,,,,,,,,,,,,,,,,,,,,,,,,,,,
,,,,,,,,,,,,,,,,,,,,,,,,,,,,,,,,,,,,,,,,,,,,,,,,,,,,,,,,,,,,,,,,,,,,
,,,,,,,,,,,,,,,,,,,,,,,,,,,,,,,,,,,,,,,,,,,,,,,,,,,,,,,,,,,,,,,,,,,,
,,,,,,,,,,,,,,,,,,,,,,,,,,,,,,,,,,,,,,,,,,,,,,,,,,,,,,,,,,,,,,,,,,,,
,,,,,,,,,,,,,,,,,,,,,,,,,,,,,,,,,,,,,,,,,,,,,,,,,,,,,,,,,,,,,,,,,,,,
,,,,,,,,,,,,,,,,,,,,,,,,,,,,,,,,,,,,,,,,,,,,,,,,,,,,,,,,,,,,,,,,,,,,
,,,,,,,,,,,,,,,,,,,,,,,,,,,,,,,,,,,,,,,,,,,,,,,,,,,,,,,,,,,,,,,,,,,,
,,,,,,,,,,,,,,,,,,,,,,,,,,,,,,,,,,,,,,,,,,,,,,,,,,,,,,,,,,,,,,,,,,,,
,,,,,,,,,,,,,,,,,,,,,,,,,,,,,,,,,,,,,,,,,,,,,,,,,,,,,,,,,,,,,,,,,,,,
,,,,,,,,,,,,,,,,,,,,,,,,,,,,,,,,,,,,,,,,,,,,,,,,,,,,,,,,,,,,,,,,,,,,
,,,,,,,,,,,,,,,,,,,,,,,,,,,,,,,,,,,,,,,,,,,,,,,,,,,,,,,,,,,,,,,,,,,,
,,,,,,,,,,,,,,,,,,,,,,,,,,,,,,,,,,,,,,,,,,,,,,,,,,,,,,,,,,,,,,,,,,,,
,,,,,,,,,,,,,,,,,,,,,,,,,,,,,,,,,,,,,,,,,,,,,,,,,,,,,,,,,,,,,,,,,,,,
,,,,,,,,,,,,,,,,,,,,,,,,,,,,,,,,,,,,,,,,,,,,,,,,,,,,,,,,,,,,,,,,,,,,
,,,,,,,,,,,,,,,,,,,,,,,,,,,,,,,,,,,,,,,,,,,,,,,,,,,,,,,,,,,,,,,,,,,,
,,,,,,,,,,,,,,,,,,,,,,,,,,,,,,,,,,,,,,,,,,,,,,,,,,,,,,,,,,,,,,,,,,,,
,,,,,,,,,,,,,,,,,,,,,,,,,,,,,,,,,,,,,,,,,,,,,,,,,,,,,,,,,,,,,,,,,,,,
,,,,,,,,,,,,,,,,,,,,,,,,,,,,,,,,,,,,,,,,,,,,,,,,,,,,,,,,,,,,,,,,,,,,
,,,,,,,,,,,,,,,,,,,,,,,,,,,,,,,,,,,,,,,,,,,,,,,,,,,,,,,,,,,,,,,,,,,,
,,,,,,,,,,,,,,,,,,,,,,,,,,,,,,,,,,,,,,,,,,,,,,,,,,,,,,,,,,,,,,,,,,,,
,,,,,,,,,,,,,,,,,,,,,,,,,,,,,,,,,,,,,,,,,,,,,,,,,,,,,,,,,,,,,,,,,,,,
,,,,,,,,,,,,,,,,,,,,,,,,,,,,,,,,,,,,,,,,,,,,,,,,,,,,,,,,,,,,,,,,,,,,
,,,,,,,,,,,,,,,,,,,,,,,,,,,,,,,,,,,,,,,,,,,,,,,,,,,,,,,,,,,,,,,,,,,,
,,,,,,,,,,,,,,,,,,,,,,,,,,,,,,,,,,,,,,,,,,,,,,,,,,,,,,,,,,,,,,,,,,,,
,,,,,,,,,,,,,,,,,,,,,,,,,,,,,,,,,,,,,,,,,,,,,,,,,,,,,,,,,,,,,,,,,,,,
,,,,,,,,,,,,,,,,,,,,,,,,,,,,,,,,,,,,,,,,,,,,,,,,,,,,,,,,,,,,,,,,,,,,
,,,,,,,,,,,,,,,,,,,,,,,,,,,,,,,,,,,,,,,,,,,,,,,,,,,,,,,,,,,,,,,,,,,,
,,,,,,,,,,,,,,,,,,,,,,,,,,,,,,,,,,,,,,,,,,,,,,,,,,,,,,,,,,,,,,,,,,,,
,,,,,,,,,,,,,,,,,,,,,,,,,,,,,,,,,,,,,,,,,,,,,,,,,,,,,,,,,,,,,,,,,,,,
,,,,,,,,,,,,,,,,,,,,,,,,,,,,,,,,,,,,,,,,,,,,,,,,,,,,,,,,,,,,,,,,,,,,
,,,,,,,,,,,,,,,,,,,,,,,,,,,,,,,,,,,,,,,,,,,,,,,,,,,,,,,,,,,,,,,,,,,,
,,,,,,,,,,,,,,,,,,,,,,,,,,,,,,,,,,,,,,,,,,,,,,,,,,,,,,,,,,,,,,,,,,,,
,,,,,,,,,,,,,,,,,,,,,,,,,,,,,,,,,,,,,,,,,,,,,,,,,,,,,,,,,,,,,,,,,,,,
,,,,,,,,,,,,,,,,,,,,,,,,,,,,,,,,,,,,,,,,,,,,,,,,,,,,,,,,,,,,,,,,,,,,
,,,,,,,,,,,,,,,,,,,,,,,,,,,,,,,,,,,,,,,,,,,,,,,,,,,,,,,,,,,,,,,,,,,,
,,,,,,,,,,,,,,,,,,,,,,,,,,,,,,,,,,,,,,,,,,,,,,,,,,,,,,,,,,,,,,,,,,,,
,,,,,,,,,,,,,,,,,,,,,,,,,,,,,,,,,,,,,,,,,,,,,,,,,,,,,,,,,,,,,,,,,,,,
,,,,,,,,,,,,,,,,,,,,,,,,,,,,,,,,,,,,,,,,,,,,,,,,,,,,,,,,,,,,,,,,,,,,
,,,,,,,,,,,,,,,,,,,,,,,,,,,,,,,,,,,,,,,,,,,,,,,,,,,,,,,,,,,,,,,,,,,,
,,,,,,,,,,,,,,,,,,,,,,,,,,,,,,,,,,,,,,,,,,,,,,,,,,,,,,,,,,,,,,,,,,,,
,,,,,,,,,,,,,,,,,,,,,,,,,,,,,,,,,,,,,,,,,,,,,,,,,,,,,,,,,,,,,,,,,,,,
,,,,,,,,,,,,,,,,,,,,,,,,,,,,,,,,,,,,,,,,,,,,,,,,,,,,,,,,,,,,,,,,,,,,
,,,,,,,,,,,,,,,,,,,,,,,,,,,,,,,,,,,,,,,,,,,,,,,,,,,,,,,,,,,,,,,,,,,,
,,,,,,,,,,,,,,,,,,,,,,,,,,,,,,,,,,,,,,,,,,,,,,,,,,,,,,,,,,,,,,,,,,,,
,,,,,,,,,,,,,,,,,,,,,,,,,,,,,,,,,,,,,,,,,,,,,,,,,,,,,,,,,,,,,,,,,,,,
,,,,,,,,,,,,,,,,,,,,,,,,,,,,,,,,,,,,,,,,,,,,,,,,,,,,,,,,,,,,,,,,,,,,
,,,,,,,,,,,,,,,,,,,,,,,,,,,,,,,,,,,,,,,,,,,,,,,,,,,,,,,,,,,,,,,,,,,,
,,,,,,,,,,,,,,,,,,,,,,,,,,,,,,,,,,,,,,,,,,,,,,,,,,,,,,,,,,,,,,,,,,,,
,,,,,,,,,,,,,,,,,,,,,,,,,,,,,,,,,,,,,,,,,,,,,,,,,,,,,,,,,,,,,,,,,,,,
,,,,,,,,,,,,,,,,,,,,,,,,,,,,,,,,,,,,,,,,,,,,,,,,,,,,,,,,,,,,,,,,,,,,
,,,,,,,,,,,,,,,,,,,,,,,,,,,,,,,,,,,,,,,,,,,,,,,,,,,,,,,,,,,,,,,,,,,,
,,,,,,,,,,,,,,,,,,,,,,,,,,,,,,,,,,,,,,,,,,,,,,,,,,,,,,,,,,,,,,,,,,,,
,,,,,,,,,,,,,,,,,,,,,,,,,,,,,,,,,,,,,,,,,,,,,,,,,,,,,,,,,,,,,,,,,,,,
,,,,,,,,,,,,,,,,,,,,,,,,,,,,,,,,,,,,,,,,,,,,,,,,,,,,,,,,,,,,,,,,,,,,
,,,,,,,,,,,,,,,,,,,,,,,,,,,,,,,,,,,,,,,,,,,,,,,,,,,,,,,,,,,,,,,,,,,,
,,,,,,,,,,,,,,,,,,,,,,,,,,,,,,,,,,,,,,,,,,,,,,,,,,,,,,,,,,,,,,,,,,,,
,,,,,,,,,,,,,,,,,,,,,,,,,,,,,,,,,,,,,,,,,,,,,,,,,,,,,,,,,,,,,,,,,,,,
,,,,,,,,,,,,,,,,,,,,,,,,,,,,,,,,,,,,,,,,,,,,,,,,,,,,,,,,,,,,,,,,,,,,
,,,,,,,,,,,,,,,,,,,,,,,,,,,,,,,,,,,,,,,,,,,,,,,,,,,,,,,,,,,,,,,,,,,,
,,,,,,,,,,,,,,,,,,,,,,,,,,,,,,,,,,,,,,,,,,,,,,,,,,,,,,,,,,,,,,,,,,,,
,,,,,,,,,,,,,,,,,,,,,,,,,,,,,,,,,,,,,,,,,,,,,,,,,,,,,,,,,,,,,,,,,,,,
,,,,,,,,,,,,,,,,,,,,,,,,,,,,,,,,,,,,,,,,,,,,,,,,,,,,,,,,,,,,,,,,,,,,
,,,,,,,,,,,,,,,,,,,,,,,,,,,,,,,,,,,,,,,,,,,,,,,,,,,,,,,,,,,,,,,,,,,,
,,,,,,,,,,,,,,,,,,,,,,,,,,,,,,,,,,,,,,,,,,,,,,,,,,,,,,,,,,,,,,,,,,,,
,,,,,,,,,,,,,,,,,,,,,,,,,,,,,,,,,,,,,,,,,,,,,,,,,,,,,,,,,,,,,,,,,,,,
,,,,,,,,,,,,,,,,,,,,,,,,,,,,,,,,,,,,,,,,,,,,,,,,,,,,,,,,,,,,,,,,,,,,
,,,,,,,,,,,,,,,,,,,,,,,,,,,,,,,,,,,,,,,,,,,,,,,,,,,,,,,,,,,,,,,,,,,,
,,,,,,,,,,,,,,,,,,,,,,,,,,,,,,,,,,,,,,,,,,,,,,,,,,,,,,,,,,,,,,,,,,,,
,,,,,,,,,,,,,,,,,,,,,,,,,,,,,,,,,,,,,,,,,,,,,,,,,,,,,,,,,,,,,,,,,,,,
,,,,,,,,,,,,,,,,,,,,,,,,,,,,,,,,,,,,,,,,,,,,,,,,,,,,,,,,,,,,,,,,,,,,
,,,,,,,,,,,,,,,,,,,,,,,,,,,,,,,,,,,,,,,,,,,,,,,,,,,,,,,,,,,,,,,,,,,,
,,,,,,,,,,,,,,,,,,,,,,,,,,,,,,,,,,,,,,,,,,,,,,,,,,,,,,,,,,,,,,,,,,,,
,,,,,,,,,,,,,,,,,,,,,,,,,,,,,,,,,,,,,,,,,,,,,,,,,,,,,,,,,,,,,,,,,,,,
,,,,,,,,,,,,,,,,,,,,,,,,,,,,,,,,,,,,,,,,,,,,,,,,,,,,,,,,,,,,,,,,,,,,
,,,,,,,,,,,,,,,,,,,,,,,,,,,,,,,,,,,,,,,,,,,,,,,,,,,,,,,,,,,,,,,,,,,,
,,,,,,,,,,,,,,,,,,,,,,,,,,,,,,,,,,,,,,,,,,,,,,,,,,,,,,,,,,,,,,,,,,,,
,,,,,,,,,,,,,,,,,,,,,,,,,,,,,,,,,,,,,,,,,,,,,,,,,,,,,,,,,,,,,,,,,,,,
,,,,,,,,,,,,,,,,,,,,,,,,,,,,,,,,,,,,,,,,,,,,,,,,,,,,,,,,,,,,,,,,,,,,
,,,,,,,,,,,,,,,,,,,,,,,,,,,,,,,,,,,,,,,,,,,,,,,,,,,,,,,,,,,,,,,,,,,,
,,,,,,,,,,,,,,,,,,,,,,,,,,,,,,,,,,,,,,,,,,,,,,,,,,,,,,,,,,,,,,,,,,,,
,,,,,,,,,,,,,,,,,,,,,,,,,,,,,,,,,,,,,,,,,,,,,,,,,,,,,,,,,,,,,,,,,,,,
,,,,,,,,,,,,,,,,,,,,,,,,,,,,,,,,,,,,,,,,,,,,,,,,,,,,,,,,,,,,,,,,,,,,
,,,,,,,,,,,,,,,,,,,,,,,,,,,,,,,,,,,,,,,,,,,,,,,,,,,,,,,,,,,,,,,,,,,,
,,,,,,,,,,,,,,,,,,,,,,,,,,,,,,,,,,,,,,,,,,,,,,,,,,,,,,,,,,,,,,,,,,,,
,,,,,,,,,,,,,,,,,,,,,,,,,,,,,,,,,,,,,,,,,,,,,,,,,,,,,,,,,,,,,,,,,,,,
,,,,,,,,,,,,,,,,,,,,,,,,,,,,,,,,,,,,,,,,,,,,,,,,,,,,,,,,,,,,,,,,,,,,
,,,,,,,,,,,,,,,,,,,,,,,,,,,,,,,,,,,,,,,,,,,,,,,,,,,,,,,,,,,,,,,,,,,,
,,,,,,,,,,,,,,,,,,,,,,,,,,,,,,,,,,,,,,,,,,,,,,,,,,,,,,,,,,,,,,,,,,,,
,,,,,,,,,,,,,,,,,,,,,,,,,,,,,,,,,,,,,,,,,,,,,,,,,,,,,,,,,,,,,,,,,,,,
,,,,,,,,,,,,,,,,,,,,,,,,,,,,,,,,,,,,,,,,,,,,,,,,,,,,,,,,,,,,,,,,,,,,
,,,,,,,,,,,,,,,,,,,,,,,,,,,,,,,,,,,,,,,,,,,,,,,,,,,,,,,,,,,,,,,,,,,,
,,,,,,,,,,,,,,,,,,,,,,,,,,,,,,,,,,,,,,,,,,,,,,,,,,,,,,,,,,,,,,,,,,,,
,,,,,,,,,,,,,,,,,,,,,,,,,,,,,,,,,,,,,,,,,,,,,,,,,,,,,,,,,,,,,,,,,,,,
,,,,,,,,,,,,,,,,,,,,,,,,,,,,,,,,,,,,,,,,,,,,,,,,,,,,,,,,,,,,,,,,,,,,
,,,,,,,,,,,,,,,,,,,,,,,,,,,,,,,,,,,,,,,,,,,,,,,,,,,,,,,,,,,,,,,,,,,,
,,,,,,,,,,,,,,,,,,,,,,,,,,,,,,,,,,,,,,,,,,,,,,,,,,,,,,,,,,,,,,,,,,,,
,,,,,,,,,,,,,,,,,,,,,,,,,,,,,,,,,,,,,,,,,,,,,,,,,,,,,,,,,,,,,,,,,,,,
,,,,,,,,,,,,,,,,,,,,,,,,,,,,,,,,,,,,,,,,,,,,,,,,,,,,,,,,,,,,,,,,,,,,
,,,,,,,,,,,,,,,,,,,,,,,,,,,,,,,,,,,,,,,,,,,,,,,,,,,,,,,,,,,,,,,,,,,,
,,,,,,,,,,,,,,,,,,,,,,,,,,,,,,,,,,,,,,,,,,,,,,,,,,,,,,,,,,,,,,,,,,,,
,,,,,,,,,,,,,,,,,,,,,,,,,,,,,,,,,,,,,,,,,,,,,,,,,,,,,,,,,,,,,,,,,,,,
,,,,,,,,,,,,,,,,,,,,,,,,,,,,,,,,,,,,,,,,,,,,,,,,,,,,,,,,,,,,,,,,,,,,
,,,,,,,,,,,,,,,,,,,,,,,,,,,,,,,,,,,,,,,,,,,,,,,,,,,,,,,,,,,,,,,,,,,,
,,,,,,,,,,,,,,,,,,,,,,,,,,,,,,,,,,,,,,,,,,,,,,,,,,,,,,,,,,,,,,,,,,,,
,,,,,,,,,,,,,,,,,,,,,,,,,,,,,,,,,,,,,,,,,,,,,,,,,,,,,,,,,,,,,,,,,,,,
,,,,,,,,,,,,,,,,,,,,,,,,,,,,,,,,,,,,,,,,,,,,,,,,,,,,,,,,,,,,,,,,,,,,
,,,,,,,,,,,,,,,,,,,,,,,,,,,,,,,,,,,,,,,,,,,,,,,,,,,,,,,,,,,,,,,,,,,,
,,,,,,,,,,,,,,,,,,,,,,,,,,,,,,,,,,,,,,,,,,,,,,,,,,,,,,,,,,,,,,,,,,,,
,,,,,,,,,,,,,,,,,,,,,,,,,,,,,,,,,,,,,,,,,,,,,,,,,,,,,,,,,,,,,,,,,,,,
,,,,,,,,,,,,,,,,,,,,,,,,,,,,,,,,,,,,,,,,,,,,,,,,,,,,,,,,,,,,,,,,,,,,
,,,,,,,,,,,,,,,,,,,,,,,,,,,,,,,,,,,,,,,,,,,,,,,,,,,,,,,,,,,,,,,,,,,,
,,,,,,,,,,,,,,,,,,,,,,,,,,,,,,,,,,,,,,,,,,,,,,,,,,,,,,,,,,,,,,,,,,,,
,,,,,,,,,,,,,,,,,,,,,,,,,,,,,,,,,,,,,,,,,,,,,,,,,,,,,,,,,,,,,,,,,,,,
,,,,,,,,,,,,,,,,,,,,,,,,,,,,,,,,,,,,,,,,,,,,,,,,,,,,,,,,,,,,,,,,,,,,
,,,,,,,,,,,,,,,,,,,,,,,,,,,,,,,,,,,,,,,,,,,,,,,,,,,,,,,,,,,,,,,,,,,,
,,,,,,,,,,,,,,,,,,,,,,,,,,,,,,,,,,,,,,,,,,,,,,,,,,,,,,,,,,,,,,,,,,,,
,,,,,,,,,,,,,,,,,,,,,,,,,,,,,,,,,,,,,,,,,,,,,,,,,,,,,,,,,,,,,,,,,,,,
,,,,,,,,,,,,,,,,,,,,,,,,,,,,,,,,,,,,,,,,,,,,,,,,,,,,,,,,,,,,,,,,,,,,
,,,,,,,,,,,,,,,,,,,,,,,,,,,,,,,,,,,,,,,,,,,,,,,,,,,,,,,,,,,,,,,,,,,,
,,,,,,,,,,,,,,,,,,,,,,,,,,,,,,,,,,,,,,,,,,,,,,,,,,,,,,,,,,,,,,,,,,,,
,,,,,,,,,,,,,,,,,,,,,,,,,,,,,,,,,,,,,,,,,,,,,,,,,,,,,,,,,,,,,,,,,,,,
,,,,,,,,,,,,,,,,,,,,,,,,,,,,,,,,,,,,,,,,,,,,,,,,,,,,,,,,,,,,,,,,,,,,
,,,,,,,,,,,,,,,,,,,,,,,,,,,,,,,,,,,,,,,,,,,,,,,,,,,,,,,,,,,,,,,,,,,,
,,,,,,,,,,,,,,,,,,,,,,,,,,,,,,,,,,,,,,,,,,,,,,,,,,,,,,,,,,,,,,,,,,,,
,,,,,,,,,,,,,,,,,,,,,,,,,,,,,,,,,,,,,,,,,,,,,,,,,,,,,,,,,,,,,,,,,,,,
,,,,,,,,,,,,,,,,,,,,,,,,,,,,,,,,,,,,,,,,,,,,,,,,,,,,,,,,,,,,,,,,,,,,
,,,,,,,,,,,,,,,,,,,,,,,,,,,,,,,,,,,,,,,,,,,,,,,,,,,,,,,,,,,,,,,,,,,,
,,,,,,,,,,,,,,,,,,,,,,,,,,,,,,,,,,,,,,,,,,,,,,,,,,,,,,,,,,,,,,,,,,,,
,,,,,,,,,,,,,,,,,,,,,,,,,,,,,,,,,,,,,,,,,,,,,,,,,,,,,,,,,,,,,,,,,,,,
,,,,,,,,,,,,,,,,,,,,,,,,,,,,,,,,,,,,,,,,,,,,,,,,,,,,,,,,,,,,,,,,,,,,
,,,,,,,,,,,,,,,,,,,,,,,,,,,,,,,,,,,,,,,,,,,,,,,,,,,,,,,,,,,,,,,,,,,,
,,,,,,,,,,,,,,,,,,,,,,,,,,,,,,,,,,,,,,,,,,,,,,,,,,,,,,,,,,,,,,,,,,,,
,,,,,,,,,,,,,,,,,,,,,,,,,,,,,,,,,,,,,,,,,,,,,,,,,,,,,,,,,,,,,,,,,,,,
,,,,,,,,,,,,,,,,,,,,,,,,,,,,,,,,,,,,,,,,,,,,,,,,,,,,,,,,,,,,,,,,,,,,
,,,,,,,,,,,,,,,,,,,,,,,,,,,,,,,,,,,,,,,,,,,,,,,,,,,,,,,,,,,,,,,,,,,,
,,,,,,,,,,,,,,,,,,,,,,,,,,,,,,,,,,,,,,,,,,,,,,,,,,,,,,,,,,,,,,,,,,,,
,,,,,,,,,,,,,,,,,,,,,,,,,,,,,,,,,,,,,,,,,,,,,,,,,,,,,,,,,,,,,,,,,,,,
,,,,,,,,,,,,,,,,,,,,,,,,,,,,,,,,,,,,,,,,,,,,,,,,,,,,,,,,,,,,,,,,,,,,
,,,,,,,,,,,,,,,,,,,,,,,,,,,,,,,,,,,,,,,,,,,,,,,,,,,,,,,,,,,,,,,,,,,,
,,,,,,,,,,,,,,,,,,,,,,,,,,,,,,,,,,,,,,,,,,,,,,,,,,,,,,,,,,,,,,,,,,,,
,,,,,,,,,,,,,,,,,,,,,,,,,,,,,,,,,,,,,,,,,,,,,,,,,,,,,,,,,,,,,,,,,,,,
,,,,,,,,,,,,,,,,,,,,,,,,,,,,,,,,,,,,,,,,,,,,,,,,,,,,,,,,,,,,,,,,,,,,
,,,,,,,,,,,,,,,,,,,,,,,,,,,,,,,,,,,,,,,,,,,,,,,,,,,,,,,,,,,,,,,,,,,,
,,,,,,,,,,,,,,,,,,,,,,,,,,,,,,,,,,,,,,,,,,,,,,,,,,,,,,,,,,,,,,,,,,,,
,,,,,,,,,,,,,,,,,,,,,,,,,,,,,,,,,,,,,,,,,,,,,,,,,,,,,,,,,,,,,,,,,,,,
,,,,,,,,,,,,,,,,,,,,,,,,,,,,,,,,,,,,,,,,,,,,,,,,,,,,,,,,,,,,,,,,,,,,
,,,,,,,,,,,,,,,,,,,,,,,,,,,,,,,,,,,,,,,,,,,,,,,,,,,,,,,,,,,,,,,,,,,,
,,,,,,,,,,,,,,,,,,,,,,,,,,,,,,,,,,,,,,,,,,,,,,,,,,,,,,,,,,,,,,,,,,,,
,,,,,,,,,,,,,,,,,,,,,,,,,,,,,,,,,,,,,,,,,,,,,,,,,,,,,,,,,,,,,,,,,,,,
,,,,,,,,,,,,,,,,,,,,,,,,,,,,,,,,,,,,,,,,,,,,,,,,,,,,,,,,,,,,,,,,,,,,
,,,,,,,,,,,,,,,,,,,,,,,,,,,,,,,,,,,,,,,,,,,,,,,,,,,,,,,,,,,,,,,,,,,,
,,,,,,,,,,,,,,,,,,,,,,,,,,,,,,,,,,,,,,,,,,,,,,,,,,,,,,,,,,,,,,,,,,,,
,,,,,,,,,,,,,,,,,,,,,,,,,,,,,,,,,,,,,,,,,,,,,,,,,,,,,,,,,,,,,,,,,,,,
,,,,,,,,,,,,,,,,,,,,,,,,,,,,,,,,,,,,,,,,,,,,,,,,,,,,,,,,,,,,,,,,,,,,
,,,,,,,,,,,,,,,,,,,,,,,,,,,,,,,,,,,,,,,,,,,,,,,,,,,,,,,,,,,,,,,,,,,,
,,,,,,,,,,,,,,,,,,,,,,,,,,,,,,,,,,,,,,,,,,,,,,,,,,,,,,,,,,,,,,,,,,,,
,,,,,,,,,,,,,,,,,,,,,,,,,,,,,,,,,,,,,,,,,,,,,,,,,,,,,,,,,,,,,,,,,,,,
,,,,,,,,,,,,,,,,,,,,,,,,,,,,,,,,,,,,,,,,,,,,,,,,,,,,,,,,,,,,,,,,,,,,
,,,,,,,,,,,,,,,,,,,,,,,,,,,,,,,,,,,,,,,,,,,,,,,,,,,,,,,,,,,,,,,,,,,,
,,,,,,,,,,,,,,,,,,,,,,,,,,,,,,,,,,,,,,,,,,,,,,,,,,,,,,,,,,,,,,,,,,,,
,,,,,,,,,,,,,,,,,,,,,,,,,,,,,,,,,,,,,,,,,,,,,,,,,,,,,,,,,,,,,,,,,,,,
,,,,,,,,,,,,,,,,,,,,,,,,,,,,,,,,,,,,,,,,,,,,,,,,,,,,,,,,,,,,,,,,,,,,
,,,,,,,,,,,,,,,,,,,,,,,,,,,,,,,,,,,,,,,,,,,,,,,,,,,,,,,,,,,,,,,,,,,,
,,,,,,,,,,,,,,,,,,,,,,,,,,,,,,,,,,,,,,,,,,,,,,,,,,,,,,,,,,,,,,,,,,,,
,,,,,,,,,,,,,,,,,,,,,,,,,,,,,,,,,,,,,,,,,,,,,,,,,,,,,,,,,,,,,,,,,,,,
,,,,,,,,,,,,,,,,,,,,,,,,,,,,,,,,,,,,,,,,,,,,,,,,,,,,,,,,,,,,,,,,,,,,
,,,,,,,,,,,,,,,,,,,,,,,,,,,,,,,,,,,,,,,,,,,,,,,,,,,,,,,,,,,,,,,,,,,,
,,,,,,,,,,,,,,,,,,,,,,,,,,,,,,,,,,,,,,,,,,,,,,,,,,,,,,,,,,,,,,,,,,,,
,,,,,,,,,,,,,,,,,,,,,,,,,,,,,,,,,,,,,,,,,,,,,,,,,,,,,,,,,,,,,,,,,,,,
,,,,,,,,,,,,,,,,,,,,,,,,,,,,,,,,,,,,,,,,,,,,,,,,,,,,,,,,,,,,,,,,,,,,
,,,,,,,,,,,,,,,,,,,,,,,,,,,,,,,,,,,,,,,,,,,,,,,,,,,,,,,,,,,,,,,,,,,,
,,,,,,,,,,,,,,,,,,,,,,,,,,,,,,,,,,,,,,,,,,,,,,,,,,,,,,,,,,,,,,,,,,,,
,,,,,,,,,,,,,,,,,,,,,,,,,,,,,,,,,,,,,,,,,,,,,,,,,,,,,,,,,,,,,,,,,,,,
,,,,,,,,,,,,,,,,,,,,,,,,,,,,,,,,,,,,,,,,,,,,,,,,,,,,,,,,,,,,,,,,,,,,
,,,,,,,,,,,,,,,,,,,,,,,,,,,,,,,,,,,,,,,,,,,,,,,,,,,,,,,,,,,,,,,,,,,,
,,,,,,,,,,,,,,,,,,,,,,,,,,,,,,,,,,,,,,,,,,,,,,,,,,,,,,,,,,,,,,,,,,,,
,,,,,,,,,,,,,,,,,,,,,,,,,,,,,,,,,,,,,,,,,,,,,,,,,,,,,,,,,,,,,,,,,,,,
,,,,,,,,,,,,,,,,,,,,,,,,,,,,,,,,,,,,,,,,,,,,,,,,,,,,,,,,,,,,,,,,,,,,
,,,,,,,,,,,,,,,,,,,,,,,,,,,,,,,,,,,,,,,,,,,,,,,,,,,,,,,,,,,,,,,,,,,,
,,,,,,,,,,,,,,,,,,,,,,,,,,,,,,,,,,,,,,,,,,,,,,,,,,,,,,,,,,,,,,,,,,,,
,,,,,,,,,,,,,,,,,,,,,,,,,,,,,,,,,,,,,,,,,,,,,,,,,,,,,,,,,,,,,,,,,,,,
,,,,,,,,,,,,,,,,,,,,,,,,,,,,,,,,,,,,,,,,,,,,,,,,,,,,,,,,,,,,,,,,,,,,
,,,,,,,,,,,,,,,,,,,,,,,,,,,,,,,,,,,,,,,,,,,,,,,,,,,,,,,,,,,,,,,,,,,,
,,,,,,,,,,,,,,,,,,,,,,,,,,,,,,,,,,,,,,,,,,,,,,,,,,,,,,,,,,,,,,,,,,,,
,,,,,,,,,,,,,,,,,,,,,,,,,,,,,,,,,,,,,,,,,,,,,,,,,,,,,,,,,,,,,,,,,,,,
,,,,,,,,,,,,,,,,,,,,,,,,,,,,,,,,,,,,,,,,,,,,,,,,,,,,,,,,,,,,,,,,,,,,
,,,,,,,,,,,,,,,,,,,,,,,,,,,,,,,,,,,,,,,,,,,,,,,,,,,,,,,,,,,,,,,,,,,,
,,,,,,,,,,,,,,,,,,,,,,,,,,,,,,,,,,,,,,,,,,,,,,,,,,,,,,,,,,,,,,,,,,,,
,,,,,,,,,,,,,,,,,,,,,,,,,,,,,,,,,,,,,,,,,,,,,,,,,,,,,,,,,,,,,,,,,,,,
,,,,,,,,,,,,,,,,,,,,,,,,,,,,,,,,,,,,,,,,,,,,,,,,,,,,,,,,,,,,,,,,,,,,
,,,,,,,,,,,,,,,,,,,,,,,,,,,,,,,,,,,,,,,,,,,,,,,,,,,,,,,,,,,,,,,,,,,,
,,,,,,,,,,,,,,,,,,,,,,,,,,,,,,,,,,,,,,,,,,,,,,,,,,,,,,,,,,,,,,,,,,,,
,,,,,,,,,,,,,,,,,,,,,,,,,,,,,,,,,,,,,,,,,,,,,,,,,,,,,,,,,,,,,,,,,,,,
,,,,,,,,,,,,,,,,,,,,,,,,,,,,,,,,,,,,,,,,,,,,,,,,,,,,,,,,,,,,,,,,,,,,
,,,,,,,,,,,,,,,,,,,,,,,,,,,,,,,,,,,,,,,,,,,,,,,,,,,,,,,,,,,,,,,,,,,,
,,,,,,,,,,,,,,,,,,,,,,,,,,,,,,,,,,,,,,,,,,,,,,,,,,,,,,,,,,,,,,,,,,,,
,,,,,,,,,,,,,,,,,,,,,,,,,,,,,,,,,,,,,,,,,,,,,,,,,,,,,,,,,,,,,,,,,,,,
,,,,,,,,,,,,,,,,,,,,,,,,,,,,,,,,,,,,,,,,,,,,,,,,,,,,,,,,,,,,,,,,,,,,
,,,,,,,,,,,,,,,,,,,,,,,,,,,,,,,,,,,,,,,,,,,,,,,,,,,,,,,,,,,,,,,,,,,,
,,,,,,,,,,,,,,,,,,,,,,,,,,,,,,,,,,,,,,,,,,,,,,,,,,,,,,,,,,,,,,,,,,,,
,,,,,,,,,,,,,,,,,,,,,,,,,,,,,,,,,,,,,,,,,,,,,,,,,,,,,,,,,,,,,,,,,,,,
,,,,,,,,,,,,,,,,,,,,,,,,,,,,,,,,,,,,,,,,,,,,,,,,,,,,,,,,,,,,,,,,,,,,
,,,,,,,,,,,,,,,,,,,,,,,,,,,,,,,,,,,,,,,,,,,,,,,,,,,,,,,,,,,,,,,,,,,,
,,,,,,,,,,,,,,,,,,,,,,,,,,,,,,,,,,,,,,,,,,,,,,,,,,,,,,,,,,,,,,,,,,,,
,,,,,,,,,,,,,,,,,,,,,,,,,,,,,,,,,,,,,,,,,,,,,,,,,,,,,,,,,,,,,,,,,,,,
,,,,,,,,,,,,,,,,,,,,,,,,,,,,,,,,,,,,,,,,,,,,,,,,,,,,,,,,,,,,,,,,,,,,
,,,,,,,,,,,,,,,,,,,,,,,,,,,,,,,,,,,,,,,,,,,,,,,,,,,,,,,,,,,,,,,,,,,,
,,,,,,,,,,,,,,,,,,,,,,,,,,,,,,,,,,,,,,,,,,,,,,,,,,,,,,,,,,,,,,,,,,,,
,,,,,,,,,,,,,,,,,,,,,,,,,,,,,,,,,,,,,,,,,,,,,,,,,,,,,,,,,,,,,,,,,,,,
,,,,,,,,,,,,,,,,,,,,,,,,,,,,,,,,,,,,,,,,,,,,,,,,,,,,,,,,,,,,,,,,,,,,
,,,,,,,,,,,,,,,,,,,,,,,,,,,,,,,,,,,,,,,,,,,,,,,,,,,,,,,,,,,,,,,,,,,,
,,,,,,,,,,,,,,,,,,,,,,,,,,,,,,,,,,,,,,,,,,,,,,,,,,,,,,,,,,,,,,,,,,,,
,,,,,,,,,,,,,,,,,,,,,,,,,,,,,,,,,,,,,,,,,,,,,,,,,,,,,,,,,,,,,,,,,,,,
,,,,,,,,,,,,,,,,,,,,,,,,,,,,,,,,,,,,,,,,,,,,,,,,,,,,,,,,,,,,,,,,,,,,
,,,,,,,,,,,,,,,,,,,,,,,,,,,,,,,,,,,,,,,,,,,,,,,,,,,,,,,,,,,,,,,,,,,,
,,,,,,,,,,,,,,,,,,,,,,,,,,,,,,,,,,,,,,,,,,,,,,,,,,,,,,,,,,,,,,,,,,,,
,,,,,,,,,,,,,,,,,,,,,,,,,,,,,,,,,,,,,,,,,,,,,,,,,,,,,,,,,,,,,,,,,,,,
,,,,,,,,,,,,,,,,,,,,,,,,,,,,,,,,,,,,,,,,,,,,,,,,,,,,,,,,,,,,,,,,,,,,
,,,,,,,,,,,,,,,,,,,,,,,,,,,,,,,,,,,,,,,,,,,,,,,,,,,,,,,,,,,,,,,,,,,,
,,,,,,,,,,,,,,,,,,,,,,,,,,,,,,,,,,,,,,,,,,,,,,,,,,,,,,,,,,,,,,,,,,,,
,,,,,,,,,,,,,,,,,,,,,,,,,,,,,,,,,,,,,,,,,,,,,,,,,,,,,,,,,,,,,,,,,,,,
,,,,,,,,,,,,,,,,,,,,,,,,,,,,,,,,,,,,,,,,,,,,,,,,,,,,,,,,,,,,,,,,,,,,
,,,,,,,,,,,,,,,,,,,,,,,,,,,,,,,,,,,,,,,,,,,,,,,,,,,,,,,,,,,,,,,,,,,,
,,,,,,,,,,,,,,,,,,,,,,,,,,,,,,,,,,,,,,,,,,,,,,,,,,,,,,,,,,,,,,,,,,,,
,,,,,,,,,,,,,,,,,,,,,,,,,,,,,,,,,,,,,,,,,,,,,,,,,,,,,,,,,,,,,,,,,,,,
,,,,,,,,,,,,,,,,,,,,,,,,,,,,,,,,,,,,,,,,,,,,,,,,,,,,,,,,,,,,,,,,,,,,
,,,,,,,,,,,,,,,,,,,,,,,,,,,,,,,,,,,,,,,,,,,,,,,,,,,,,,,,,,,,,,,,,,,,
,,,,,,,,,,,,,,,,,,,,,,,,,,,,,,,,,,,,,,,,,,,,,,,,,,,,,,,,,,,,,,,,,,,,
,,,,,,,,,,,,,,,,,,,,,,,,,,,,,,,,,,,,,,,,,,,,,,,,,,,,,,,,,,,,,,,,,,,,
,,,,,,,,,,,,,,,,,,,,,,,,,,,,,,,,,,,,,,,,,,,,,,,,,,,,,,,,,,,,,,,,,,,,
,,,,,,,,,,,,,,,,,,,,,,,,,,,,,,,,,,,,,,,,,,,,,,,,,,,,,,,,,,,,,,,,,,,,
,,,,,,,,,,,,,,,,,,,,,,,,,,,,,,,,,,,,,,,,,,,,,,,,,,,,,,,,,,,,,,,,,,,,
,,,,,,,,,,,,,,,,,,,,,,,,,,,,,,,,,,,,,,,,,,,,,,,,,,,,,,,,,,,,,,,,,,,,
,,,,,,,,,,,,,,,,,,,,,,,,,,,,,,,,,,,,,,,,,,,,,,,,,,,,,,,,,,,,,,,,,,,,
,,,,,,,,,,,,,,,,,,,,,,,,,,,,,,,,,,,,,,,,,,,,,,,,,,,,,,,,,,,,,,,,,,,,
,,,,,,,,,,,,,,,,,,,,,,,,,,,,,,,,,,,,,,,,,,,,,,,,,,,,,,,,,,,,,,,,,,,,
,,,,,,,,,,,,,,,,,,,,,,,,,,,,,,,,,,,,,,,,,,,,,,,,,,,,,,,,,,,,,,,,,,,,
,,,,,,,,,,,,,,,,,,,,,,,,,,,,,,,,,,,,,,,,,,,,,,,,,,,,,,,,,,,,,,,,,,,,
,,,,,,,,,,,,,,,,,,,,,,,,,,,,,,,,,,,,,,,,,,,,,,,,,,,,,,,,,,,,,,,,,,,,
,,,,,,,,,,,,,,,,,,,,,,,,,,,,,,,,,,,,,,,,,,,,,,,,,,,,,,,,,,,,,,,,,,,,
,,,,,,,,,,,,,,,,,,,,,,,,,,,,,,,,,,,,,,,,,,,,,,,,,,,,,,,,,,,,,,,,,,,,
,,,,,,,,,,,,,,,,,,,,,,,,,,,,,,,,,,,,,,,,,,,,,,,,,,,,,,,,,,,,,,,,,,,,
,,,,,,,,,,,,,,,,,,,,,,,,,,,,,,,,,,,,,,,,,,,,,,,,,,,,,,,,,,,,,,,,,,,,
,,,,,,,,,,,,,,,,,,,,,,,,,,,,,,,,,,,,,,,,,,,,,,,,,,,,,,,,,,,,,,,,,,,,
,,,,,,,,,,,,,,,,,,,,,,,,,,,,,,,,,,,,,,,,,,,,,,,,,,,,,,,,,,,,,,,,,,,,
,,,,,,,,,,,,,,,,,,,,,,,,,,,,,,,,,,,,,,,,,,,,,,,,,,,,,,,,,,,,,,,,,,,,
,,,,,,,,,,,,,,,,,,,,,,,,,,,,,,,,,,,,,,,,,,,,,,,,,,,,,,,,,,,,,,,,,,,,
,,,,,,,,,,,,,,,,,,,,,,,,,,,,,,,,,,,,,,,,,,,,,,,,,,,,,,,,,,,,,,,,,,,,
,,,,,,,,,,,,,,,,,,,,,,,,,,,,,,,,,,,,,,,,,,,,,,,,,,,,,,,,,,,,,,,,,,,,
,,,,,,,,,,,,,,,,,,,,,,,,,,,,,,,,,,,,,,,,,,,,,,,,,,,,,,,,,,,,,,,,,,,,
,,,,,,,,,,,,,,,,,,,,,,,,,,,,,,,,,,,,,,,,,,,,,,,,,,,,,,,,,,,,,,,,,,,,
,,,,,,,,,,,,,,,,,,,,,,,,,,,,,,,,,,,,,,,,,,,,,,,,,,,,,,,,,,,,,,,,,,,,
,,,,,,,,,,,,,,,,,,,,,,,,,,,,,,,,,,,,,,,,,,,,,,,,,,,,,,,,,,,,,,,,,,,,
,,,,,,,,,,,,,,,,,,,,,,,,,,,,,,,,,,,,,,,,,,,,,,,,,,,,,,,,,,,,,,,,,,,,
,,,,,,,,,,,,,,,,,,,,,,,,,,,,,,,,,,,,,,,,,,,,,,,,,,,,,,,,,,,,,,,,,,,,
,,,,,,,,,,,,,,,,,,,,,,,,,,,,,,,,,,,,,,,,,,,,,,,,,,,,,,,,,,,,,,,,,,,,
,,,,,,,,,,,,,,,,,,,,,,,,,,,,,,,,,,,,,,,,,,,,,,,,,,,,,,,,,,,,,,,,,,,,
,,,,,,,,,,,,,,,,,,,,,,,,,,,,,,,,,,,,,,,,,,,,,,,,,,,,,,,,,,,,,,,,,,,,
,,,,,,,,,,,,,,,,,,,,,,,,,,,,,,,,,,,,,,,,,,,,,,,,,,,,,,,,,,,,,,,,,,,,
,,,,,,,,,,,,,,,,,,,,,,,,,,,,,,,,,,,,,,,,,,,,,,,,,,,,,,,,,,,,,,,,,,,,
,,,,,,,,,,,,,,,,,,,,,,,,,,,,,,,,,,,,,,,,,,,,,,,,,,,,,,,,,,,,,,,,,,,,
,,,,,,,,,,,,,,,,,,,,,,,,,,,,,,,,,,,,,,,,,,,,,,,,,,,,,,,,,,,,,,,,,,,,
,,,,,,,,,,,,,,,,,,,,,,,,,,,,,,,,,,,,,,,,,,,,,,,,,,,,,,,,,,,,,,,,,,,,
,,,,,,,,,,,,,,,,,,,,,,,,,,,,,,,,,,,,,,,,,,,,,,,,,,,,,,,,,,,,,,,,,,,,
,,,,,,,,,,,,,,,,,,,,,,,,,,,,,,,,,,,,,,,,,,,,,,,,,,,,,,,,,,,,,,,,,,,,
,,,,,,,,,,,,,,,,,,,,,,,,,,,,,,,,,,,,,,,,,,,,,,,,,,,,,,,,,,,,,,,,,,,,
,,,,,,,,,,,,,,,,,,,,,,,,,,,,,,,,,,,,,,,,,,,,,,,,,,,,,,,,,,,,,,,,,,,,
,,,,,,,,,,,,,,,,,,,,,,,,,,,,,,,,,,,,,,,,,,,,,,,,,,,,,,,,,,,,,,,,,,,,
,,,,,,,,,,,,,,,,,,,,,,,,,,,,,,,,,,,,,,,,,,,,,,,,,,,,,,,,,,,,,,,,,,,,
,,,,,,,,,,,,,,,,,,,,,,,,,,,,,,,,,,,,,,,,,,,,,,,,,,,,,,,,,,,,,,,,,,,,
,,,,,,,,,,,,,,,,,,,,,,,,,,,,,,,,,,,,,,,,,,,,,,,,,,,,,,,,,,,,,,,,,,,,
,,,,,,,,,,,,,,,,,,,,,,,,,,,,,,,,,,,,,,,,,,,,,,,,,,,,,,,,,,,,,,,,,,,,
,,,,,,,,,,,,,,,,,,,,,,,,,,,,,,,,,,,,,,,,,,,,,,,,,,,,,,,,,,,,,,,,,,,,
,,,,,,,,,,,,,,,,,,,,,,,,,,,,,,,,,,,,,,,,,,,,,,,,,,,,,,,,,,,,,,,,,,,,
,,,,,,,,,,,,,,,,,,,,,,,,,,,,,,,,,,,,,,,,,,,,,,,,,,,,,,,,,,,,,,,,,,,,
,,,,,,,,,,,,,,,,,,,,,,,,,,,,,,,,,,,,,,,,,,,,,,,,,,,,,,,,,,,,,,,,,,,,
,,,,,,,,,,,,,,,,,,,,,,,,,,,,,,,,,,,,,,,,,,,,,,,,,,,,,,,,,,,,,,,,,,,,
,,,,,,,,,,,,,,,,,,,,,,,,,,,,,,,,,,,,,,,,,,,,,,,,,,,,,,,,,,,,,,,,,,,,
,,,,,,,,,,,,,,,,,,,,,,,,,,,,,,,,,,,,,,,,,,,,,,,,,,,,,,,,,,,,,,,,,,,,
,,,,,,,,,,,,,,,,,,,,,,,,,,,,,,,,,,,,,,,,,,,,,,,,,,,,,,,,,,,,,,,,,,,,
,,,,,,,,,,,,,,,,,,,,,,,,,,,,,,,,,,,,,,,,,,,,,,,,,,,,,,,,,,,,,,,,,,,,
,,,,,,,,,,,,,,,,,,,,,,,,,,,,,,,,,,,,,,,,,,,,,,,,,,,,,,,,,,,,,,,,,,,,
,,,,,,,,,,,,,,,,,,,,,,,,,,,,,,,,,,,,,,,,,,,,,,,,,,,,,,,,,,,,,,,,,,,,
,,,,,,,,,,,,,,,,,,,,,,,,,,,,,,,,,,,,,,,,,,,,,,,,,,,,,,,,,,,,,,,,,,,,
,,,,,,,,,,,,,,,,,,,,,,,,,,,,,,,,,,,,,,,,,,,,,,,,,,,,,,,,,,,,,,,,,,,,
,,,,,,,,,,,,,,,,,,,,,,,,,,,,,,,,,,,,,,,,,,,,,,,,,,,,,,,,,,,,,,,,,,,,
