Source,URL,year,Longitude,Latitude,pH,CEC,Sand,Silt,Clay,Corg
SoilGrids,https://soilgrids.org,2024,23.535833,-19.845555999999998,7.7,14.8,56,13,31,2.9
SoilGrids,https://soilgrids.org,2024,25.476111,-18.604444000000001,6.2,40.200000000000003,32,11,57,0.5
SoilGrids,https://soilgrids.org,2024,25.628056000000001,-18.619721999999999,5.0999999999999996,1.2,88,3,7.7,0.1
SoilGrids,https://soilgrids.org,2024,26.893611,-23.080556000000001,5.0999999999999996,2.5499999999999998,78,9,13,0.1
SoilGrids,https://soilgrids.org,2024,27.014721999999999,-22.748888999999998,5.8,3.5,69,4,27,0.2
SoilGrids,https://soilgrids.org,2024,27.302222,-20.998888999999998,7.5,12.2,45,5,50,0.3
SoilGrids,https://soilgrids.org,2024,28.041111000000001,-21.905277999999999,9.6999999999999993,7.5,77,13,10,0.2
SoilGrids,https://soilgrids.org,2024,-156.247085599999,20.812084200000001,5.2,0.7,25.8,35.6,38.6,5.26
SoilGrids,https://soilgrids.org,2024,-132.93333440000001,54.9375,4.9000000000000004,5.2,48.1,51.5,0.4,2.13
SoilGrids,https://soilgrids.org,2024,-124.3683319,43.1822205,5.2,0.3,93.9,5.4,0.7,0.3
SoilGrids,https://soilgrids.org,2024,-124.0998001,43.3898048,4.5,34.1,21.1,47.7,31.2,0.31
SoilGrids,https://soilgrids.org,2024,-124.04166410000001,44.474998499999998,4.9000000000000004,5.2,49.6,45.2,5.2,5.91
SoilGrids,https://soilgrids.org,2024,-123.958335899999,44.5583344,4.9000000000000004,11.45,37.6,46,16.399999999999999,4.8100000000000005
SoilGrids,https://soilgrids.org,2024,-123.1500015,47.538887000000003,5.2,3,37,48.6,14.4,2.23
SoilGrids,https://soilgrids.org,2024,-122.9369023,38.144889399999997,5.5,3.45,94,3.9,2.1,1.17
SoilGrids,https://soilgrids.org,2024,-122.625,43.283332799999997,5.5,60.3,64.599999999999994,24.8,10.6,34.450000000000003
SoilGrids,https://soilgrids.org,2024,-121.8722229,48.144443500000001,5,2.15,52.5,34.9,12.6,2.42
SoilGrids,https://soilgrids.org,2024,-121.03555299999999,46.666942599999999,5.6,5.25,43.7,51.3,5,0.96
SoilGrids,https://soilgrids.org,2024,-119.95545199999999,39.411281600000002,5.6,6.55,40.4,44.3,15.3,0.15
SoilGrids,https://soilgrids.org,2024,-117.1344452,32.846668200000003,4.0999999999999996,18.850000000000001,27.4,28.3,44.3,0.21000000000000002
SoilGrids,https://soilgrids.org,2024,-111.184166,44.528610200000003,5.6,5.35,26.3,62.7,11,1.8
SoilGrids,https://soilgrids.org,2024,-110.1361084,44.467220300000001,5,11,43.1,47.2,9.6999999999999993,1.92
SoilGrids,https://soilgrids.org,2024,-94.2914806,37.2064667,5.7,11,17.8,35.9,46.3,0.1
SoilGrids,https://soilgrids.org,2024,-94.177075000000002,37.090688900000004,5.2,7,23.4,50.3,26.3,0.1
SoilGrids,https://soilgrids.org,2024,-94.138137799999996,39.9842491,5.6,30,2.2999999999999998,49.7,48,0.7
SoilGrids,https://soilgrids.org,2024,-94.063874999999996,37.555333300000001,5.0999999999999996,11.95,29.3,32.299999999999997,38.4,0.4
SoilGrids,https://soilgrids.org,2024,-94.048614499999999,37.574165299999997,5.9,11,25.8,41.5,32.700000000000003,0.09
SoilGrids,https://soilgrids.org,2024,-93.982922200000004,39.916247200000001,6.2,18,15.4,66.3,18.399999999999999,1.2
SoilGrids,https://soilgrids.org,2024,-93.845050000000001,37.8048377,4.9000000000000004,13,10.199999999999999,45.5,44.3,0.4
SoilGrids,https://soilgrids.org,2024,-93.817222599999994,37.3122215,5,24.05,7,9.5,83.5,0.2
SoilGrids,https://soilgrids.org,2024,-93.686111499999996,31.692777599999999,4.7,14.15,22.1,20.8,57.1,0.42000000000000004
SoilGrids,https://soilgrids.org,2024,-93.5155563,30.9141674,5,10.8,39,42,19,0.05
SoilGrids,https://soilgrids.org,2024,-93.365708299999994,37.796213899999998,6.3,26,13.6,22.6,63.8,0.2
SoilGrids,https://soilgrids.org,2024,-93.298057600000007,37.7386093,5.3,11.2,18.600000000000001,63.6,17.899999999999999,1.8
SoilGrids,https://soilgrids.org,2024,-93.144447299999996,30.949443800000001,5.0999999999999996,2.8,56.4,26.4,17.2,0.02
SoilGrids,https://soilgrids.org,2024,-93.126113899999993,31.174167600000001,5.3,1.85,56.4,32.299999999999997,11.3,0.24
SoilGrids,https://soilgrids.org,2024,-93.099166699999998,39.900277799999998,5,31,2.8,39.700000000000003,57.5,1
SoilGrids,https://soilgrids.org,2024,-92.850777800000003,40.321972199999998,5.3,20.75,3.6,55.1,41.3,0.6
SoilGrids,https://soilgrids.org,2024,-92.766666700000002,39,6.3,26.1,2.9,65.3,31.7,0.6
SoilGrids,https://soilgrids.org,2024,-92.760358299999993,38.7583056,6.2,21.05,25.8,43.5,30.8,0.4
SoilGrids,https://soilgrids.org,2024,-92.755555599999994,37.612499999999997,5,13.5,7.8,45,47.2,0.2
SoilGrids,https://soilgrids.org,2024,-92.623944399999999,38.849111100000002,5.6,11.3,5.5,73.3,21.3,0.6
SoilGrids,https://soilgrids.org,2024,-92.622427799999997,40.060722200000001,5.7,20,8.1999999999999993,51.7,40.1,0.1
SoilGrids,https://soilgrids.org,2024,-92.587205600000004,36.93535,6.3,4.2,83.7,8.1999999999999993,8.1,0.5
SoilGrids,https://soilgrids.org,2024,-92.576111100000006,37.735555599999998,5,15,6.5,40.700000000000003,52.8,0.3
SoilGrids,https://soilgrids.org,2024,-92.506001800000007,37.021183399999998,5.5,3,28.5,60.9,10.6,0.8
SoilGrids,https://soilgrids.org,2024,-92.421111100000005,36.662777800000001,6.3,17.100000000000001,1.5,16.2,82.3,0.3
SoilGrids,https://soilgrids.org,2024,-92.414281299999999,38.2709014,4.8,15.25,3.8,62.1,34,0.2
SoilGrids,https://soilgrids.org,2024,-92.413027799999995,39.242888899999997,4.7,19.149999999999999,6.3,63.7,30,0.3
SoilGrids,https://soilgrids.org,2024,-92.354672399999998,38.463314699999998,5.3,2.85,28.4,62.9,8.6999999999999993,0.9
SoilGrids,https://soilgrids.org,2024,-92.345169067382798,38.967266082763601,7.9,4,28.8,50.9,20.3,0.6
SoilGrids,https://soilgrids.org,2024,-92.344999999999999,38.967222200000002,4.5999999999999996,21,6.6,67,33.6,0.3
SoilGrids,https://soilgrids.org,2024,-92.332984999999994,38.453460200000002,5.8,13.1,4.9000000000000004,76.7,18.3,2.2000000000000002
SoilGrids,https://soilgrids.org,2024,-92.268841699999996,36.796472199999997,5,10,8.6999999999999993,62.4,28.9,0.3
SoilGrids,https://soilgrids.org,2024,-92.260704000000004,38.382551900000003,5.3,3,30.3,59.9,9.8000000000000007,0.3
SoilGrids,https://soilgrids.org,2024,-92.230777799999998,37.823833299999997,4.5999999999999996,4,11.2,78.2,10.6,0.8
SoilGrids,https://soilgrids.org,2024,-92.216667200000003,38.900001500000002,5,6.75,6.2,78.7,15.1,0.38
SoilGrids,https://soilgrids.org,2024,-92.213611099999994,39.540277799999998,5.3,5.3,55.8,34,10.199999999999999,0.2
SoilGrids,https://soilgrids.org,2024,-92.174944400000001,36.7871667,4.9000000000000004,9,6.5,39.9,53.6,0.1
SoilGrids,https://soilgrids.org,2024,-92.165555600000005,39.045277800000001,5,26.75,2,41.8,56.2,0.8
SoilGrids,https://soilgrids.org,2024,-92.157657499999999,37.015350599999998,5.9,10,27.2,61.2,11.6,4.5999999999999996
SoilGrids,https://soilgrids.org,2024,-92.145733300000003,36.990052800000001,4.7,5,14.2,74.2,11.6,3.3
SoilGrids,https://soilgrids.org,2024,-92.140584200000006,36.9482809,5.0999999999999996,2,41.9,50.5,7.6,1.2
SoilGrids,https://soilgrids.org,2024,-92,36,5.6,2.8,74.2,22.2,3.6,1.2
SoilGrids,https://soilgrids.org,2024,-91.988080600000004,36.991455600000002,4.8,11,18.399999999999999,42.6,39,0.1
SoilGrids,https://soilgrids.org,2024,-91.868611099999995,39.179444400000001,4.9000000000000004,2.0499999999999998,68,28.7,3.3,0.1
SoilGrids,https://soilgrids.org,2024,-91.7733889,38.718888900000003,4.9000000000000004,22.95,5,52.9,42.1,0.4
SoilGrids,https://soilgrids.org,2024,-91.581055599999999,38.8828611,7.4,10,12.4,71.8,15.8,0.3
SoilGrids,https://soilgrids.org,2024,-91.535388900000001,38.866,6.9,13.1,9.6,77.7,12.7,2.1
SoilGrids,https://soilgrids.org,2024,-91.45975,38.674777800000001,5.2,16,2.1,62.8,35.1,0.3
SoilGrids,https://soilgrids.org,2024,-91.420736099999999,37.312049999999999,4.7,15.25,10.5,23.2,66.3,0.1
SoilGrids,https://soilgrids.org,2024,-91.406388899999996,38.8522222,4.4000000000000004,15,13.6,60.9,25.5,0.1
SoilGrids,https://soilgrids.org,2024,-91.386491699999993,37.299322199999999,5.5,4,17.2,55.8,27,0.4
SoilGrids,https://soilgrids.org,2024,-91.3546944,39.151027800000001,5.2,29.15,1.8,39.1,59,1.1000000000000001
SoilGrids,https://soilgrids.org,2024,-91.345944399999993,37.378525000000003,5,17.5,14.6,17.600000000000001,67.7,0.6
SoilGrids,https://soilgrids.org,2024,-91.255569399999999,37.104277799999998,4.9000000000000004,20,6.9,26.1,67,0.1
SoilGrids,https://soilgrids.org,2024,-91.245530599999995,37.574838900000003,5,4.3499999999999996,47.4,31.3,21.2,0.1
SoilGrids,https://soilgrids.org,2024,-91.194555300000005,37.916162999999997,6.3,12,18,73.599999999999994,8.4,2.9
SoilGrids,https://soilgrids.org,2024,-91.152703000000002,37.801962799999998,4.8,18,16.600000000000001,36.700000000000003,46.7,0.2
SoilGrids,https://soilgrids.org,2024,-91.095924999999994,37.1460972,5.7,9,17.8,40.1,65.3,0.2
SoilGrids,https://soilgrids.org,2024,-91.095686099999995,37.146147200000001,5.2,2,26,60.2,13.8,0.3
SoilGrids,https://soilgrids.org,2024,-91.090461099999999,37.094636100000002,4.7,16.399999999999999,0.6,7.6,91.8,0.1
SoilGrids,https://soilgrids.org,2024,-91.052402799999996,37.316269400000003,4.9000000000000004,4,24.7,54.3,21,0.1
SoilGrids,https://soilgrids.org,2024,-91.048505599999999,37.3181528,4.5999999999999996,14,9.3000000000000007,55.1,35.6,0.6
SoilGrids,https://soilgrids.org,2024,-91.039599999999993,37.3213194,4.7,5,19.399999999999999,66.900000000000006,13.7,0.1
SoilGrids,https://soilgrids.org,2024,-90.960800300000002,38.104919299999999,5.8,11.05,9.5,68.2,22.3,2.2999999999999998
SoilGrids,https://soilgrids.org,2024,-90.913416699999999,38.626477800000004,4,22,2.6,60.8,36.6,0.3
SoilGrids,https://soilgrids.org,2024,-90.652900700000004,37.085132600000001,5.3,3,56.3,30.7,13,0.3
SoilGrids,https://soilgrids.org,2024,-90.583055599999994,38.978611100000002,4.5999999999999996,3.4,4.3,84,11.7,1.2
SoilGrids,https://soilgrids.org,2024,-90.486114499999999,37.247222899999997,5.0999999999999996,4,46.7,18.5,34.799999999999997,0.1
SoilGrids,https://soilgrids.org,2024,-90.368331900000001,37.582637800000001,4.7,6.15,59.1,22.9,18,0.1
SoilGrids,https://soilgrids.org,2024,-90.335220300000003,37.4273338,4.8,14,6.1,54.3,39.6,0.1
SoilGrids,https://soilgrids.org,2024,-90.304885900000002,37.339359299999998,5.2,7,5,77,18,2.2999999999999998
SoilGrids,https://soilgrids.org,2024,-90.256881699999994,37.306419400000003,4.8,5,21.1,51.7,27.2,0.1
SoilGrids,https://soilgrids.org,2024,-90.179222100000004,37.425861400000002,5,14.9,4.5,61.8,33.6,0.3
SoilGrids,https://soilgrids.org,2024,-90.127357500000002,37.420799299999999,4.5,12.4,8.1,30.7,61.2,0.1
SoilGrids,https://soilgrids.org,2024,-90.050826999999998,36.817127200000002,5.2,12,1.7,71.3,27,0.2
SoilGrids,https://soilgrids.org,2024,-90.044380200000006,36.772365600000001,5.2,11,4.3,67.900000000000006,27.8,0.4
SoilGrids,https://soilgrids.org,2024,-89.959190399999997,36.486751599999998,6.1,1,89.1,7.8,3.1,0.1
SoilGrids,https://soilgrids.org,2024,-89.919426000000001,37.064273800000002,6.3,4,22.2,67.5,10.3,0.6
SoilGrids,https://soilgrids.org,2024,-89.910621599999999,37.566890700000002,6,10,4.7,74.400000000000006,20.9,0.7
SoilGrids,https://soilgrids.org,2024,-89.881927500000003,37.355110199999999,4.4000000000000004,9,6.3,75.2,18.5,0.04
SoilGrids,https://soilgrids.org,2024,-89.574333199999998,36.537387799999998,5,7,85.2,8.9,5.9,0.1
SoilGrids,https://soilgrids.org,2024,-89.348335300000002,37.272777599999998,4.7,13.3,1.8,78,20.2,0.06
SoilGrids,https://soilgrids.org,2024,-88.918667299999996,37.362292099999998,4.5,2.9,28.9,59.1,12,0.62
SoilGrids,https://soilgrids.org,2024,-88.528381300000007,38.636993400000001,4.9000000000000004,12,33.9,40.700000000000003,25.4,0.15
SoilGrids,https://soilgrids.org,2024,-88.455314599999994,33.9529152,5.3,5.15,38.799999999999997,29.4,31.8,0.05
SoilGrids,https://soilgrids.org,2024,-87.556663499999999,31.302221299999999,5,1.45,42.566665999999998,9.8000000000000007,47.633335000000002,0.02
SoilGrids,https://soilgrids.org,2024,-87.366943399999997,35.790000900000003,5.2,5,7.9,60.4,31.7,0.13
SoilGrids,https://soilgrids.org,2024,-86.849723800000007,39.310276000000002,5.0999999999999996,6.3,7.7,75.7,16.600000000000001,1.17
SoilGrids,https://soilgrids.org,2024,-86.783325199999993,31.085210799999999,5.2,0.95,79.099999999999994,2.1,18.8,0.04
SoilGrids,https://soilgrids.org,2024,-85.797729500000003,46.186943100000001,5.0999999999999996,2.4,74.599999999999994,19.5,5.9,0.57999999999999996
SoilGrids,https://soilgrids.org,2024,-85.713058500000002,38.816112500000003,4.9000000000000004,6.85,19.3,59.5,21.2,6.9999999999999993E-2
SoilGrids,https://soilgrids.org,2024,-83.957496599999999,35.195835099999996,4.3,3.15,33.5,43.5,23,2.2199999999999998
SoilGrids,https://soilgrids.org,2024,-83.906570400000007,32.558227500000001,5.2,3.35,55.6,19.8,24.6,0.94000000000000006
SoilGrids,https://soilgrids.org,2024,-82.497222899999997,33.282501199999999,5,1,65,6,29,0.18
SoilGrids,https://soilgrids.org,2024,-80.161388900000006,40.147222200000002,5.2,11,23.1,52.6,24.3,0.12
SoilGrids,https://soilgrids.org,2024,-79.678055599999993,41.6516667,5.4,11,10.1,62.4,27.5,0.38
SoilGrids,https://soilgrids.org,2024,-79.302780200000001,33.3855553,5.45,34.4,8.3000000000000007,22.1,69.599999999999994,13.85
SoilGrids,https://soilgrids.org,2024,-78.933914200000004,36.307300599999998,4.7,22,3.3,59.5,37.200000000000003,0.16999999999999998
SoilGrids,https://soilgrids.org,2024,-78.547775299999998,35.365001700000001,4.3,4.25,53.8,20,26.2,0.11000000000000001
SoilGrids,https://soilgrids.org,2024,-78.444722200000001,41.063333299999996,4.7,2,62.3,27.5,10.199999999999999,1.8
SoilGrids,https://soilgrids.org,2024,-77.473055599999995,40.207222199999997,5.2,6,18.3,60.6,21.1,1.8699999999999999
SoilGrids,https://soilgrids.org,2024,-77.183333333333294,1.1666666666666701,4.9000000000000004,6.7,28,55,17,13.059999999999999
SoilGrids,https://soilgrids.org,2024,-76.0833333333333,-5.7666666666666702,4.5999999999999996,4.4000000000000004,45,36,19,0.59000000000000008
SoilGrids,https://soilgrids.org,2024,-76.048614499999999,35.531944299999999,5.2,5,22.2,70.900000000000006,6.9,2.21
SoilGrids,https://soilgrids.org,2024,-76.028633099999993,36.865940100000003,4.9000000000000004,5,22.9,51.8,25.3,0.41
SoilGrids,https://soilgrids.org,2024,-75.608047499999998,37.571182299999997,4.2,1,98.5,0.8,0.7,0
SoilGrids,https://soilgrids.org,2024,-75.5823441,37.964965800000002,4.5999999999999996,24,45.5,27,27.5,34.910000000000004
SoilGrids,https://soilgrids.org,2024,-75.366668700000005,39.638889300000002,4.2,7,59.8,17.399999999999999,22.8,0.13999999999999999
SoilGrids,https://soilgrids.org,2024,-75.150000000000006,38.216666699999998,4.5,6.45,75,22.4,2.6,4.8600000000000003
SoilGrids,https://soilgrids.org,2024,-73.366699999999994,-7.5,5.2,24.9,44.8,31,24.2,0.8
SoilGrids,https://soilgrids.org,2024,-72.837013200000001,42.9749756,4.8,1.1499999999999999,70.099999999999994,26.2,3.7,0.85
SoilGrids,https://soilgrids.org,2024,-72.802780200000001,42.851387000000003,4.5999999999999996,3.3,67.5,28.6,3.9,2.93
SoilGrids,https://soilgrids.org,2024,-72.511459350585895,41.416099548339801,4.3,2.85,47.2,42.4,10.4,1.78
SoilGrids,https://soilgrids.org,2024,-71.031111100000004,41.935277800000001,4.5999999999999996,1.1499999999999999,84.1,12.5,3.4,1.1400000000000001
SoilGrids,https://soilgrids.org,2024,-70.933333333333294,4.56666666666667,5.0999999999999996,1.7,6,42,52,1.17
SoilGrids,https://soilgrids.org,2024,-70.6666666666667,-9.75,5.8,16.100000000000001,30,38,32,1.28
SoilGrids,https://soilgrids.org,2024,-68.6785,44.933361099999999,4.7,3.4,46.2,44.9,8.9,1.47
SoilGrids,https://soilgrids.org,2024,-67,-8.5,4.4000000000000004,4,27,51,22,0.13
SoilGrids,https://soilgrids.org,2024,-66.933300000000003,-1.6167,4.0999999999999996,4.2,63.9,18.600000000000001,17.5,0.7
SoilGrids,https://soilgrids.org,2024,-64.25,8.8999995999999992,4.7,0.8,80,7,13,0.24
SoilGrids,https://soilgrids.org,2024,-63.966700000000003,-8.3833000000000002,4.5,4.9000000000000004,27,55,18,2.15
SoilGrids,https://soilgrids.org,2024,-62.933300000000003,-10.1167,5,4,37,23,40,0.43
SoilGrids,https://soilgrids.org,2024,-58.116700000000002,-9.2166999999999994,4.3,2.2000000000000002,26.7,21.1,52.1,0.2
SoilGrids,https://soilgrids.org,2024,-55.716666666666697,5.25,5,1,89,3,8,0.49000000000000005
SoilGrids,https://soilgrids.org,2024,-55.3,-5.8167,4.4000000000000004,7.7,12,41,47,0.54
SoilGrids,https://soilgrids.org,2024,-53.9833,-14.566700000000001,5.0999999999999996,8.1,53,14,32,0.9
SoilGrids,https://soilgrids.org,2024,-52.416699999999999,-13.966699999999999,5.7,3.8,47,6,47,0.8
SoilGrids,https://soilgrids.org,2024,-50.416699999999999,-9.0667000000000009,4.0999999999999996,1.5,63.8,21.8,14.4,0.7
SoilGrids,https://soilgrids.org,2024,-50.216700000000003,-23.966699999999999,4.9000000000000004,16.3,25,25,50,1.1800000000000002
SoilGrids,https://soilgrids.org,2024,-48.7333,-15.166700000000001,5.8,4.2,12,28,60,0.61
SoilGrids,https://soilgrids.org,2024,-44.833300000000001,-3.35,4.2,38.9,2,36,62,4.83
SoilGrids,https://soilgrids.org,2024,-40.283299999999997,-7.7832999999999997,5.3,3.5,66.5,4,29,0.2
SoilGrids,https://soilgrids.org,2024,-36.799999999999997,-6.4166999999999996,5.9,9.9,53,36,11,1.44
SoilGrids,https://soilgrids.org,2024,-16.787777777777801,32.706944444444403,5.4,4,29,39,32,6
SoilGrids,https://soilgrids.org,2024,-15.23,16.52,7.4,4,86,4,10,0.15
SoilGrids,https://soilgrids.org,2024,-11.17,7.22,4.8,1.75,53,15,32,1.34
SoilGrids,https://soilgrids.org,2024,-10.77,6.4589999999999996,4.5999999999999996,3.8,53,14,33,5.89
SoilGrids,https://soilgrids.org,2024,-7.983333,12.666667,5.2,7.35,13,10,77,0.16999999999999998
SoilGrids,https://soilgrids.org,2024,-7.4350610000000001,4.4762139999999997,5.2,8.35,35.700000000000003,16.899999999999999,47.4,0.3
SoilGrids,https://soilgrids.org,2024,-1.6666700000000001,6.6666699999999999,4.9000000000000004,1.85,36.200000000000003,10.1,53.7,0.21000000000000002
SoilGrids,https://soilgrids.org,2024,-1.032011,11.708335,6.6,4.0999999999999996,31.5,29.8,38.799999999999997,0.2
SoilGrids,https://soilgrids.org,2024,0.94166700000000003,11.0722,6,15.4,31.4,42.7,25.5,0.24
SoilGrids,https://soilgrids.org,2024,1.738056,13.108333,6.3,4.8,32,46,22,0.22999999999999998
SoilGrids,https://soilgrids.org,2024,1.8436110000000001,13.638056000000001,7.3,6.8,46,24,30,0.3
SoilGrids,https://soilgrids.org,2024,2.0017999999999998,7.2237,7.2,11.2,46,5,49,2
SoilGrids,https://soilgrids.org,2024,2.0833330000000001,13.533333000000001,4.5999999999999996,1.1499999999999999,88.5,3.2,8.3000000000000007,0.09
SoilGrids,https://soilgrids.org,2024,2.1044999999999998,7.4992000000000001,7.3,26.9,46,26,28,0.7
SoilGrids,https://soilgrids.org,2024,2.2576000000000001,7.2542999999999997,6.8,8.1,76,17,7,1.5
SoilGrids,https://soilgrids.org,2024,2.403,7.4095000000000004,6.3,7.1,49,18,9,1
SoilGrids,https://soilgrids.org,2024,2.5177999999999998,7.4993999999999996,7.4,5.6,77,13,10,1
SoilGrids,https://soilgrids.org,2024,2.5554000000000001,7.1288999999999998,6.7,12.9,69,14,17,1.5
SoilGrids,https://soilgrids.org,2024,3.8837899999999999,7.495495,6.3,4.2,38,10,52,0.49000000000000005
SoilGrids,https://soilgrids.org,2024,4.1100000000000003,8.8650000000000002,7,5.4,77,12,12,0.41
SoilGrids,https://soilgrids.org,2024,4.5185000000000004,8.4749999999999996,5.7,11.3,48.8,27,24.2,0.35
SoilGrids,https://soilgrids.org,2024,7.18472222222222,48.371666666666698,5.6,16.100000000000001,78,12,10,0.16999999999999998
SoilGrids,https://soilgrids.org,2024,10.1000003814697,54.333328247070298,4.4000000000000004,1.1000000000000001,83.7,16,0.3,0.18
SoilGrids,https://soilgrids.org,2024,10.483667000000001,2.9546670000000002,5.4,4.75,28,39,33,0.1
SoilGrids,https://soilgrids.org,2024,11.45,3.6333329999999999,6.9,6.3,47.7,3.3,49,0.43
SoilGrids,https://soilgrids.org,2024,11.516667,3.5833330000000001,4.8,3.65,35.299999999999997,6.9,57.8,0.44000000000000006
SoilGrids,https://soilgrids.org,2024,12.116667,3.3833329999999999,5.5,5.6,57.1,9.3000000000000007,33.6,1.2
SoilGrids,https://soilgrids.org,2024,12.716666999999999,3.9166669999999999,4.9000000000000004,2.75,31,1.4,67.599999999999994,0.45
SoilGrids,https://soilgrids.org,2024,13.364875,-12.936119,8.6999999999999993,15.1,83.1,4.7,12.3,0.31
SoilGrids,https://soilgrids.org,2024,13.372854,-13.971251000000001,6.8,5.3,88.8,5.2,5.3,0.45999999999999996
SoilGrids,https://soilgrids.org,2024,13.881546999999999,-11.586448000000001,6.8,8,57.8,5.3,19.899999999999999,0.41
SoilGrids,https://soilgrids.org,2024,14.899999599999999,-5.4499997999999996,4.5999999999999996,4.25,39.9,24.8,35.299999999999997,0.43
SoilGrids,https://soilgrids.org,2024,15.31884,-9.9084710000000005,6.2,5.4,89.3,3.4,7.3,0.37
SoilGrids,https://soilgrids.org,2024,15.782628000000001,-9.4213310000000003,6.1,4.3,75,7,18,0.89
SoilGrids,https://soilgrids.org,2024,17.081955000000001,-9.2745870000000004,6,8.1999999999999993,83.7,2.2000000000000002,14.1,0.89
SoilGrids,https://soilgrids.org,2024,23.178332999999999,-20.259722,8.1,8.5,86,4,10,0.2
SoilGrids,https://soilgrids.org,2024,23.533332999999999,-19.849443999999998,6.5,21.1,48,9,44,0.2
SoilGrids,https://soilgrids.org,2024,23.616944,-19.763611000000001,6.7,8.6999999999999993,77,9,14,1.7
SoilGrids,https://soilgrids.org,2024,23.628056000000001,-19.763888999999999,6.1,16.3,47,13,35,0.1
SoilGrids,https://soilgrids.org,2024,23.8,-19.133333,7.5,7.3,86,6,12,1.4
SoilGrids,https://soilgrids.org,2024,24.254166999999999,-18.263332999999999,10.1,47.9,16,30,54,0.3
SoilGrids,https://soilgrids.org,2024,24.706944,-19.551389,6.7,4.3,91,6,3,0.3
SoilGrids,https://soilgrids.org,2024,24.766667000000002,-19.915278000000001,8.1,45.7,34,5,57,0.7
SoilGrids,https://soilgrids.org,2024,25.476111,-18.604444000000001,7.7,39.299999999999997,28,8,64,0.4
SoilGrids,https://soilgrids.org,2024,25.628056000000001,-18.619721999999999,5.0999999999999996,1.1499999999999999,92,4,5,0.2
SoilGrids,https://soilgrids.org,2024,26.136109999999999,-25.433330000000002,6.3,13.4,40,14,43,0.5
SoilGrids,https://soilgrids.org,2024,26.276430999999999,-15.696697,4.9000000000000004,1.5,89.7,7.3,3,0.13999999999999999
SoilGrids,https://soilgrids.org,2024,26.627777999999999,-23.130555999999999,8.1,84.3,18,4,78,0.3
SoilGrids,https://soilgrids.org,2024,26.837204,-12.006949000000001,5.8,1.25,41,29,30,0.2
SoilGrids,https://soilgrids.org,2024,26.893611,-23.080556000000001,7,3.8,84,5,11,0.3
SoilGrids,https://soilgrids.org,2024,27.014721999999999,-22.748888999999998,5.2,3.1,68,5,27,0.3
SoilGrids,https://soilgrids.org,2024,27.302222,-20.998888999999998,5.3,9.3000000000000007,70,4,26,0.4
SoilGrids,https://soilgrids.org,2024,28.041111000000001,-21.905277999999999,10.199999999999999,3.5,38,23,39,0.1
SoilGrids,https://soilgrids.org,2024,28.05,-28.866667,5.4,2.65,50,31.6,18.399999999999999,0.65999999999999992
SoilGrids,https://soilgrids.org,2024,28.431110400000001,-20.0333328,5.0999999999999996,1,88,2.7,9,0.1
SoilGrids,https://soilgrids.org,2024,28.466667000000001,-15.383333,6.2,4.5999999999999996,42,16,42,0.24
SoilGrids,https://soilgrids.org,2024,29.332999999999998,-3.2332999999999998,6.3,25.1,59,10,32,0.1
SoilGrids,https://soilgrids.org,2024,29.905280000000001,-31.005279999999999,5.4,2.6,28,29,41,1.02
SoilGrids,https://soilgrids.org,2024,30.44,-1.91,5.4,7.7,50,7,43,1.75
SoilGrids,https://soilgrids.org,2024,30.658332999999999,-29.45,5.0999999999999996,4.1500000000000004,33.799999999999997,16.8,52.4,0.52
SoilGrids,https://soilgrids.org,2024,30.67,-27.473330000000001,5.4,2,28,13,57,1.8
SoilGrids,https://soilgrids.org,2024,31.044445,-17.7600002,5.6,10.1,23.1,17.2,59.7,0.37
SoilGrids,https://soilgrids.org,2024,31.199000000000002,-27.13,4.5,1.2,58,4,38,1.01
SoilGrids,https://soilgrids.org,2024,31.558,-26.431999999999999,5.5,5.2,87,9,4,2.73
SoilGrids,https://soilgrids.org,2024,31.75,-19.8,5.2,0.6,77,10,13,0.05
SoilGrids,https://soilgrids.org,2024,32.204166399999998,-20.825000800000002,7.2,85.4,8,19.100000000000001,74,1.95
SoilGrids,https://soilgrids.org,2024,33.409999999999997,-9.89,7.4,19.7,64,6,30,0.59000000000000008
SoilGrids,https://soilgrids.org,2024,33.666666999999997,16.850000000000001,7.7,55.4,44,14,42,0.27999999999999997
SoilGrids,https://soilgrids.org,2024,34.5,-0.75138899999999997,5.3,22.5,38.9,42,19.100000000000001,0.85
SoilGrids,https://soilgrids.org,2024,35.4,0.5,5.8,15.4,14,26,60,2.2999999999999998
SoilGrids,https://soilgrids.org,2024,36.648595,14.264480000000001,9.1999999999999993,65.8,30,34,36,0.5
SoilGrids,https://soilgrids.org,2024,36.737777999999999,-1.2502219999999999,9.1,89.1,50.5,38.6,10.9,0
SoilGrids,https://soilgrids.org,2024,36.752222000000003,-0.7,4.5,5.4,4.5999999999999996,39,56.5,4.01
SoilGrids,https://soilgrids.org,2024,36.85,-0.1166,8.4,24.8,44,16,40,0.42000000000000004
SoilGrids,https://soilgrids.org,2024,37.033299999999997,6.6600000000000006E-2,6.9,6.2,34,12,62,0.83000000000000007
SoilGrids,https://soilgrids.org,2024,37.159999999999997,-0.7,6.8,1.7,40,20,40,0.05
SoilGrids,https://soilgrids.org,2024,37.366667,-1.3769439999999999,4.7,9,31,8,61,0.61
SoilGrids,https://soilgrids.org,2024,37.619999999999997,-2.62,7.5,76.599999999999994,32,25,43,1
SoilGrids,https://soilgrids.org,2024,37.664999999999999,12.01,7.2,47.6,20,25,55,0.98000000000000009
SoilGrids,https://soilgrids.org,2024,38.396726999999998,4.6599089999999999,6.6,21.2,75,7,18,0.43
SoilGrids,https://soilgrids.org,2024,38.616667,-5.0999999999999996,5.6,2,34,18,48,0.6
SoilGrids,https://soilgrids.org,2024,38.763742999999998,-6.4164029999999999,5,2.5,80,6,14,0.19
SoilGrids,https://soilgrids.org,2024,38.798811000000001,4.686375,7,25.6,59,27,14,0.44000000000000006
SoilGrids,https://soilgrids.org,2024,39.324193999999999,8.4070280000000004,6.7,33.9,20,24,67,0.76
SoilGrids,https://soilgrids.org,2024,40.083333000000003,-14.816667000000001,7.1,24.7,35.1,23.4,41.4,1.92
SoilGrids,https://soilgrids.org,2024,43.384753000000003,9.6899280000000001,8.1,35.799999999999997,52,10,38,0.55999999999999994
SoilGrids,https://soilgrids.org,2024,47.498055999999998,-21.060555999999998,4.4000000000000004,1.3,46,33,30,1.03
SoilGrids,https://soilgrids.org,2024,91.495894645287805,27.1169673205879,5.2,1.35,27.2,51.4,21.5,6.9999999999999993E-2
SoilGrids,https://soilgrids.org,2024,101.616666666667,3.0333333333333301,4.3,1.3,75.900000000000006,4.3,19.7,1.41
SoilGrids,https://soilgrids.org,2024,116.184828,-32.315446999999999,6.1,0.6,55,15,37,0.55999999999999994
SoilGrids,https://soilgrids.org,2024,-155.448888888889,20.0683333333333,5.2,0.7,5,49,45,7.9099999999999993
SoilGrids,https://soilgrids.org,2024,-155.2250061,19.551389700000001,6.2,10.45,31.2,68.8,0,7.95
SoilGrids,https://soilgrids.org,2024,-155.09971619999899,19.744167300000001,5.5,1,58.6,24.9,16.5,1.65
SoilGrids,https://soilgrids.org,2024,-151.832305899999,59.752800000000001,4.5,6.95,32.4,59.7,7.9,3.6700000000000004
SoilGrids,https://soilgrids.org,2024,-151.23333740000001,61.5833321,5.6,9.5,30,65,5,1.47
SoilGrids,https://soilgrids.org,2024,-150.23803710000001,62.316215499999998,5.2,1.3,80,70.5,1.6,0.19
SoilGrids,https://soilgrids.org,2024,-148.97999569999899,63.731945000000003,5.7,2.8,69.599999999999994,27.4,3,0.08
SoilGrids,https://soilgrids.org,2024,-135.66667179999899,57.1833344,5.6,76.7,30.3,44.3,25.4,11.67
SoilGrids,https://soilgrids.org,2024,-133.6125031,55.966667200000003,5.0999999999999996,24,52.1,41.6,6.3,2.3899999999999997
SoilGrids,https://soilgrids.org,2024,-132.58332820000001,55.704166399999998,3.8,9,52.3,41.9,5.8,5.7299999999999995
SoilGrids,https://soilgrids.org,2024,-124.3219452,42.135833699999999,5.4,9.35,22.7,40.6,36.700000000000003,5.75
SoilGrids,https://soilgrids.org,2024,-124.0998001,43.3898048,4.4000000000000004,19.899999999999999,13.6,38.700000000000003,47.7,0.59000000000000008
SoilGrids,https://soilgrids.org,2024,-123.86000060000001,45.485553699999997,5.0999999999999996,7.65,14.3,58.7,27,10.959999999999999
SoilGrids,https://soilgrids.org,2024,-123.1583328,47.5416679,5.3,18.75,84.7,13.1,2.2000000000000002,0.62
SoilGrids,https://soilgrids.org,2024,-122.9563904,42.234722099999999,5.8,24.05,21.4,54.4,24.2,0.06
SoilGrids,https://soilgrids.org,2024,-122.9130554,42.231945000000003,6.1,23.1,27,52.8,20.2,0.3
SoilGrids,https://soilgrids.org,2024,-122.8913879,46.628887200000001,5,10.050000000000001,9.9,26.6,63.5,0.22999999999999998
SoilGrids,https://soilgrids.org,2024,-122.74166870000001,45.974998499999998,5,16.899999999999999,7.4,39.200000000000003,53.4,0.22999999999999998
SoilGrids,https://soilgrids.org,2024,-122.248054499999,46.325000799999998,4.3,2.85,87.3,11.2,1.5,1.72
SoilGrids,https://soilgrids.org,2024,-121.85111240000001,36.918056499999999,6.35,6,76.8,15.8,7.4,0.12
SoilGrids,https://soilgrids.org,2024,-121.5773652,39.916454799999997,5.3,3.95,32.200000000000003,50,17.8,6.9999999999999993E-2
SoilGrids,https://soilgrids.org,2024,-120.976387,39.186943100000001,5.5,5.85,18.8,38.5,42.7,0.51
SoilGrids,https://soilgrids.org,2024,-119.25096130371,37.499935150146399,5.2,0.9,88.9,11.1,0,0.54
SoilGrids,https://soilgrids.org,2024,-119.2166672,38.2458344,7.2,8.9499999999999993,80.3,13.6,6.1,0.69000000000000006
SoilGrids,https://soilgrids.org,2024,-118.90638730000001,37.133888200000001,5,2.1,81.2,17.5,1.3,1.7100000000000002
SoilGrids,https://soilgrids.org,2024,-118.28194430000001,44.9636116,5,2.8,79.8,18.8,1.4,1.69
SoilGrids,https://soilgrids.org,2024,-116.0350876,41.242122700000003,5.05,49,29.5,13.3,57.2,0.65
SoilGrids,https://soilgrids.org,2024,-116.020835899999,45.663887000000003,5.9333334000000004,2.7,45.066665999999998,51.233333999999999,3.7,2.3233334000000001
SoilGrids,https://soilgrids.org,2024,-115.9597244,46.534999800000001,5.2,6.5,78.400000000000006,8.9,12.7,0.03
SoilGrids,https://soilgrids.org,2024,-115.7963867,46.881111099999998,5.8,18.95,81.7,13.4,4.9000000000000004,0.09
SoilGrids,https://soilgrids.org,2024,-112.96944430000001,46.0052795,4,33.950000000000003,62.7,29.1,8.1999999999999993,8.09
SoilGrids,https://soilgrids.org,2024,-110.5094452,31.4974995,4.9000000000000004,21.8,60.2,10.4,29.4,0.22999999999999998
SoilGrids,https://soilgrids.org,2024,-108.86499790000001,36.075279199999997,5.9,15,67.400000000000006,25.2,7.4,2.58
SoilGrids,https://soilgrids.org,2024,-107.0263901,44.0216675,5.6,9.4,82.4,6.5,11.1,0.05
SoilGrids,https://soilgrids.org,2024,-106.3499985,37.4583321,5.5,14.65,38.4,51.2,10.4,1.7600000000000002
SoilGrids,https://soilgrids.org,2024,-105.1577759,37.295833600000002,5.3,11.55,60.9,25.8,13.3,5.35
SoilGrids,https://soilgrids.org,2024,-104.0008316,44.7647209,4.2,26.3,2.5,39.4,64,0.78
SoilGrids,https://soilgrids.org,2024,-103.99503326416,44.759120941162102,4.5,28.15,4.5,35.1,60.4,0.74
SoilGrids,https://soilgrids.org,2024,-96.957221984863196,28.874433517456001,7.1,13,67.2,8.1999999999999993,24.6,0
SoilGrids,https://soilgrids.org,2024,-96.616668700000005,31.032777800000002,6.65,8.35,43.2,27.1,29.7,0.32999999999999996
SoilGrids,https://soilgrids.org,2024,-96.347778300000002,40.7247238,5.2,10,47,37.200000000000003,15.8,1.3900000000000001
SoilGrids,https://soilgrids.org,2024,-95.703331000000006,30.495277399999999,4.3,1.4,69.5,5.9,58.1,0.04
SoilGrids,https://soilgrids.org,2024,-95.386085510253906,35.999809265136697,7.1,13.95,4.8,54.4,40.799999999999997,0.31
SoilGrids,https://soilgrids.org,2024,-95.099998499999998,32.436111500000003,5,6.25,54.4,17.8,27.8,0.09
SoilGrids,https://soilgrids.org,2024,-94.723854099999997,38.668376899999998,5.4,19,3,58.1,38.9,3.28
SoilGrids,https://soilgrids.org,2024,-94.711112999999997,31.261110299999999,7.6,3.95,39.5,28.2,32.299999999999997,0.1
SoilGrids,https://soilgrids.org,2024,-94.655555699999994,33.853889500000001,4.5999999999999996,5.25,22.4,61.8,15.8,0.16
SoilGrids,https://soilgrids.org,2024,-94.613574999999997,37.1739028,4.5,20.9,10.8,52.8,36.299999999999997,0.2
SoilGrids,https://soilgrids.org,2024,-94.569166699999997,37.3580556,5.0999999999999996,9,36.1,33.200000000000003,30.7,0.2
SoilGrids,https://soilgrids.org,2024,-94.561344399999996,36.542583299999997,5,7,9.3000000000000007,77.599999999999994,28.9,0.2
SoilGrids,https://soilgrids.org,2024,-94.501388899999995,37.516555599999997,6.2,21,22.3,34.299999999999997,43.4,1.1000000000000001
SoilGrids,https://soilgrids.org,2024,-94.495644400000003,36.657697200000001,4.0999999999999996,4,5.7,34.700000000000003,59.6,0.1
SoilGrids,https://soilgrids.org,2024,-94.494514499999994,36.653083799999997,4.3,17.75,7.5,27.2,65.3,0.1
SoilGrids,https://soilgrids.org,2024,-94.485105599999997,37.310244400000002,4.2,8.6,33.5,36.5,30,0.8
SoilGrids,https://soilgrids.org,2024,-94.416389499999994,29.9950008,5.4,23.05,9.6,44.9,45.5,1.1800000000000002
SoilGrids,https://soilgrids.org,2024,-94.383560200000005,37.033401499999997,7.1,17.95,9.8000000000000007,68.900000000000006,21.3,1.49
SoilGrids,https://soilgrids.org,2024,-94.3352778,29.992775000000002,4.75,32.15,10.3,32,57.7,0.44000000000000006
SoilGrids,https://soilgrids.org,2024,-94.314833300000004,30.479749999999999,5.0999999999999996,1.75,68.400000000000006,25.3,6.3,0.03
SoilGrids,https://soilgrids.org,2024,-94.3057917,36.8103056,5.5,10,26,59.8,14.2,26.5
SoilGrids,https://soilgrids.org,2024,-94.302780200000001,37.487220800000003,4.9000000000000004,6.75,47.6,30.4,22,0.67
SoilGrids,https://soilgrids.org,2024,-94.298611100000002,29.936111100000002,5,1.1000000000000001,87.9,9.3000000000000007,2.8,0.22000000000000003
SoilGrids,https://soilgrids.org,2024,-94.284955600000004,37.152563899999997,5.5,8,17.600000000000001,38.5,43.9,0.1
SoilGrids,https://soilgrids.org,2024,-94.270250000000004,36.631227799999998,5.5,3,27.8,58.5,13.7,0.3
SoilGrids,https://soilgrids.org,2024,-94.227558299999998,37.201999999999998,5.9,9,8.1,64.2,27.7,0.7
SoilGrids,https://soilgrids.org,2024,-94.208055599999994,36.714722199999997,5.0999999999999996,16,28.8,44.7,26.5,0.1
SoilGrids,https://soilgrids.org,2024,-94.186719400000001,37.175077799999997,5.3,7,9.9,77,13.1,2.2000000000000002
SoilGrids,https://soilgrids.org,2024,-94.186388899999997,37.198333300000002,6.8,19,11.2,74.8,14,1.4
SoilGrids,https://soilgrids.org,2024,-94.176594399999999,37.128658299999998,6.3,9,7.4,56.6,36,0.5
SoilGrids,https://soilgrids.org,2024,-94.166969300000005,39.830944100000004,6.3,26,9.4,45.4,45.2,0.3
SoilGrids,https://soilgrids.org,2024,-94.162547200000006,37.1000972,5.3,9,4,52,44,0.2
SoilGrids,https://soilgrids.org,2024,-94.159322200000005,37.277372200000002,6,16,8.6,57.3,34.1,0.8
SoilGrids,https://soilgrids.org,2024,-94.158713899999995,37.347963900000003,7.7,22,10.4,36.9,52.8,0.3
SoilGrids,https://soilgrids.org,2024,-94.127327800000003,36.7335639,4.7,14,9.1999999999999993,25.8,65,0.1
SoilGrids,https://soilgrids.org,2024,-94.116666699999996,37.139722200000001,7,7,5.2,78.400000000000006,16.399999999999999,1.4
SoilGrids,https://soilgrids.org,2024,-94.111313899999999,37.2034722,6,9.75,7.9,79.2,12.9,0.9
SoilGrids,https://soilgrids.org,2024,-94.106375,36.740558299999996,4.3,12,14.5,37.1,48.4,0.1
SoilGrids,https://soilgrids.org,2024,-94.082213899999999,37.3432806,5,11.4,69.599999999999994,17.8,12.6,0.4
SoilGrids,https://soilgrids.org,2024,-94.052674999999994,37.517975,6.1,7,34.799999999999997,49.4,15.8,1.8
SoilGrids,https://soilgrids.org,2024,-94.052314800000005,37.6734005,5,6,57.6,34.1,8.3000000000000007,0.4
SoilGrids,https://soilgrids.org,2024,-94.008580499999994,37.696946099999998,5.4,9,33.9,53.8,12.3,0.3
SoilGrids,https://soilgrids.org,2024,-93.984407599999997,37.639349600000003,5,8,34.1,45,20.9,1
SoilGrids,https://soilgrids.org,2024,-93.983361599999995,37.641683700000002,5.4,7,62.3,19.7,18,2.8
SoilGrids,https://soilgrids.org,2024,-93.982922200000004,39.916247200000001,8.1,26,20.399999999999999,35.4,44.2,0.1
SoilGrids,https://soilgrids.org,2024,-93.932169999999999,37.713798500000003,5.2,8,56.7,32.4,10.9,1.9
SoilGrids,https://soilgrids.org,2024,-93.924380499999998,37.709623700000002,6,22,3.2,21.2,46.3,0.2
SoilGrids,https://soilgrids.org,2024,-93.827499399999994,40.092498800000001,6.4,29,3.9,64.2,32.4,0.2
SoilGrids,https://soilgrids.org,2024,-93.810279800000004,37.323333699999999,4.7,18.3,8.9,44.8,46.3,0.19
SoilGrids,https://soilgrids.org,2024,-93.787551899999997,40.070667299999997,6.1,19,9.6999999999999993,55.8,34.5,0.5
SoilGrids,https://soilgrids.org,2024,-93.749444400000002,37.385833300000002,5.0999999999999996,3.7,45,46.3,8.6999999999999993,0.2
SoilGrids,https://soilgrids.org,2024,-93.746313900000004,37.5558944,5.6,5.2,55.2,24.6,20.2,0.2
SoilGrids,https://soilgrids.org,2024,-93.739202800000001,37.3834722,4.9000000000000004,13.95,47.6,42.4,10,3.9
SoilGrids,https://soilgrids.org,2024,-93.714996299999996,39.919166599999997,5.8,25,31.3,40.5,28.2,3.4
SoilGrids,https://soilgrids.org,2024,-93.705261199999995,40.337161999999999,5.8,17.25,38.6,30.3,31.2,0.1
SoilGrids,https://soilgrids.org,2024,-93.689910900000001,30.402446699999999,5.0999999999999996,4.1500000000000004,27.7,48.7,23.6,0.13999999999999999
SoilGrids,https://soilgrids.org,2024,-93.643890400000004,31.821666700000002,5.3,4.4000000000000004,49.1,31.4,19.5,0.13999999999999999
SoilGrids,https://soilgrids.org,2024,-93.565233300000003,37.5184389,5.9,34.799999999999997,14.5,73.5,12,0.6
SoilGrids,https://soilgrids.org,2024,-93.564966699999999,36.921858299999997,6.1,4,13.5,69.5,17,0.3
SoilGrids,https://soilgrids.org,2024,-93.538093599999996,44.061271699999999,5.4,22,27.5,40.4,32.1,2.88
SoilGrids,https://soilgrids.org,2024,-93.536111099999999,36.893055599999997,4.7,6,26.5,64.599999999999994,8.9,3.2
SoilGrids,https://soilgrids.org,2024,-93.528335600000005,31.084999100000001,4.8,18.05,2.1,55.9,42,2.6
SoilGrids,https://soilgrids.org,2024,-93.5155563,30.9141674,6.4,17.399999999999999,67,11.95,21.05,0.02
SoilGrids,https://soilgrids.org,2024,-93.4932333,37.771208299999998,5.5,15.5,2.5,74.3,23.2,2.7
SoilGrids,https://soilgrids.org,2024,-93.476944399999994,37.994444399999999,7.6,22,26.8,54.7,18.5,1.4
SoilGrids,https://soilgrids.org,2024,-93.476577758789006,30.773826599121001,4.4000000000000004,5.15,25.8,55.1,19.100000000000001,0.25
SoilGrids,https://soilgrids.org,2024,-93.461388900000003,36.940555600000003,5.0999999999999996,2.65,15,75,10,0.2
SoilGrids,https://soilgrids.org,2024,-93.449444400000004,36.9261111,6.3,11,12.1,73.3,14.6,0.4
SoilGrids,https://soilgrids.org,2024,-93.427777800000001,36.666111100000002,4.5999999999999996,7,8.6999999999999993,28,63.3,0.3
SoilGrids,https://soilgrids.org,2024,-93.421305599999997,37.203791699999996,6.4,13,15.8,42.5,41.7,0.2
SoilGrids,https://soilgrids.org,2024,-93.400933300000005,36.739041700000001,5.0999999999999996,15,4.2,59.8,36,0.2
SoilGrids,https://soilgrids.org,2024,-93.388549999999995,37.624141700000003,5.6,2,65.7,27.5,6.8,0.5
SoilGrids,https://soilgrids.org,2024,-93.375908300000006,36.644269399999999,5.3,22,27.4,59.4,13.2,0.3
SoilGrids,https://soilgrids.org,2024,-93.359238899999994,36.834155600000003,6.4,6,10.4,76.8,12.8,2
SoilGrids,https://soilgrids.org,2024,-93.353057899999996,41.1511116,6,20.8,44.5,34.9,20.6,0
SoilGrids,https://soilgrids.org,2024,-93.340555600000002,39.712499999999999,6,27,0.8,70.3,28.9,1
SoilGrids,https://soilgrids.org,2024,-93.338049999999996,37.101952799999999,5.3,7,6.1,66.400000000000006,27.5,0.2
SoilGrids,https://soilgrids.org,2024,-93.333825000000004,37.679488900000003,4.5999999999999996,16,7.6,45.5,46.9,0.4
SoilGrids,https://soilgrids.org,2024,-93.316972199999995,39.701711099999997,5.5,38.65,2,38.5,59.6,1.6
SoilGrids,https://soilgrids.org,2024,-93.302338899999995,39.686819399999997,6.4,25.9,0.3,62.4,37.200000000000003,1.3
SoilGrids,https://soilgrids.org,2024,-93.302222200000003,37.429166700000003,4.5,31.65,3,15.8,81.099999999999994,0.2
SoilGrids,https://soilgrids.org,2024,-93.270835899999994,34.4791679,5.4,2.4,40.299999999999997,29.1,30.6,0.18
SoilGrids,https://soilgrids.org,2024,-93.232498199999995,39.717777300000002,5.4,39,0.8,37.799999999999997,61.4,1.7100000000000002
SoilGrids,https://soilgrids.org,2024,-93.199165300000004,32.425277700000002,4.7,1.6,61.8,15.5,22.7,0.05
SoilGrids,https://soilgrids.org,2024,-93.1958889,39.576999999999998,5.0999999999999996,33.75,1.8,45,53.1,2.6
SoilGrids,https://soilgrids.org,2024,-93.178888900000004,40.1686111,5.8,6,82.7,11.9,5.3,0.5
SoilGrids,https://soilgrids.org,2024,-93.172775299999998,41.057777399999999,5,25.95,2,78.099999999999994,19.899999999999999,1.1599999999999999
SoilGrids,https://soilgrids.org,2024,-93.152222199999997,39.639166699999997,5.3,27,1.1000000000000001,60.9,38,1.5
SoilGrids,https://soilgrids.org,2024,-93.121009826660099,30.9107666015625,5,4.5999999999999996,51.4,21.8,26.8,0.16999999999999998
SoilGrids,https://soilgrids.org,2024,-92.875333299999994,38.750444399999999,7,4,2.4,83,14.6,0.3
SoilGrids,https://soilgrids.org,2024,-92.866668700000005,46.6833344,4.8,3.15,47.6,46,6.4,1.02
SoilGrids,https://soilgrids.org,2024,-92.845916700000004,38.860636100000001,7.4,11.6,4.0999999999999996,68.2,27.7,0.8
SoilGrids,https://soilgrids.org,2024,-92.835833300000004,37.536666699999998,4.9000000000000004,17,7.9,55.8,36.299999999999997,0.4
SoilGrids,https://soilgrids.org,2024,-92.834166699999997,37.638888899999998,5,18,13.5,67.3,19.2,0.1
SoilGrids,https://soilgrids.org,2024,-92.822502099999994,40.681110400000001,5.3,26.1,4.9000000000000004,74.599999999999994,20.5,2.25
SoilGrids,https://soilgrids.org,2024,-92.766666700000002,39,6,8.25,16.899999999999999,44.3,38.799999999999997,1
SoilGrids,https://soilgrids.org,2024,-92.751388899999995,37.6136111,5.4,10,10,64.5,25.5,0.2
SoilGrids,https://soilgrids.org,2024,-92.750502800000007,36.773811100000003,5.6,4,18.399999999999999,61.8,19.8,0.5
SoilGrids,https://soilgrids.org,2024,-92.744144399999996,36.679952800000002,6,10,11.9,22.2,65.900000000000006,1.2
SoilGrids,https://soilgrids.org,2024,-92.731636100000003,36.785127799999998,5,2,19.399999999999999,71.099999999999994,9.5,2
SoilGrids,https://soilgrids.org,2024,-92.706944399999998,37.808055600000003,5.2,9.0500000000000007,23.6,47.8,28.6,0.1
SoilGrids,https://soilgrids.org,2024,-92.703611100000003,37.620555600000003,4.8,14,16.3,31,52.7,0.1
SoilGrids,https://soilgrids.org,2024,-92.691665599999993,45.668609600000003,6.2,1,94.8,5.2,0,0.02
SoilGrids,https://soilgrids.org,2024,-92.685555600000001,40.562222200000001,5.8,11.4,5.0999999999999996,64.8,30.1,1.4
SoilGrids,https://soilgrids.org,2024,-92.648366699999997,40.078461099999998,4.5,19,23.4,25.4,51.2,0.3
SoilGrids,https://soilgrids.org,2024,-92.625274700000006,38.102779400000003,6.8,9,44.5,12.6,42.9,13.91
SoilGrids,https://soilgrids.org,2024,-92.598638899999997,38.533166700000002,4.9000000000000004,12.7,20.8,50,29.2,0.5
SoilGrids,https://soilgrids.org,2024,-92.562774700000006,39.9638901,6.7,29.9,6.4,63.2,30.4,0.16999999999999998
SoilGrids,https://soilgrids.org,2024,-92.555274999999995,48.185833000000002,5.0999999999999996,4,97.7,1.3,1,0.02
SoilGrids,https://soilgrids.org,2024,-92.554583300000004,38.107194399999997,7.5,5,13.1,17.2,69.7,0.1
SoilGrids,https://soilgrids.org,2024,-92.522584199999997,38.966252799999999,5.3,18,4.2,67.599999999999994,28.2,0.2
SoilGrids,https://soilgrids.org,2024,-92.519661499999998,38.230869300000002,4.5999999999999996,13.3,8.1999999999999993,20.399999999999999,71.400000000000006,0.3
SoilGrids,https://soilgrids.org,2024,-92.513249999999999,38.635722199999996,6.3,7.25,18,67.5,14.5,1.1000000000000001
SoilGrids,https://soilgrids.org,2024,-92.513055600000001,38.633861099999997,5.5,11.95,19.600000000000001,52.6,27.8,0.1
SoilGrids,https://soilgrids.org,2024,-92.499852799999999,39.8111611,4.5999999999999996,18,34.799999999999997,28.6,36.6,0.3
SoilGrids,https://soilgrids.org,2024,-92.464545900000005,39.039893399999997,6.2,10,5.8,77.099999999999994,17.100000000000001,0.4
SoilGrids,https://soilgrids.org,2024,-92.461391699999993,39.725547200000001,6.1,24,21.3,36.299999999999997,42.4,0.1
SoilGrids,https://soilgrids.org,2024,-92.436022199999996,36.510077799999998,5.2,6,35.200000000000003,36.6,28.2,0.1
SoilGrids,https://soilgrids.org,2024,-92.409688900000006,40.406413899999997,6.1,26,39.799999999999997,31.4,28.8,0.1
SoilGrids,https://soilgrids.org,2024,-92.403335600000005,37.604721099999999,5.5,4.6500000000000004,9.3000000000000007,20,70.7,0.13999999999999999
SoilGrids,https://soilgrids.org,2024,-92.395197199999998,36.7641694,4.9000000000000004,5,43.7,45.7,10.6,0.2
SoilGrids,https://soilgrids.org,2024,-92.345169067382798,38.967266082763601,5.6,12,4.5,71.3,24.2,1.8
SoilGrids,https://soilgrids.org,2024,-92.345165499999993,37.974501199999999,4.7,8,7.6,68.900000000000006,23.5,0.4
SoilGrids,https://soilgrids.org,2024,-92.344999999999999,38.967222200000002,6.4,9,2.5,62.5,24.8,0.5
SoilGrids,https://soilgrids.org,2024,-92.342638899999997,37.615583299999997,4.7,5.75,24.7,52.8,22.5,0.1
SoilGrids,https://soilgrids.org,2024,-92.341626599999998,38.334728900000002,4.8,8.75,23.8,57.5,18.7,0.1
SoilGrids,https://soilgrids.org,2024,-92.326659199999995,38.468203799999998,5.7,7,5.5,76.900000000000006,17.600000000000001,0.4
SoilGrids,https://soilgrids.org,2024,-92.322111899999996,39.155317400000001,5.7,13,32.299999999999997,50,17.7,0.1
SoilGrids,https://soilgrids.org,2024,-92.319333299999997,39.215972200000003,4.5999999999999996,25,3.2,43,53.8,0.8
SoilGrids,https://soilgrids.org,2024,-92.318183399999995,38.710303199999998,6.8,15.2,15.8,65,19.2,0.2
SoilGrids,https://soilgrids.org,2024,-92.309681900000001,36.95299,5.5,8,8,11.9,80.099999999999994,0.3
SoilGrids,https://soilgrids.org,2024,-92.2967333,36.7972611,5.6,3,46.2,43.9,9.9,0.1
SoilGrids,https://soilgrids.org,2024,-92.268385199999997,38.856439600000002,6,10,14,66.3,19.7,0.1
SoilGrids,https://soilgrids.org,2024,-92.244219700000002,38.371271700000001,5.0999999999999996,12,11.9,59.9,28.2,0.2
SoilGrids,https://soilgrids.org,2024,-92.2390556,40.44,5.8,20.350000000000001,4.3,64.5,31.2,0.2
SoilGrids,https://soilgrids.org,2024,-92.234964300000001,38.489089399999997,5.9,15.85,8.8000000000000007,62.4,28.8,0.1
SoilGrids,https://soilgrids.org,2024,-92.232749999999996,40.440361099999997,5.6,25.95,36.9,25.5,37.6,0.2
SoilGrids,https://soilgrids.org,2024,-92.217222199999995,39.171583300000002,4.5,4,0.9,42.8,56.3,0.4
SoilGrids,https://soilgrids.org,2024,-92.216667200000003,38.900001500000002,6.7,30,2.1,66.7,31.2,0.19
SoilGrids,https://soilgrids.org,2024,-92.215119400000006,36.798708300000001,5.0999999999999996,8.5500000000000007,8.9,22.1,69.099999999999994,0.1
SoilGrids,https://soilgrids.org,2024,-92.211308599999995,38.334285299999998,5.3,3.15,26.6,54.1,19.3,0.3
SoilGrids,https://soilgrids.org,2024,-92.209732700000004,38.337158600000002,5.3,5,34.700000000000003,47.5,17.8,0.1
SoilGrids,https://soilgrids.org,2024,-92.202654800000005,39.065790800000002,4.7,5,44.6,24,31.4,0.3
SoilGrids,https://soilgrids.org,2024,-92.202475000000007,36.590386100000003,5.6,2,70.900000000000006,24.6,4.5,1
SoilGrids,https://soilgrids.org,2024,-92.200330600000001,36.877611100000003,4.5,2.9,1.7,24.7,73.599999999999994,0.1
SoilGrids,https://soilgrids.org,2024,-92.189564700000005,39.2397919,5.8,21,4.8,73.7,21.5,1.6
SoilGrids,https://soilgrids.org,2024,-92.178054799999998,42.736389199999998,5.2,10.3,49,30.9,20.100000000000001,1.85
SoilGrids,https://soilgrids.org,2024,-92.1674632,38.793945399999998,5.9,29,12.9,24.6,62.5,0.3
SoilGrids,https://soilgrids.org,2024,-92.165777800000001,36.676313899999997,4.9000000000000004,3,14.1,73,12.9,1.3
SoilGrids,https://soilgrids.org,2024,-92.144533300000006,36.568347199999998,5.2,4,23.9,62.6,13.5,0.3
SoilGrids,https://soilgrids.org,2024,-92.143269799999999,36.929099999999998,4.8,8,22.5,48.4,29.1,0.3
SoilGrids,https://soilgrids.org,2024,-92.122939000000002,39.219205700000003,5.3,23.95,3.5,62,34.5,0.1
SoilGrids,https://soilgrids.org,2024,-92.101619400000004,36.890211100000002,4.7,4.0999999999999996,3.9,15.8,80.400000000000006,0.2
SoilGrids,https://soilgrids.org,2024,-92.070083299999993,37.256749999999997,6.6,12.7,21.1,38.5,40.299999999999997,0.2
SoilGrids,https://soilgrids.org,2024,-92.057705600000006,37.022494399999999,5.5,2.25,24.9,31.5,63.5,0.8
SoilGrids,https://soilgrids.org,2024,-92.0521861,37.222858299999999,5.7,5,11.1,74.599999999999994,14.3,0.8
SoilGrids,https://soilgrids.org,2024,-92.051844399999993,37.270836099999997,5.8,5,4.3,37.5,58.2,0.2
SoilGrids,https://soilgrids.org,2024,-92.017222200000006,39.218888900000003,5.6,6.5,41.8,44.8,13.4,0.9
SoilGrids,https://soilgrids.org,2024,-92.017011100000005,36.913986100000002,4.7,2,15.1,28,56.9,0.1
SoilGrids,https://soilgrids.org,2024,-92.015989500000003,38.498938099999997,6.1,8.8000000000000007,6.2,81.099999999999994,12.7,0.9
SoilGrids,https://soilgrids.org,2024,-92.001119399999993,36.862933300000002,4.8,9.15,8.6,29.6,61.8,0.1
SoilGrids,https://soilgrids.org,2024,-92,36,5.4,22.85,38.6,47,14.4,0.1
SoilGrids,https://soilgrids.org,2024,-91.965975,36.588855600000002,4.5999999999999996,10,9,56.5,34.5,0.2
SoilGrids,https://soilgrids.org,2024,-91.902779300000006,38.1636381,5.0999999999999996,3,50.4,42.9,6.7,1
SoilGrids,https://soilgrids.org,2024,-91.878638899999999,37.634416700000003,4.9000000000000004,8,24.3,42,33.700000000000003,0.1
SoilGrids,https://soilgrids.org,2024,-91.875816700000001,40.264355600000002,6.4,14,7.3,75.8,16.899999999999999,1.5
SoilGrids,https://soilgrids.org,2024,-91.8695278,37.337044400000003,4.8,13,8.8000000000000007,64.5,26.7,0.2
SoilGrids,https://soilgrids.org,2024,-91.847803900000002,38.255035499999998,6.8,7,21.5,17.2,72.900000000000006,0.1
SoilGrids,https://soilgrids.org,2024,-91.817833300000004,37.607166700000001,4.9000000000000004,19.850000000000001,10.199999999999999,74.8,15,0.5
SoilGrids,https://soilgrids.org,2024,-91.817305599999997,38.830611099999999,6,22,7.6,55.4,37,0.4
SoilGrids,https://soilgrids.org,2024,-91.810722200000001,37.037852800000003,5.0999999999999996,4,28.6,58.5,12.9,2.6
SoilGrids,https://soilgrids.org,2024,-91.801166699999996,38.746638900000001,4.9000000000000004,10.3,7.3,64.5,28.2,0.3
SoilGrids,https://soilgrids.org,2024,-91.782277800000003,38.711083299999999,6.2,16.8,4.5999999999999996,52.6,42.7,0.7
SoilGrids,https://soilgrids.org,2024,-91.7733889,38.718888900000003,5.9,8.0500000000000007,9.3000000000000007,70.8,19.899999999999999,0.4
SoilGrids,https://soilgrids.org,2024,-91.757166699999999,38.763527799999999,6,12.9,10.4,68.3,21.3,1.8
SoilGrids,https://soilgrids.org,2024,-91.7102814,45.900001500000002,5.4,5.25,92,6.6,1.4,0.09
SoilGrids,https://soilgrids.org,2024,-91.707947200000007,37.187786099999997,5.9,20,29.3,62.5,8.1999999999999993,3.9
SoilGrids,https://soilgrids.org,2024,-91.706812299999996,38.169499000000002,4.5999999999999996,23,16.5,26.8,56.7,0.1
SoilGrids,https://soilgrids.org,2024,-91.698072199999999,36.93815,4.8,5,17.2,70.400000000000006,12.4,0.8
SoilGrids,https://soilgrids.org,2024,-91.649169900000004,37.150001500000002,4.3,20,3.1,54.4,42.5,0.3
SoilGrids,https://soilgrids.org,2024,-91.603057899999996,45.706943500000001,5.7,2.15,79.2,15.1,5.7,0
SoilGrids,https://soilgrids.org,2024,-91.578249999999997,38.902638899999999,6.2,5.2,20.8,65.8,13.4,1.8
SoilGrids,https://soilgrids.org,2024,-91.560444399999994,39.7019722,5.7,11.9,2.2000000000000002,59.2,38.6,0.3
SoilGrids,https://soilgrids.org,2024,-91.544138899999993,39.538916700000001,5.3,13.05,9.9,62.2,27.9,0.2
SoilGrids,https://soilgrids.org,2024,-91.530805599999994,36.568083299999998,4.3,6,23.9,48,28.1,0.1
SoilGrids,https://soilgrids.org,2024,-91.520916700000001,38.643083300000001,6.7,11,4,71.8,24.2,0.4
SoilGrids,https://soilgrids.org,2024,-91.519319400000001,36.913644400000003,5,1.8,37.200000000000003,52.9,10,0.7
SoilGrids,https://soilgrids.org,2024,-91.508208300000007,38.679930599999999,4.8,11,4.9000000000000004,76,19.100000000000001,2.4
SoilGrids,https://soilgrids.org,2024,-91.505694399999996,36.746305599999999,4.5,14,25.3,34.700000000000003,40,0.1
SoilGrids,https://soilgrids.org,2024,-91.500191700000002,36.935416699999998,4.8,6,8.4,65.400000000000006,26.2,0.2
SoilGrids,https://soilgrids.org,2024,-91.489166299999994,31.8230553,5.4,20,10.1,55.7,34.200000000000003,0.25
SoilGrids,https://soilgrids.org,2024,-91.479944399999994,38.983611099999997,5.5,11.25,20.100000000000001,56.6,23.3,0.4
SoilGrids,https://soilgrids.org,2024,-91.470832799999997,32.122501399999997,5.3,43.4,1.2,17.399999999999999,81.400000000000006,1.1000000000000001
SoilGrids,https://soilgrids.org,2024,-91.415811099999999,37.267722200000001,5.9,6.9,2.6,19.399999999999999,78,0.3
SoilGrids,https://soilgrids.org,2024,-91.410763900000006,38.165933299999999,4.5,31,3.9,15.2,80.900000000000006,0.3
SoilGrids,https://soilgrids.org,2024,-91.394997200000006,37.366225,4.9000000000000004,31,28.1,62.5,9.4,0.8
SoilGrids,https://soilgrids.org,2024,-91.388805599999998,37.275469399999999,5,25,17.100000000000001,20.6,62.3,0.3
SoilGrids,https://soilgrids.org,2024,-91.354966700000006,37.229469399999999,5.2,8,8.5,59.6,31.9,0.3
SoilGrids,https://soilgrids.org,2024,-91.353369400000005,37.365938900000003,5,2,37.5,53.5,9,0.3
SoilGrids,https://soilgrids.org,2024,-91.292058900000001,38.057934699999997,4.7,29,6.1,82.3,11.6,1.9
SoilGrids,https://soilgrids.org,2024,-91.278972199999998,38.964138900000002,5.7,21,3.9,47.8,48.3,0.2
SoilGrids,https://soilgrids.org,2024,-91.267349199999998,37.483955399999999,5.0999999999999996,2.2000000000000002,12.7,62.2,25.1,0.22999999999999998
SoilGrids,https://soilgrids.org,2024,-91.247649999999993,38.684019399999997,5,13,2.2000000000000002,63.1,34.700000000000003,0.2
SoilGrids,https://soilgrids.org,2024,-91.237157600000003,37.756213700000004,4.5,4,22.3,67.8,9.9,1.9
SoilGrids,https://soilgrids.org,2024,-91.234545600000004,37.722829400000002,4.7,8,30.5,40,29.5,0.1
SoilGrids,https://soilgrids.org,2024,-91.228747200000001,38.841397200000003,4.9000000000000004,24,1.9,43.3,54.8,0.9
SoilGrids,https://soilgrids.org,2024,-91.228425000000001,37.109219400000001,6.2,12.2,49.3,40.5,10.199999999999999,2.5
SoilGrids,https://soilgrids.org,2024,-91.210101499999993,38.034906499999998,6,16,5.9,26.6,67.5,0.2
SoilGrids,https://soilgrids.org,2024,-91.201385500000001,46.814723999999998,8.3000000000000007,16.600000000000001,12.7,28.4,58.9,0.13
SoilGrids,https://soilgrids.org,2024,-91.198147199999994,37.009094400000002,4.9000000000000004,1,29.2,23.3,47.5,0.1
SoilGrids,https://soilgrids.org,2024,-91.195788399999998,37.930871400000001,5,14,8.5,26.7,64.8,0.2
SoilGrids,https://soilgrids.org,2024,-91.190496800000005,37.8960942,4.7,4.5999999999999996,46.9,33.799999999999997,19.3,0.2
SoilGrids,https://soilgrids.org,2024,-91.187244399999997,37.117788900000001,5.2,15.8,31.6,14.4,53.9,0.3
SoilGrids,https://soilgrids.org,2024,-91.185614900000004,38.043723,4.9000000000000004,9,6.5,63.9,29.6,0.1
SoilGrids,https://soilgrids.org,2024,-91.183333300000001,36.883333299999997,5.0999999999999996,2.95,31.4,58.7,9.8000000000000007,3
SoilGrids,https://soilgrids.org,2024,-91.183036099999995,37.117283299999997,5,6.25,17.2,59.9,22.9,0.6
SoilGrids,https://soilgrids.org,2024,-91.181916700000002,38.577277799999997,5.9,16,10.6,57,32.4,0.3
SoilGrids,https://soilgrids.org,2024,-91.178886399999996,46.492778800000004,6.9,20.55,0.7,9.3000000000000007,90,0.27999999999999997
SoilGrids,https://soilgrids.org,2024,-91.171365499999993,37.740611299999998,4.9000000000000004,29.7,7.4,15.1,77.5,0.3
SoilGrids,https://soilgrids.org,2024,-91.152069100000006,34.763729099999999,5.2,9.5,2.4,68.599999999999994,29,0.08
SoilGrids,https://soilgrids.org,2024,-91.140961099999998,37.173644400000001,5.0999999999999996,7,23.2,25.8,51,0.2
SoilGrids,https://soilgrids.org,2024,-91.139188899999994,37.172813900000001,4.8,12.8,26.2,64,9.8000000000000007,0.6
SoilGrids,https://soilgrids.org,2024,-91.138919400000006,37.174152800000002,5.0999999999999996,3.95,22,28.4,49.6,0.1
SoilGrids,https://soilgrids.org,2024,-91.123888899999997,37.111388900000001,5.0999999999999996,6.2,23.3,53,23.7,0.2
SoilGrids,https://soilgrids.org,2024,-91.112805699999996,37.930173199999999,4.5,20,21.1,67.599999999999994,11.3,1.4
SoilGrids,https://soilgrids.org,2024,-91.112068199999996,34.735675800000003,4.5999999999999996,14,3.6,64.900000000000006,31.5,0.13
SoilGrids,https://soilgrids.org,2024,-91.098736099999996,37.147538900000001,4.5,4,25.8,57.4,16.8,0.2
SoilGrids,https://soilgrids.org,2024,-91.0961444,37.1458583,4.9000000000000004,4.3499999999999996,40.4,42.1,17.5,0.1
SoilGrids,https://soilgrids.org,2024,-91.095974999999996,37.146358300000003,5.7,1.4,32.9,39.700000000000003,27.3,0.1
SoilGrids,https://soilgrids.org,2024,-91.095686099999995,37.146588899999998,5.3,2.9,31.8,42.6,25.5,0.1
SoilGrids,https://soilgrids.org,2024,-91.095683300000005,37.146705599999997,5,2,3.7,16,80.3,0.1
SoilGrids,https://soilgrids.org,2024,-91.095333299999993,37.145872199999999,5.0999999999999996,8,11,30.4,58.6,0.1
SoilGrids,https://soilgrids.org,2024,-91.092480600000002,37.146880600000003,5,5.3,40.299999999999997,35.5,24.2,0.1
SoilGrids,https://soilgrids.org,2024,-91.092427799999996,37.147672200000002,4.4000000000000004,2.75,42.2,49.6,8.1999999999999993,1.6
SoilGrids,https://soilgrids.org,2024,-91.091392499999998,30.378610599999998,5.5,12,3.3,73,23.7,0.09
SoilGrids,https://soilgrids.org,2024,-91.088772199999994,37.147955600000003,4.9000000000000004,15.2,25.4,52.5,22.1,0.1
SoilGrids,https://soilgrids.org,2024,-91.088738899999996,37.148425000000003,4.9000000000000004,5,19.7,29.6,50.7,0.1
SoilGrids,https://soilgrids.org,2024,-91.077772199999998,37.150227800000003,5.6,6,23.9,55.9,20.2,0.1
SoilGrids,https://soilgrids.org,2024,-91.077594399999995,37.3324639,5,1,88.6,4.5,6.9,0.2
SoilGrids,https://soilgrids.org,2024,-91.077386099999998,37.1387778,5.2,7,12.9,75.599999999999994,11.5,3
SoilGrids,https://soilgrids.org,2024,-91.0747863,38.076744400000003,5.6,16,17.899999999999999,38.5,43.6,0.4
SoilGrids,https://soilgrids.org,2024,-91.070499999999996,37.143983300000002,4.9000000000000004,2.8,11.9,72.900000000000006,15.2,0.7
SoilGrids,https://soilgrids.org,2024,-91.070125899999994,38.4633842,6.7,12.65,7.9,66.8,25.3,0.5
SoilGrids,https://soilgrids.org,2024,-91.053055599999993,36.965277800000003,5,10.1,12.9,48.2,38.9,0.2
SoilGrids,https://soilgrids.org,2024,-91.049913900000007,37.063422199999998,6,8.85,10.7,63.7,25.6,0.3
SoilGrids,https://soilgrids.org,2024,-91.043052700000004,38.877498600000003,5.6,19,2.8,47.3,49.9,0.4
SoilGrids,https://soilgrids.org,2024,-91.041169400000001,37.174538900000002,4.5,10.7,3.6,13.4,83,0.1
SoilGrids,https://soilgrids.org,2024,-91.000852800000004,38.936391700000001,5.7,21,20.100000000000001,25.5,54.4,0.2
SoilGrids,https://soilgrids.org,2024,-90.998055600000001,37.963611100000001,4.9000000000000004,4.95,14.6,68,17.399999999999999,0.7
SoilGrids,https://soilgrids.org,2024,-90.9889771,37.937971099999999,4.0999999999999996,7.05,37.1,56.1,6.8,0.7
SoilGrids,https://soilgrids.org,2024,-90.967177800000002,37.787266700000004,4.4000000000000004,16.149999999999999,1.4,13.1,85.5,0.2
SoilGrids,https://soilgrids.org,2024,-90.944536099999993,37.473922199999997,4.8,2.65,19.5,42.4,38.200000000000003,0.1
SoilGrids,https://soilgrids.org,2024,-90.917944399999996,39.014222199999999,4.7,27.75,1.3,50.9,47.8,0.3
SoilGrids,https://soilgrids.org,2024,-90.908208799999997,37.744253999999998,4.7,8,35.200000000000003,46.8,18,0.1
SoilGrids,https://soilgrids.org,2024,-90.8977814,44.190555600000003,5.3,2.85,77.099999999999994,15.5,7.4,1.27
SoilGrids,https://soilgrids.org,2024,-90.876547200000005,37.779897200000001,5.0999999999999996,20.25,24.3,38,37.6,0.2
SoilGrids,https://soilgrids.org,2024,-90.870522199999996,37.558925000000002,5.7,4.3,9.8000000000000007,68.3,21.9,0.3
SoilGrids,https://soilgrids.org,2024,-90.811305599999997,36.904166699999998,4.9000000000000004,5.85,26.4,60.6,13,0.6
SoilGrids,https://soilgrids.org,2024,-90.804666699999999,38.874138899999998,5.6,15.7,12,59.9,28.1,0.2
SoilGrids,https://soilgrids.org,2024,-90.784446700000004,45.235553699999997,4.7,20,20.9,71.5,7.6,0.24
SoilGrids,https://soilgrids.org,2024,-90.778724699999998,34.730117800000002,7,10,2.5,72.099999999999994,25.4,0.08
SoilGrids,https://soilgrids.org,2024,-90.767805600000003,39.166388900000001,6.6,34.799999999999997,2.2000000000000002,83.7,14.1,0.5
SoilGrids,https://soilgrids.org,2024,-90.746611099999996,36.910027800000002,6.8,9.4,47.4,35,17.600000000000001,0.3
SoilGrids,https://soilgrids.org,2024,-90.696722199999996,37.919861099999999,4.5,16,6.6,54.2,39.200000000000003,0.4
SoilGrids,https://soilgrids.org,2024,-90.674659700000007,37.155479399999997,5.0999999999999996,4,18.899999999999999,44.8,36.299999999999997,0.2
SoilGrids,https://soilgrids.org,2024,-90.672499999999999,38.637472199999998,5.2,16.350000000000001,2.6,64,33.4,0.2
SoilGrids,https://soilgrids.org,2024,-90.598052999999993,43.881111099999998,6.1,17.5,6.3,68.400000000000006,25.3,0.3
SoilGrids,https://soilgrids.org,2024,-90.554763800000003,36.9617462,5.7,3,85.4,10.5,4.0999999999999996,0.1
SoilGrids,https://soilgrids.org,2024,-90.552331300000006,38.270332099999997,6.5,12.1,5.4,65.900000000000006,28.6,0.3
SoilGrids,https://soilgrids.org,2024,-90.522694400000006,37.813416699999998,5.8,10.65,7.7,77.8,14.5,2.9
SoilGrids,https://soilgrids.org,2024,-90.504363999999995,37.546306600000001,4.5,8.5,11.7,75.5,12.8,1.2
SoilGrids,https://soilgrids.org,2024,-90.5,36.766666700000002,5.0999999999999996,6.25,21.4,54.4,24.2,0.4
SoilGrids,https://soilgrids.org,2024,-90.491455099999996,36.952312499999998,5,2,16.399999999999999,47.4,36.200000000000003,0.1
SoilGrids,https://soilgrids.org,2024,-90.484725999999995,37.243610400000001,4.8,12,5.9,63.6,30.5,0.1
SoilGrids,https://soilgrids.org,2024,-90.475471499999998,37.538249999999998,4.8,28,17.3,48.4,34.299999999999997,0.2
SoilGrids,https://soilgrids.org,2024,-90.415557899999996,37.277221699999998,5.0999999999999996,8,39.299999999999997,33.4,27.3,0.1
SoilGrids,https://soilgrids.org,2024,-90.389638899999994,36.785638900000002,7.4,12.4,23.9,43.8,32.4,0.1
SoilGrids,https://soilgrids.org,2024,-90.346496599999995,37.019012500000002,5.2,4,43,46.4,10.6,1.3
SoilGrids,https://soilgrids.org,2024,-90.289001499999998,37.330333699999997,5.0999999999999996,8.5,60.3,20.9,18.8,0.1
SoilGrids,https://soilgrids.org,2024,-90.271667500000007,37.365001700000001,6.9,11,7.7,75.7,16.600000000000001,1.4
SoilGrids,https://soilgrids.org,2024,-90.1826401,37.446414900000001,6,11.4,3.2,70.400000000000006,26.4,0.3
SoilGrids,https://soilgrids.org,2024,-90.165594400000003,37.211750000000002,4.0999999999999996,14,4.5,32.200000000000003,63.3,0.1
SoilGrids,https://soilgrids.org,2024,-90.159332300000003,37.564666699999997,5.3,7,23.7,45.6,30.7,0.1
SoilGrids,https://soilgrids.org,2024,-90.152916000000005,37.4997215,4.9000000000000004,9.0500000000000007,12.1,20.399999999999999,67.5,0.1
SoilGrids,https://soilgrids.org,2024,-90.140694400000001,38.029805600000003,5,14.55,1.8,72.7,25.5,0.1
SoilGrids,https://soilgrids.org,2024,-90.127357500000002,37.420799299999999,4.5999999999999996,8.15,19.8,55,25.2,0.1
SoilGrids,https://soilgrids.org,2024,-90.111050000000006,37.3330056,4.5,4,10.7,60.4,28.9,0.1
SoilGrids,https://soilgrids.org,2024,-90.099968000000004,37.303646100000002,4.8,13,2.8,63.9,33.299999999999997,0.2
SoilGrids,https://soilgrids.org,2024,-90.072000000000003,37.319494400000004,5.7,6.35,3.5,79,17.600000000000001,0.9
SoilGrids,https://soilgrids.org,2024,-90.069566699999996,37.521336099999999,4.5999999999999996,16,2.6,19.100000000000001,78.3,0.1
SoilGrids,https://soilgrids.org,2024,-90.045694400000002,37.9593889,5.5,11.45,2.2999999999999998,75.2,22.5,0.1
SoilGrids,https://soilgrids.org,2024,-90.034649999999999,36.549613899999997,4.7,9,11,61.4,27.6,0.8
SoilGrids,https://soilgrids.org,2024,-89.989532499999996,37.140674599999997,7.7,11,5.2,77.599999999999994,17.2,0.1
SoilGrids,https://soilgrids.org,2024,-89.915702800000005,37.3388481,5.2,7.2,20.3,33.700000000000003,46,0
SoilGrids,https://soilgrids.org,2024,-89.905380199999996,37.086738599999997,6.4,7,77,10.4,12.6,0.1
SoilGrids,https://soilgrids.org,2024,-89.904998800000001,37.132556899999997,6.2,7.8,4.4000000000000004,72.3,23.3,0.1
SoilGrids,https://soilgrids.org,2024,-89.894722000000002,45.491390199999998,6.1,3,77.400000000000006,18,4.5999999999999996,0.04
SoilGrids,https://soilgrids.org,2024,-89.851387000000003,38.383335099999996,4.5,16.05,12.6,54.3,33.1,0.16999999999999998
SoilGrids,https://soilgrids.org,2024,-89.844444300000006,34.2861099,4.8,4.75,2.5,87.1,11.8,0.4
SoilGrids,https://soilgrids.org,2024,-89.827774000000005,34.270557400000001,5.7,4.3,16.7,75.2,8.1,0.19
SoilGrids,https://soilgrids.org,2024,-89.655194399999999,37.293916699999997,4.7,4.3,9,80.599999999999994,7.7,0.1
SoilGrids,https://soilgrids.org,2024,-89.639137300000002,36.817390400000001,5.3,8,68.8,22,9.1999999999999993,0.8
SoilGrids,https://soilgrids.org,2024,-89.636497500000004,36.399051700000001,5,9.4,42.3,41.8,15.9,0.2
SoilGrids,https://soilgrids.org,2024,-89.575553900000003,45.515277900000001,4.5,1.95,73.2,22.5,4.3,2.93
SoilGrids,https://soilgrids.org,2024,-89.564552300000003,36.675972000000002,5.9,4,77.5,20.399999999999999,2.1,0.1
SoilGrids,https://soilgrids.org,2024,-89.5481944,37.378111099999998,6.8,11.45,2.7,84.4,12.9,1.2
SoilGrids,https://soilgrids.org,2024,-89.509185799999997,36.7046013,5.8,14,10.7,76,13.3,0.2
SoilGrids,https://soilgrids.org,2024,-89.506324800000002,36.704677599999997,5.3,15,5.8,80.2,14,0.2
SoilGrids,https://soilgrids.org,2024,-89.485557600000007,45.112220800000003,5.5,9.75,24,50.9,25.1,0.11000000000000001
SoilGrids,https://soilgrids.org,2024,-89.335624999999993,37.412291000000003,5.3,13.45,2.2000000000000002,71.2,26.6,0.6
SoilGrids,https://soilgrids.org,2024,-89.210838317870994,37.118896484375,4.8,8.1999999999999993,1.5,78.400000000000006,20.100000000000001,0.08
SoilGrids,https://soilgrids.org,2024,-89.1666666666667,13.6666666666667,5.3,16,15.9,22.3,61.8,1.1499999999999999
SoilGrids,https://soilgrids.org,2024,-89.157501199999999,38.358333600000002,4.8,4.05,26.3,43.9,29.8,0.22000000000000003
SoilGrids,https://soilgrids.org,2024,-89.075898199999997,41.439739500000002,4.8,26.65,2.9,60.1,37,0.39
SoilGrids,https://soilgrids.org,2024,-88.805000300000003,38.290000900000003,5,23.75,9.1999999999999993,76,14.8,1.6600000000000001
SoilGrids,https://soilgrids.org,2024,-88.764999399999994,45.446109800000002,5.3,9.15,9.6999999999999993,73.5,16.8,0.08
SoilGrids,https://soilgrids.org,2024,-88.665557899999996,33.248333000000002,4.9000000000000004,33.5,25,22.7,52.3,0.13
SoilGrids,https://soilgrids.org,2024,-88.654214600000003,37.517289599999998,4.8,4.05,17.7,69.7,12.6,1.1099999999999999
SoilGrids,https://soilgrids.org,2024,-88.539764399999996,34.380962400000001,5.9,5.8,39.200000000000003,44.2,16.600000000000001,0.77
SoilGrids,https://soilgrids.org,2024,-88.5366669,37.491390199999998,4.7,2.25,26.7,63.2,10.1,0.36
SoilGrids,https://soilgrids.org,2024,-88.529167200000003,38.8083344,4.7,17.149999999999999,14.6,52.2,33.200000000000003,0.1
SoilGrids,https://soilgrids.org,2024,-88.268333400000003,39.309444399999997,5.7,5.3,14.1,59.1,26.8,0.12
SoilGrids,https://soilgrids.org,2024,-88.242820699999996,46.846664400000002,5,7.3,72.2,15.4,12.4,0.03
SoilGrids,https://soilgrids.org,2024,-88.240280200000001,39.305557299999997,5.7,6.9,5.8,59.1,35.1,0.2
SoilGrids,https://soilgrids.org,2024,-88.172255000000007,37.651454299999997,5.3,21,7.9,46.2,45.9,2.4
SoilGrids,https://soilgrids.org,2024,-88.060308199999994,40.508915799999997,8.1999999999999993,17,11.1,52.9,36,0.39
SoilGrids,https://soilgrids.org,2024,-87.851497199999997,37.404980600000002,4.5,18.399999999999999,6.6,50.8,42.6,0.37
SoilGrids,https://soilgrids.org,2024,-87.663330099999996,31.269166899999998,5,2.2000000000000002,52.6,21.2,26.2,0.04
SoilGrids,https://soilgrids.org,2024,-87.616386399999996,31.2866669,4.8,9.9499999999999993,27,17.7,55.3,0.05
SoilGrids,https://soilgrids.org,2024,-87.355834999999999,35.797222099999999,5.0999999999999996,5.7,17.600000000000001,34.200000000000003,48.2,0.1
SoilGrids,https://soilgrids.org,2024,-87.048000000000002,37.189055600000003,5.5,4,18.8,62.4,18.8,0.55000000000000004
SoilGrids,https://soilgrids.org,2024,-86.986389200000005,41.155277300000002,5.4,7.75,92.8,3.4,3.8,0.22999999999999998
SoilGrids,https://soilgrids.org,2024,-86.830619812011705,40.247756958007798,5.3,12.7,10.6,73.900000000000006,15.5,0.67
SoilGrids,https://soilgrids.org,2024,-86.829170199999993,32.177501700000001,4.7,2.15,61.6,5.6,32.799999999999997,0.25
SoilGrids,https://soilgrids.org,2024,-86.783599899999999,31.086044300000001,5.4,0.85,73.099999999999994,1.1000000000000001,25.8,6.9999999999999993E-2
SoilGrids,https://soilgrids.org,2024,-86.769165000000001,38.034168200000003,4.8,12.8,10.5,64.2,25.3,6.9999999999999993E-2
SoilGrids,https://soilgrids.org,2024,-86.7236099,39.352779400000003,4.7,10.050000000000001,3.2,70.8,26,0.25
SoilGrids,https://soilgrids.org,2024,-86.638610799999995,38.222778300000002,4.5,5.75,9.3000000000000007,63.9,26.8,0.62
SoilGrids,https://soilgrids.org,2024,-86.362503099999998,38.215278599999998,4.55,8.9250000000000007,9.4499999999999993,70.400000000000006,20.149999999999999,0.23500000000000001
SoilGrids,https://soilgrids.org,2024,-86.3072205,36.805831900000001,4.4000000000000004,13.55,4.9000000000000004,48.5,46.6,6.9999999999999993E-2
SoilGrids,https://soilgrids.org,2024,-85.966392499999998,44.450832400000003,4.2,2.9,92.1,7.3,0.6,0.52
SoilGrids,https://soilgrids.org,2024,-85.957055600000004,44.584444400000002,6.3,1,97.8,1.9,0.3,0.04
SoilGrids,https://soilgrids.org,2024,-85.934997600000003,41.755554199999999,4.8,1.8,91.7,2.8,5.5,0.06
SoilGrids,https://soilgrids.org,2024,-85.858329800000007,44.601665500000003,4.4000000000000004,0.7,96.2,2.5,1.3,1.27
SoilGrids,https://soilgrids.org,2024,-85.585555999999997,38.677501700000001,4.4000000000000004,5.95,13.1,52.9,34,0.35
SoilGrids,https://soilgrids.org,2024,-85.353889499999994,39.277778599999998,5.3,11.75,17.2,31.6,51.2,0.08
SoilGrids,https://soilgrids.org,2024,-85.092498800000001,35.689998600000003,4.7,4.3,45.1,32.6,22.3,0.27
SoilGrids,https://soilgrids.org,2024,-84.842224099999996,34.856666599999997,4.8,3.9,27.3,50.4,22.3,0.12
SoilGrids,https://soilgrids.org,2024,-84.420364399999997,35.360862699999998,5,2.25,45.8,15.5,38.700000000000003,6.9999999999999993E-2
SoilGrids,https://soilgrids.org,2024,-84.397224399999999,32.001110099999998,5.2,0.4,87.2,2,10.8,0.09
SoilGrids,https://soilgrids.org,2024,-84.323333700000006,32.999443100000001,4.9000000000000004,4.0999999999999996,75,18.3,6.7,3.91
SoilGrids,https://soilgrids.org,2024,-84.256027200000005,32.936550099999998,5.2,2,34.799999999999997,27.9,37.299999999999997,0.05
SoilGrids,https://soilgrids.org,2024,-83.861015300000005,32.529060399999999,4.8,1.1499999999999999,76.400000000000006,17.600000000000001,6,0.64
SoilGrids,https://soilgrids.org,2024,-83.7083333333333,10.5666666666667,6.3,14,9,70,29,0.2
SoilGrids,https://soilgrids.org,2024,-83.513610799999995,38.6291656,4.4000000000000004,6,4.5999999999999996,44.8,50.6,0.45
SoilGrids,https://soilgrids.org,2024,-82.962379499999997,30.160234500000001,5.3,18.5,95.1,3.1,1.8,0.47000000000000003
SoilGrids,https://soilgrids.org,2024,-82.462341300000006,43.061668400000002,6,0.3,97.9,0.8,1.3,0.04
SoilGrids,https://soilgrids.org,2024,-82.3665314,29.633583099999999,5.0999999999999996,1.1499999999999999,95.4,1.8,2.8,0.16
SoilGrids,https://soilgrids.org,2024,-82.3280563,38.303611799999999,4.8,5.3,40.9,36.4,22.7,0.13
SoilGrids,https://soilgrids.org,2024,-82.268890400000004,35.967777300000002,5.4,3.65,62.7,16.3,21,0.3
SoilGrids,https://soilgrids.org,2024,-82.2569444444444,29.7083333333333,4,2.75,95.9,4.0999999999999996,0,0.09
SoilGrids,https://soilgrids.org,2024,-82.181388900000002,37.429721800000003,5.0999999999999996,3.15,58.1,38.5,10.3,0.11000000000000001
SoilGrids,https://soilgrids.org,2024,-82.120834400000007,36.0519447,5.3,4.9000000000000004,78.8,14.4,6.8,2.2000000000000002
SoilGrids,https://soilgrids.org,2024,-81.894447299999996,37.803333299999998,4.7,1.45,57.8,32.6,9.6,0.32999999999999996
SoilGrids,https://soilgrids.org,2024,-81.772613500000006,33.179042799999998,5.2,7.85,10.1,38.6,51.3,0.79
SoilGrids,https://soilgrids.org,2024,-81.7272186,31.094999300000001,4.5999999999999996,16.5,51.2,14.4,34.4,0.13
SoilGrids,https://soilgrids.org,2024,-80.868331900000001,36.483890500000001,4.4000000000000004,2.2000000000000002,69.8,15.8,14.4,1.7100000000000002
SoilGrids,https://soilgrids.org,2024,-80.473960876464801,36.346469879150298,5,1.1499999999999999,67.2,17.399999999999999,15.4,0.19
SoilGrids,https://soilgrids.org,2024,-80.385555600000004,40.203611100000003,5.9,9,39.9,36.1,24,0.59000000000000008
SoilGrids,https://soilgrids.org,2024,-80.178611099999998,40.434722200000003,6.8,14,42.7,32.299999999999997,25,0.22999999999999998
SoilGrids,https://soilgrids.org,2024,-80.095277800000005,40.9619444,5,4,21.8,57.7,20.5,1.52
SoilGrids,https://soilgrids.org,2024,-79.936111100000005,41.8352778,4.9000000000000004,4,68.099999999999994,17.7,14.2,0.15
SoilGrids,https://soilgrids.org,2024,-79.749771100000004,36.333416,4.8499999999999996,3,39.1,34.4,26.5,0.12
SoilGrids,https://soilgrids.org,2024,-79.322219799999999,38.5583344,4.9000000000000004,2.0499999999999998,61.2,34.200000000000003,4.5999999999999996,2.44
SoilGrids,https://soilgrids.org,2024,-79.249755899999997,35.500095399999999,5,3.3,30.1,65.400000000000006,4.5,1.53
SoilGrids,https://soilgrids.org,2024,-79.144999999999996,41.996666699999999,6.2,7,11.2,65.900000000000006,22.9,1.22
SoilGrids,https://soilgrids.org,2024,-78.644444444444403,-0.53333333333333299,6.7,4.0999999999999996,44.3,45,10.8,2.8
SoilGrids,https://soilgrids.org,2024,-78.591666700000005,40.013888899999998,4.9000000000000004,4,50.2,32.1,17.7,0.13
SoilGrids,https://soilgrids.org,2024,-78.565559387207003,35.442783355712798,4.8,0.9,52.8,8.9,38.299999999999997,0.08
SoilGrids,https://soilgrids.org,2024,-78.477500899999995,42.2291679,4.5999999999999996,8.3000000000000007,15.6,63.3,21.1,0.85
SoilGrids,https://soilgrids.org,2024,-78.161944399999996,40.960555599999999,5.0999999999999996,2,90.5,6.3,3.2,0.21000000000000002
SoilGrids,https://soilgrids.org,2024,-78.149711600000003,37.975048100000002,6.3,5.65,9.3000000000000007,21.2,69.5,0.01
SoilGrids,https://soilgrids.org,2024,-78.008049,37.544502299999998,4.9000000000000004,3.95,70.099999999999994,23.4,6.5,0.04
SoilGrids,https://soilgrids.org,2024,-77.799705500000002,38.325042699999997,4.4000000000000004,7.3,33.4,56.5,10.1,3.5799999999999996
SoilGrids,https://soilgrids.org,2024,-77.615036000000003,36.545509299999999,5.3,4,52.6,16.3,31.1,0.04
SoilGrids,https://soilgrids.org,2024,-77.482777799999994,41.5266667,4.4000000000000004,2,61.4,25.3,13.3,1
SoilGrids,https://soilgrids.org,2024,-77.268888899999993,41.190277799999997,4.7,5,19.399999999999999,59.3,21.3,0.1
SoilGrids,https://soilgrids.org,2024,-77.191666699999999,40.809722200000003,6.3,4,19.600000000000001,36,44.4,0.41
SoilGrids,https://soilgrids.org,2024,-77.100833300000005,40.585000000000001,6.4,13,29.4,28,42.6,0.11000000000000001
SoilGrids,https://soilgrids.org,2024,-77.052499999999995,40.591111099999999,5.4,8,16.8,47.9,35.299999999999997,0.25
SoilGrids,https://soilgrids.org,2024,-77.050788900000001,38.969200100000002,4.7,4.7,43.2,35.299999999999997,21.5,0.21000000000000002
SoilGrids,https://soilgrids.org,2024,-76.966944400000003,40.927222200000003,6.5,7,11.7,52.7,35.6,0.27999999999999997
SoilGrids,https://soilgrids.org,2024,-76.929166699999996,40.943888899999997,5.6,5,55.6,20,24.4,0.13999999999999999
SoilGrids,https://soilgrids.org,2024,-76.832499999999996,41.178888899999997,4.7,2,92.8,5,2.2000000000000002,0.09
SoilGrids,https://soilgrids.org,2024,-76.545000000000002,40.628611100000001,4.8,4,38.9,39.299999999999997,21.8,0.04
SoilGrids,https://soilgrids.org,2024,-76.308333300000001,40.2972222,4.4000000000000004,4,24.9,59.1,23.6,0.01
SoilGrids,https://soilgrids.org,2024,-76.291111099999995,39.913333299999998,5.4,1,79.2,18.399999999999999,2.4,0.04
SoilGrids,https://soilgrids.org,2024,-75.744735700000007,37.747829400000001,4.7,5,81,7.7,11.3,0.7
SoilGrids,https://soilgrids.org,2024,-75.7102778,41.599166699999998,5.6,11,37.200000000000003,34.9,27.9,0.21000000000000002
SoilGrids,https://soilgrids.org,2024,-75.684166700000006,41.540555599999998,5.6,5,40.299999999999997,43.7,16,2.0300000000000002
SoilGrids,https://soilgrids.org,2024,-75.649627699999996,39.540019999999998,5.3,4,6.9,78,15.1,0.04
SoilGrids,https://soilgrids.org,2024,-75.644401599999995,37.814891799999998,4.5999999999999996,1,55.5,24,20.5,0
SoilGrids,https://soilgrids.org,2024,-75.626388500000004,39.657222699999998,4.9000000000000004,7.15,20.2,63.4,16.399999999999999,1.1499999999999999
SoilGrids,https://soilgrids.org,2024,-75.531883199999996,37.846012100000003,5.6,2,78,11.6,10.4,0
SoilGrids,https://soilgrids.org,2024,-75.507222200000001,41.393611100000001,4,6,38.4,51.5,10.1,2.41
SoilGrids,https://soilgrids.org,2024,-75.494499200000007,37.975223499999998,5.6,3,55.7,32.1,12.2,0
SoilGrids,https://soilgrids.org,2024,-75.262222199999997,40.923055599999998,5.5,4,15.9,65.400000000000006,18.7,0.16
SoilGrids,https://soilgrids.org,2024,-74.913333300000005,40.2577778,5.5,8,4.5,73.7,21.8,1.2
SoilGrids,https://soilgrids.org,2024,-74.752220199999996,42.935554500000002,7.5,7.05,20.6,57.3,22.1,0.21000000000000002
SoilGrids,https://soilgrids.org,2024,-74.612777699999995,40.094444299999999,4.7,6.95,78,3.1,18.899999999999999,0.09
SoilGrids,https://soilgrids.org,2024,-74.316666666666706,-7.65,4.8,6.6,40,20,40,0.2
SoilGrids,https://soilgrids.org,2024,-74.157363899999993,40.573387099999998,4.8,2.4,63.7,27.3,9,0.03
SoilGrids,https://soilgrids.org,2024,-73.379447900000002,43.701389300000002,4.9000000000000004,14,4.4000000000000004,56.2,39.4,3.02
SoilGrids,https://soilgrids.org,2024,-73.283333333333303,-3.85,4.4000000000000004,0.6,90,9,1,0.43
SoilGrids,https://soilgrids.org,2024,-73.083299999999994,-8.6166999999999998,5.3,33.6,15,30,55,0.62
SoilGrids,https://soilgrids.org,2024,-73.029403700000003,-41.4937325,5.9,1.9,80.099999999999994,19.899999999999999,0,4.59
SoilGrids,https://soilgrids.org,2024,-72.893119812011705,-41.391666412353501,5.4,2.35,79,19,2,3.6700000000000004
SoilGrids,https://soilgrids.org,2024,-72.866943399999997,44.4947205,5.6,1.5,64.900000000000006,32.6,2.5,0.37
SoilGrids,https://soilgrids.org,2024,-72.75,-7.5833000000000004,3.8,0.8,81,16,3,0.72
SoilGrids,https://soilgrids.org,2024,-72.742019653320298,41.488876342773402,6.2,4.8499999999999996,33.4,53,13.6,0.95
SoilGrids,https://soilgrids.org,2024,-72.711944599999995,40.959446,5.0999999999999996,0.3,83.6,15.3,1.1000000000000001,0.04
SoilGrids,https://soilgrids.org,2024,-72.599999999999994,-7.55,4.3,3,55,21,24,0.11000000000000001
SoilGrids,https://soilgrids.org,2024,-72.294441199999994,44.2858315,4.9000000000000004,32,64.5,32.9,2.6,1.22
SoilGrids,https://soilgrids.org,2024,-72.2866669,43.368610400000001,5.0999999999999996,0.95,56.7,36.4,6.9,0.44000000000000006
SoilGrids,https://soilgrids.org,2024,-71.748611499999996,44.197498299999999,4.2,36,78.099999999999994,20.5,1.4,0.27999999999999997
SoilGrids,https://soilgrids.org,2024,-71.699996900000002,42.949443799999997,5.3,17,97.6,2.4,0,0.11000000000000001
SoilGrids,https://soilgrids.org,2024,-71.698333700000006,42.943611099999998,5.2,0.5,95.7,3.7,0.6,0.25
SoilGrids,https://soilgrids.org,2024,-71.5,4.5,5.4,4.3,5,55,40,0.57000000000000006
SoilGrids,https://soilgrids.org,2024,-71.336112999999997,4.5738887999999998,5.5,0.95,12,44,44,0.08
SoilGrids,https://soilgrids.org,2024,-70.809997600000003,41.6727791,5,0.2,92.9,6.7,0.4,0.37
SoilGrids,https://soilgrids.org,2024,-70.766670199999993,41.767776499999997,4.8,0.1,68.5,31.3,0.2,0.05
SoilGrids,https://soilgrids.org,2024,-70.710555999999997,41.792221099999999,4.9000000000000004,0.2,67.7,31.6,0.7,0.06
SoilGrids,https://soilgrids.org,2024,-70.349999999999994,-7.15,4.4000000000000004,9.8000000000000007,21,28,51,0.45
SoilGrids,https://soilgrids.org,2024,-69.833299999999994,-7.55,4.9000000000000004,22.9,12,50,38,0.47000000000000003
SoilGrids,https://soilgrids.org,2024,-69.696334800000002,45.406894700000002,3.6,16.55,37.299999999999997,53.6,9.1,0.86
SoilGrids,https://soilgrids.org,2024,-69.616699999999994,-8.0667000000000009,4.7,20.7,23,22,55,0.37
SoilGrids,https://soilgrids.org,2024,-68.700180099999997,45.688835099999999,3.7,4.8499999999999996,50.2,47.3,2.5,2.4899999999999998
SoilGrids,https://soilgrids.org,2024,-67.7294464,47.101112399999998,5.5,1.9,45.8,43,11.2,1.8
SoilGrids,https://soilgrids.org,2024,-67.683333333333294,10.352777777777799,6.1,3.5,44,23,33,0.2
SoilGrids,https://soilgrids.org,2024,-67.670277777777798,10.3638888888889,4.7,0.9,64,16,20,1.35
SoilGrids,https://soilgrids.org,2024,-67.183300000000003,-7.7,4.2,7.1,34,35,31,0.8
SoilGrids,https://soilgrids.org,2024,-67.137496900000002,18.327499400000001,4.5,7,6.7,27.2,66.099999999999994,2.1800000000000002
SoilGrids,https://soilgrids.org,2024,-66.7,-9.0167000000000002,3.6,23.6,55,25,20,0.75
SoilGrids,https://soilgrids.org,2024,-66.283889799999997,18.238611200000001,4.7,6,8.4,42.5,49.1,0.1
SoilGrids,https://soilgrids.org,2024,-66.281669600000001,18.241666800000001,4.8,3.45,4.9000000000000004,13,82.1,1.25
SoilGrids,https://soilgrids.org,2024,-66.267776499999997,18.236667600000001,5.5,4.2,6.9,12,81.099999999999994,0.31
SoilGrids,https://soilgrids.org,2024,-65.820556600000003,18.211666099999999,4.8,7.95,6,34.799999999999997,59.2,0.09
SoilGrids,https://soilgrids.org,2024,-65.816108700000001,18.327028299999998,5,18,20.7,39.1,40.200000000000003,1.98
SoilGrids,https://soilgrids.org,2024,-65.796999999999997,18.303999999999998,4.8,22.1,21.6,40.9,35.9,10.43
SoilGrids,https://soilgrids.org,2024,-62.883299999999998,-6.45,3.7,3.7,44,34.700000000000003,21.3,0.48
SoilGrids,https://soilgrids.org,2024,-62.616700000000002,-10.55,4.8,1.2,42,28,30,0.44000000000000006
SoilGrids,https://soilgrids.org,2024,-62.6,-5.7,4.4000000000000004,13.9,7.6,55.4,37,0.2
SoilGrids,https://soilgrids.org,2024,-62.2,-9.1,4.9000000000000004,0.5,82,4,14,0.24
SoilGrids,https://soilgrids.org,2024,-62.066699999999997,-10.7667,4.8,4.7,74,21,5,0.51
SoilGrids,https://soilgrids.org,2024,-61.7,-2.5,4.5999999999999996,6.9,80,12,8,1.02
SoilGrids,https://soilgrids.org,2024,-61.5,-2.2332999999999998,4.8,8.9,10,52,38,1.1000000000000001
SoilGrids,https://soilgrids.org,2024,-61.4833,-11.8667,5.6,1.7,54,16,30,0.37
SoilGrids,https://soilgrids.org,2024,-61.383299999999998,-3.55,4.2,29.4,11.2,70.900000000000006,17.899999999999999,1.6
SoilGrids,https://soilgrids.org,2024,-61.316699999999997,-6.9166999999999996,3.8,5.2,67.2,20.2,12.6,1.5
SoilGrids,https://soilgrids.org,2024,-61,0.93330000000000002,4.4000000000000004,12.9,71,8,21,1.6800000000000002
SoilGrids,https://soilgrids.org,2024,-60.966700000000003,-1.9666999999999999,4.0999999999999996,1.8,87.1,5.9,7,0.5
SoilGrids,https://soilgrids.org,2024,-60.133299999999998,-6.4,3.8,4.5,10.199999999999999,34.1,55.7,1.3
SoilGrids,https://soilgrids.org,2024,-59.966700000000003,-3.4167000000000001,4.0999999999999996,14.8,13.6,68.599999999999994,17.8,4
SoilGrids,https://soilgrids.org,2024,-59.7333,-11.216699999999999,4,3,38.799999999999997,23.2,34.4,0.4
SoilGrids,https://soilgrids.org,2024,-59.483333333333299,-15.15,6.2,8.6,55.6,21.3,23.1,1.2
SoilGrids,https://soilgrids.org,2024,-59.333300000000001,-15.05,5.4,15.3,42.3,27,30.7,0.8
SoilGrids,https://soilgrids.org,2024,-58.933300000000003,-11.433299999999999,4.7,0.5,26.4,14.8,58.5,0.8
SoilGrids,https://soilgrids.org,2024,-58.816666666666698,-12.216666666666701,4.5,1.7,88,6,7,0.3
SoilGrids,https://soilgrids.org,2024,-57.8333333333333,-32.6666666666667,6.1,11,86,9,5,0.18
SoilGrids,https://soilgrids.org,2024,-57.766666666666701,-15.3,4.4000000000000004,1.1000000000000001,78,5,16.899999999999999,0.3
SoilGrids,https://soilgrids.org,2024,-57.7333,-1.5333000000000001,3.8,4,58.7,17.100000000000001,24.2,0.27999999999999997
SoilGrids,https://soilgrids.org,2024,-57.716700000000003,-9.0167000000000002,3.9,2.2000000000000002,8.1999999999999993,60.5,31.3,0.5
SoilGrids,https://soilgrids.org,2024,-57.65,-12.283300000000001,3.9,1.6,74.599999999999994,4.5999999999999996,20.8,0.6
SoilGrids,https://soilgrids.org,2024,-56.933300000000003,-6.7,4.5999999999999996,8.9,34,15,51,0.39
SoilGrids,https://soilgrids.org,2024,-56.7,-16.5,8.4,6.6,77,18,5,0.1
SoilGrids,https://soilgrids.org,2024,-56.433300000000003,-19.9833,6,4.5,67,17,16,0.73
SoilGrids,https://soilgrids.org,2024,-56.4166666666667,-31.0833333333333,4.7,5.2,61.9,11.6,26.7,0.52
SoilGrids,https://soilgrids.org,2024,-54.316699999999997,-0.9667,5.2,3.7,37.799999999999997,12,50.2,0.3
SoilGrids,https://soilgrids.org,2024,-54.283299999999997,-16.716699999999999,5.5,3.9,31,24,45,0.26
SoilGrids,https://soilgrids.org,2024,-52.066699999999997,-9.75,4.5999999999999996,1.7,54.4,14.7,30.9,0.6
SoilGrids,https://soilgrids.org,2024,-52,-26.3,4.8,12.3,8,19,73,4.18
SoilGrids,https://soilgrids.org,2024,-51.783299999999997,-8.6333000000000002,4.3,3.4,21.3,42.4,36.299999999999997,0.3
SoilGrids,https://soilgrids.org,2024,-51.183300000000003,-10.4,4.2,5.6,69.2,20.5,10.3,3
SoilGrids,https://soilgrids.org,2024,-48.566699999999997,-18.383299999999998,5.8,11.5,57,17,26,2.21
SoilGrids,https://soilgrids.org,2024,-47.5833321,-22.566667599999999,6.1,1,17.600000000000001,21.4,61,4.54
SoilGrids,https://soilgrids.org,2024,-47.4833,-4.6333000000000002,4.8,3.5,2,11,87,0.27
SoilGrids,https://soilgrids.org,2024,-46.466667200000003,-22.933332400000001,4.5999999999999996,2,29.1,10,60.9,2.0100000000000002
SoilGrids,https://soilgrids.org,2024,-46.383299999999998,-14.8,5.0999999999999996,8.3000000000000007,7,50,43,0.26
SoilGrids,https://soilgrids.org,2024,-43.133299999999998,-4.6833,5.0999999999999996,4.7,65,14,21,0.11000000000000001
SoilGrids,https://soilgrids.org,2024,-40.583300000000001,-9.65,5.8,8.5,46,18,36,0.22999999999999998
SoilGrids,https://soilgrids.org,2024,-40.530799999999999,-18.956499999999998,6.6,3.5,49,26,25,4.54
SoilGrids,https://soilgrids.org,2024,-38.916699999999999,-4.2332999999999998,4.9000000000000004,16.5,22,14,64,0.7
SoilGrids,https://soilgrids.org,2024,-12.083333,8.9,4.8,2.1,62,7,18,1.64
SoilGrids,https://soilgrids.org,2024,-7.983333,12.666667,5.3,2.2999999999999998,23,43,34,0.12
SoilGrids,https://soilgrids.org,2024,-7.3333329999999997,5.8833330000000004,4.3,3,73.400000000000006,13,14.8,0.93
SoilGrids,https://soilgrids.org,2024,-6.0799998999999998,14.233611099999999,6.1,2.1,84,10,6,0.35
SoilGrids,https://soilgrids.org,2024,-5.665,11.608000000000001,4.9000000000000004,7,47.8,25.8,52.5,1.4
SoilGrids,https://soilgrids.org,2024,-1.6666700000000001,6.6666699999999999,4.8,3,50.3,10.1,39.6,0.4
SoilGrids,https://soilgrids.org,2024,-1.5310189999999999,6.7185259999999998,8.3000000000000007,5.8,70.7,5.0999999999999996,24.2,0.44000000000000006
SoilGrids,https://soilgrids.org,2024,2.0833330000000001,13.533333000000001,4.9000000000000004,2.8,86.9,5.9,53,0.09
SoilGrids,https://soilgrids.org,2024,2.2437999999999998,7.2663000000000002,6.7,2.6,68,21,11,0.9
SoilGrids,https://soilgrids.org,2024,2.2944399999999998,13.3222,4.5,1,88.5,2.2000000000000002,9.1999999999999993,6.9999999999999993E-2
SoilGrids,https://soilgrids.org,2024,2.4068000000000001,7.1521999999999997,7.8,4.3,81,12,7,0.8
SoilGrids,https://soilgrids.org,2024,2.4371,7.0792999999999999,6.9,1.7,90,7,3,0.2
SoilGrids,https://soilgrids.org,2024,3.5,6.6166669999999996,4.9000000000000004,3.3,41,11,48,0.08
SoilGrids,https://soilgrids.org,2024,6.6619440000000001,5.3238890000000003,5.2,3.8,64.099999999999994,11.3,24.6,0.09
SoilGrids,https://soilgrids.org,2024,6.95,50.616666666666703,4.7,4.7,8,75,17,0.18
SoilGrids,https://soilgrids.org,2024,7.1666670000000003,13.483333,6.4,0.7,92.5,3,4.5,0.08
SoilGrids,https://soilgrids.org,2024,10.657500000000001,3.080667,4.9000000000000004,1,39,13,47,0.3
SoilGrids,https://soilgrids.org,2024,12.76,-5.82,4.9000000000000004,2,69,9,22,0.32
SoilGrids,https://soilgrids.org,2024,14.27,-5.63,4.5999999999999996,4.5999999999999996,6,33,61,0.98000000000000009
SoilGrids,https://soilgrids.org,2024,14.97,-5.52,5.0999999999999996,4.8,28,40,32,2.1
SoilGrids,https://soilgrids.org,2024,22.830555,-20.419445,3.7,13,2,24,74,6.4
SoilGrids,https://soilgrids.org,2024,22.883889,-20.388888999999999,6.7,12.4,24,46,30,0.1
SoilGrids,https://soilgrids.org,2024,23.580556000000001,-19.861111000000001,8,2.8,92,1,14,0.1
SoilGrids,https://soilgrids.org,2024,23.655556000000001,-21.402778000000001,6.5,5.7,85,4,11,0.4
SoilGrids,https://soilgrids.org,2024,24.397221999999999,-18.125,7.5,64.8,20,67,13,2.2000000000000002
SoilGrids,https://soilgrids.org,2024,24.483333600000002,-14.6,5.9,1.35,64.900000000000006,14.1,21,1.23
SoilGrids,https://soilgrids.org,2024,24.600000399999999,57.099998499999998,4,3.3,96.1,3.9,0,2.4
SoilGrids,https://soilgrids.org,2024,24.919443999999999,-18.536110999999998,8,62.7,47,16,37,0.5
SoilGrids,https://soilgrids.org,2024,25.15,-18.834721999999999,6.9,11.8,87,3,10,0.7
SoilGrids,https://soilgrids.org,2024,25.628056000000001,-18.619721999999999,5.2,1.25,92,2,9,0.5
SoilGrids,https://soilgrids.org,2024,25.629722222222199,58.279722222222198,5.7,5.3,66,26,8,0.1
SoilGrids,https://soilgrids.org,2024,25.739170000000001,-33.283050000000003,5.3,2.5,67,15,15,1.5
SoilGrids,https://soilgrids.org,2024,27.026667,-20.911110999999998,6,1.95,85.1,9.8000000000000007,6,0.43
SoilGrids,https://soilgrids.org,2024,27.682780000000001,-31.3,6.4,3.5,60,25,13,0.88000000000000012
SoilGrids,https://soilgrids.org,2024,27.734999999999999,-21.848610999999998,6.8,5.5,86,7,7,0.2
SoilGrids,https://soilgrids.org,2024,27.75,-29.15,6.9,2.25,44,16,40,0.48
SoilGrids,https://soilgrids.org,2024,27.75,-15.8166666,5.4,5.2,47,10,43,0.52
SoilGrids,https://soilgrids.org,2024,27.916665999999999,-15.7666664,8.1999999999999993,34,26.9,20.7,52.4,0.57000000000000006
SoilGrids,https://soilgrids.org,2024,28.293330000000001,-24.1,5.0999999999999996,0.9,84,6,8,0.2
SoilGrids,https://soilgrids.org,2024,28.386109999999999,-26.08333,5.0999999999999996,2.1,74,8,15,0.5
SoilGrids,https://soilgrids.org,2024,29.033059999999999,-30.593610000000002,4.7,5.7,22,34,42,1.1800000000000002
SoilGrids,https://soilgrids.org,2024,29.316666999999999,-3.3666670000000001,5.3,1,54.8,17.899999999999999,27.3,1.8399999999999999
SoilGrids,https://soilgrids.org,2024,29.57,-2.57,4.7,3.5,53,8,40,1.08
SoilGrids,https://soilgrids.org,2024,29.6,-2.54,4.4000000000000004,3.1,35,11,54,0.53
SoilGrids,https://soilgrids.org,2024,29.62,-1.75,5.2,6.9,41,21,38,1.1099999999999999
SoilGrids,https://soilgrids.org,2024,29.67,-2.35,5,1.9,84,14,2,0.06
SoilGrids,https://soilgrids.org,2024,29.741669999999999,-25.24333,5.3,1.4,51,11,39,0.4
SoilGrids,https://soilgrids.org,2024,29.75,-2.5166667,5.0999999999999996,5.5,34.5,9,56.5,1.17
SoilGrids,https://soilgrids.org,2024,29.774999600000001,-2.3655555000000001,4.5,4.05,54,9,37,1.03
SoilGrids,https://soilgrids.org,2024,30,-1.44,4,70.7,1,35,64,29.07
SoilGrids,https://soilgrids.org,2024,30.216699600219702,-2.3499999046325701,4.9000000000000004,4.55,42,9,49,0.52
SoilGrids,https://soilgrids.org,2024,30.308332400000001,-29.4138889,5.2,4.9000000000000004,26,55,19,11.73
SoilGrids,https://soilgrids.org,2024,30.37,-1.88,5,8.0500000000000007,21,5,74,6.9999999999999993E-2
SoilGrids,https://soilgrids.org,2024,31.113330000000001,-27.886669999999999,4.7,3.3,69,5,23,0.8
SoilGrids,https://soilgrids.org,2024,31.166665999999999,-10.166667,5.3,2.8,78,2,20,6.9999999999999993E-2
SoilGrids,https://soilgrids.org,2024,31.2655563,-17.889165899999998,4.5999999999999996,1,67.7,9.6,22.7,6.9999999999999993E-2
SoilGrids,https://soilgrids.org,2024,31.553329999999999,-25.627220000000001,6.1,8.1999999999999993,36,18,44,0.5
SoilGrids,https://soilgrids.org,2024,32.533332999999999,15.55,7.9,36.4,60.5,11.5,28,0.22000000000000003
SoilGrids,https://soilgrids.org,2024,32.533889799999997,0.41333330000000001,5.4,4.2,26.6,8.1,65.3,0.73
SoilGrids,https://soilgrids.org,2024,37.366667,-1.8727780000000001,4.8,5.2,34.299999999999997,5,57.1,0.55000000000000004
SoilGrids,https://soilgrids.org,2024,38.116667,-1.631111,6,8.6999999999999993,55,7,38,0.67999999999999994
SoilGrids,https://soilgrids.org,2024,39.833333000000003,-3.45,5.3,1,73.3,0.8,25.9,0.24
SoilGrids,https://soilgrids.org,2024,42.820656,0.45440799999999998,8.1,25.7,49,14,37,0.54
SoilGrids,https://soilgrids.org,2024,44,60.9,5,1.5,65,31,4,0.4
SoilGrids,https://soilgrids.org,2024,59,58,5.2,15.8,27,49,24,0.98000000000000009
SoilGrids,https://soilgrids.org,2024,89.411388888900007,26.853055555600001,5.5,2.7,55.4,27.5,17.100000000000001,0.24666667000000003
SoilGrids,https://soilgrids.org,2024,90.248611111100004,27.428333333299999,5.4,1.05,15,61.8,23.2,0.4766667
SoilGrids,https://soilgrids.org,2024,91.5100086552428,27.1191096201131,5.6,11,20.6,45.6,33.799999999999997,0.13
SoilGrids,https://soilgrids.org,2024,98.616666666666703,2.56666666666667,5.4,0.2,10.199999999999999,53.5,36.299999999999997,10.5
SoilGrids,https://soilgrids.org,2024,99.366668700000005,10.9788885,5.6,1.05,98,1,1,0.65
SoilGrids,https://soilgrids.org,2024,102.1500015,15.300000199999999,5.6,1.95,77.599999999999994,19.2,3.2,0.42000000000000004
SoilGrids,https://soilgrids.org,2024,102.30416870000001,-1.6069443999999999,4.4000000000000004,2.15,51.7,12,36.299999999999997,1.17
SoilGrids,https://soilgrids.org,2024,107.616666666667,-6.8333333333333304,5.5,5,5.9,70.900000000000006,23.2,3.28
SoilGrids,https://soilgrids.org,2024,108.251960754395,23.163467407226602,4.5999999999999996,6.2,49,10,41,1.21
SoilGrids,https://soilgrids.org,2024,114.183333333333,24.283333333333299,4.2,8.8000000000000007,21,41,38,0.36
SoilGrids,https://soilgrids.org,2024,114.283333333333,24.383333333333301,5.2,11,13,31,56,0.8
SoilGrids,https://soilgrids.org,2024,115.876304626465,26.455694198608398,6,2.8,44,22,34,0.22000000000000003
SoilGrids,https://soilgrids.org,2024,116.916666666667,28.216666666666701,4.5,3.7,74.7,10.6,14.7,0.57999999999999996
SoilGrids,https://soilgrids.org,2024,121.01750180000001,24.953889799999999,5.2,4.3,15.1,41.7,43.2,0.28999999999999998
SoilGrids,https://soilgrids.org,2024,121.5088882,25.279443700000002,5.3,4.25,5.0999999999999996,38.9,56,0.21000000000000002
SoilGrids,https://soilgrids.org,2024,121.5749969,24.9111118,4.5999999999999996,4.3,28.9,44.6,26.5,0.41
SoilGrids,https://soilgrids.org,2024,124.01666666666701,12.983333333333301,6.3,3,4.2,32.1,63.7,0.64
SoilGrids,https://soilgrids.org,2024,128.1,42.4,5.3,7.3,10,67.900000000000006,22,0.42000000000000004
SoilGrids,https://soilgrids.org,2024,129.526123046875,42.5117378234863,6,13.3,54,31,15,1.75
SoilGrids,https://soilgrids.org,2024,143.1222229,42.837501500000002,6,11.9,14.4,51.9,33.700000000000003,2.15
SoilGrids,https://soilgrids.org,2024,145.36666666666699,-6.0333333333333297,6,15.1,1,7,92,0.13
SoilGrids,https://soilgrids.org,2024,161.41638180000001,68.639724700000002,5.6,12.3,3.4,73.5,23.1,3.18
SoilGrids,https://soilgrids.org,2024,-156.89724731445301,21.110742568969702,5.0999999999999996,3.75,42.4,44.6,13,1.54
SoilGrids,https://soilgrids.org,2024,-151.58332820000001,61.1666679,4.2,1.05,64.599999999999994,32.6,2.8,13.01
SoilGrids,https://soilgrids.org,2024,-150.03334050000001,62.25,5.2,30.5,76.599999999999994,20.9,2.4,0.53
SoilGrids,https://soilgrids.org,2024,-132.49583440000001,55.4416656,5.2,11.1,58.6,38,3.4,1.45
SoilGrids,https://soilgrids.org,2024,-131.691665599999,55.720832799999997,4.7,12,72.900000000000006,18.100000000000001,1.4,9.57
SoilGrids,https://soilgrids.org,2024,-123.6102753,47.440555600000003,5.0999999999999996,2.95,64.400000000000006,30.2,5.4,5.79
SoilGrids,https://soilgrids.org,2024,-122.4402771,48.971389799999997,5,1.7,90,8.8000000000000007,1.2,0.22000000000000003
SoilGrids,https://soilgrids.org,2024,-121.9269257,41.526790599999998,5.6,1.2,68.400000000000006,31.6,0,3.6700000000000004
SoilGrids,https://soilgrids.org,2024,-121.1966281,39.613990700000002,5.7,3.6,9,62,29,0.25
SoilGrids,https://soilgrids.org,2024,-120.757133499999,38.931560500000003,4.8,3.6,11,62.9,26.1,0.37
SoilGrids,https://soilgrids.org,2024,-118.9000015,37.134998299999999,5.5,1.2,83.4,15.9,0.7,0.7
SoilGrids,https://soilgrids.org,2024,-117.1344452,32.846668200000003,4.5999999999999996,23.2,46.6,35.6,17.8,0.28999999999999998
SoilGrids,https://soilgrids.org,2024,-113.8526001,46.059608500000003,5,1.2,82,15.9,2.1,0.3
SoilGrids,https://soilgrids.org,2024,-112.3499985,38.299999200000002,6,24,54.7,36.4,8.9,0.45999999999999996
SoilGrids,https://soilgrids.org,2024,-110.5094452,31.4974995,5.2,15.95,46.3,14.4,39.299999999999997,0.55000000000000004
SoilGrids,https://soilgrids.org,2024,-108.2133331,37.694442700000003,5.7,6.45,61.3,33.299999999999997,5.4,0.21000000000000002
SoilGrids,https://soilgrids.org,2024,-108.206665,37.696388200000001,5,15.7,23,38.5,38.5,0.21000000000000002
SoilGrids,https://soilgrids.org,2024,-106.4197235,39.528331799999997,5.8,7,39.799999999999997,53.4,6.8,0.2
SoilGrids,https://soilgrids.org,2024,-96.814720199999996,38.9011116,8.0500000000000007,18.55,5.2,54.3,40.5,0.42000000000000004
SoilGrids,https://soilgrids.org,2024,-96.620002700000001,32.703212700000002,5.0999999999999996,12.85,53.2,19.600000000000001,27.2,0.09
SoilGrids,https://soilgrids.org,2024,-96.616668700000005,31.032777800000002,5.2,18.649999999999999,56.5,17.3,26.2,0.13999999999999999
SoilGrids,https://soilgrids.org,2024,-96.349998499999998,33.450000799999998,7.4333334000000004,20.3,11.1,54.5,34.4,0.04
SoilGrids,https://soilgrids.org,2024,-95.668373099999997,42.065807300000003,6.4,48,3.3,70.3,26.4,0.57000000000000006
SoilGrids,https://soilgrids.org,2024,-95.430274999999995,31.517221500000002,4.7,3,76,20.2,3.8,1.1300000000000001
SoilGrids,https://soilgrids.org,2024,-95.131660499999995,42.944717400000002,6,20.65,20.2,53.9,25.9,2.59
SoilGrids,https://soilgrids.org,2024,-94.662498499999998,31.184722900000001,4.7,1.05,35.200000000000003,28.3,36.5,0.06
SoilGrids,https://soilgrids.org,2024,-94.603822199999996,37.363275000000002,6,5,16.100000000000001,47.7,36.200000000000003,0.2
SoilGrids,https://soilgrids.org,2024,-94.5989778,37.2353278,5.5,17,29.6,52.8,17.600000000000001,0.7
SoilGrids,https://soilgrids.org,2024,-94.5799789,36.614696500000001,6.9,10.6,4.5,76.2,19.3,1.1000000000000001
SoilGrids,https://soilgrids.org,2024,-94.578430600000004,37.311647200000003,5.7,12.15,17.399999999999999,70.400000000000006,12.2,1.2
SoilGrids,https://soilgrids.org,2024,-94.5659639,36.740136100000001,4.9000000000000004,3,16.3,69.5,14.2,0.1
SoilGrids,https://soilgrids.org,2024,-94.538055400000005,37.236946099999997,4.5999999999999996,14,19,46.8,34.200000000000003,0.75
SoilGrids,https://soilgrids.org,2024,-94.516387899999998,31.538333900000001,5.6,27.05,51.5,14.3,34.200000000000003,0.55000000000000004
SoilGrids,https://soilgrids.org,2024,-94.496033299999993,36.657611099999997,4.7,3,16.100000000000001,52.7,31.2,0.1
SoilGrids,https://soilgrids.org,2024,-94.493497199999993,36.654263899999997,4.7,12.85,8,55.6,36.4,0.3
SoilGrids,https://soilgrids.org,2024,-94.434633300000002,37.342413899999997,5.3,8,24.4,37.6,38,0.1
SoilGrids,https://soilgrids.org,2024,-94.416389499999994,29.9950008,5.5,23.65,6.3,39.9,53.8,0.98000000000000009
SoilGrids,https://soilgrids.org,2024,-94.392555200000004,39.809612299999998,5.2,24,2.5,57,40.5,1.4
SoilGrids,https://soilgrids.org,2024,-94.305783300000002,36.813099999999999,4.3,4.7,10.199999999999999,73.099999999999994,16.7,0.3
SoilGrids,https://soilgrids.org,2024,-94.285833299999993,36.636666699999999,5.3,3.4,6,52.8,41.2,0.4
SoilGrids,https://soilgrids.org,2024,-94.227558299999998,37.201999999999998,5.9,8,9.3000000000000007,66.8,23.9,1
SoilGrids,https://soilgrids.org,2024,-94.186152800000002,37.1749917,5.8,10.7,9.1999999999999993,74.8,16.100000000000001,1
SoilGrids,https://soilgrids.org,2024,-94.184438900000004,37.091099999999997,7,13,13.9,79.900000000000006,6.2,0.1
SoilGrids,https://soilgrids.org,2024,-94.1802694,37.090555600000002,6.1,5,9.1999999999999993,76.5,14.3,2.7
SoilGrids,https://soilgrids.org,2024,-94.127327800000003,36.7335639,4.9000000000000004,4,12.4,33.700000000000003,53.9,0.1
SoilGrids,https://soilgrids.org,2024,-94.0668869,36.816738100000002,4.8,8.5,10.95,59.4,34.700000000000003,1.3050000000000002
SoilGrids,https://soilgrids.org,2024,-93.982922200000004,39.916247200000001,5.3,10,97.4,58.9,38.9,0.04
SoilGrids,https://soilgrids.org,2024,-93.907891000000006,37.429340000000003,6.4,32,18.600000000000001,47.1,34.299999999999997,0.5
SoilGrids,https://soilgrids.org,2024,-93.827499399999994,40.092498800000001,6.4,26,2.2999999999999998,59.7,38,0.2
SoilGrids,https://soilgrids.org,2024,-93.7915955,35.630927999999997,4.4000000000000004,4.05,6.3,37.200000000000003,56.5,0.24
SoilGrids,https://soilgrids.org,2024,-93.689910900000001,30.402446699999999,5,4.1500000000000004,22.9,51.1,26,0.08
SoilGrids,https://soilgrids.org,2024,-93.686142000000004,32.786998699999998,4.7,28.4,12.4,35.9,51.7,0.22000000000000003
SoilGrids,https://soilgrids.org,2024,-93.625831599999998,37.283889799999997,5.4,4.1500000000000004,71.900000000000006,12.6,15.5,0.02
SoilGrids,https://soilgrids.org,2024,-93.512222300000005,30.700832399999999,5.5,2,17.600000000000001,37.1,45.3,0.04
SoilGrids,https://soilgrids.org,2024,-93.491332999999997,44.336936999999999,5.0999999999999996,31,32.5,32.1,35.4,0.42000000000000004
SoilGrids,https://soilgrids.org,2024,-93.476577758789006,30.773826599121001,4.5,4.25,26.7,55.8,17.5,0.16999999999999998
SoilGrids,https://soilgrids.org,2024,-93.421305599999997,37.203791699999996,5.0999999999999996,2,8.3000000000000007,42.5,37.299999999999997,0.8
SoilGrids,https://soilgrids.org,2024,-93.4008331,37.561668400000002,6.7,11.2,16.100000000000001,23.6,60.3,0.06
SoilGrids,https://soilgrids.org,2024,-93.376963900000007,37.686300000000003,4.8,5.85,2.4,39.200000000000003,58.3,0.3
SoilGrids,https://soilgrids.org,2024,-93.375908300000006,36.644269399999999,6.3,14,26.2,61.1,12.7,6.4
SoilGrids,https://soilgrids.org,2024,-93.340555600000002,39.712499999999999,5,18,6.3,44.1,49.6,0.6
SoilGrids,https://soilgrids.org,2024,-93.274169900000004,43.558612799999999,5.6,10.95,27.5,50,22.5,0.91999999999999993
SoilGrids,https://soilgrids.org,2024,-93.222805600000001,37.017499999999998,7.1,7,8.8000000000000007,75.900000000000006,16.8,0.9
SoilGrids,https://soilgrids.org,2024,-93.183611099999993,39.586111099999997,5.3,24.9,5.3,69.099999999999994,25.6,0.3
SoilGrids,https://soilgrids.org,2024,-93.118194599999995,39.6301956,6.3,18,5.4,74.099999999999994,20.5,1.7
SoilGrids,https://soilgrids.org,2024,-93.075721700000003,45.389362300000002,4.5999999999999996,2.5,89.2,7.5,3.3,0.95
SoilGrids,https://soilgrids.org,2024,-92.888885500000001,41.827777900000001,7.9,19,3.3,73.7,23,0.48
SoilGrids,https://soilgrids.org,2024,-92.866668700000005,46.6833344,6.4,3.05,54.6,39,6.4,0.05
SoilGrids,https://soilgrids.org,2024,-92.803128999999998,36.811321,4.5999999999999996,11,19.5,72.3,8.1999999999999993,0.6
SoilGrids,https://soilgrids.org,2024,-92.766666700000002,39,6.3,32,7,72.7,22.3,1.1000000000000001
SoilGrids,https://soilgrids.org,2024,-92.757686100000001,40.085724999999996,7.7,11,32.5,35.1,32.4,0.1
SoilGrids,https://soilgrids.org,2024,-92.750502800000007,36.773811100000003,6.8,4,3.8,23.1,73.099999999999994,0.2
SoilGrids,https://soilgrids.org,2024,-92.729555599999998,38.588305599999998,6.8,18.95,57.5,19.8,22.7,0.1
SoilGrids,https://soilgrids.org,2024,-92.715730500000006,36.993405799999998,7,7,17.3,71.099999999999994,11.6,0.6
SoilGrids,https://soilgrids.org,2024,-92.709758300000004,40.588266699999998,5.2,9,54.9,15,30.1,0.3
SoilGrids,https://soilgrids.org,2024,-92.622430600000001,40.060036099999998,5.2,15,4.5,62.6,32.9,2
SoilGrids,https://soilgrids.org,2024,-92.611666700000001,36.567222200000003,5.0999999999999996,3.25,34.700000000000003,52.1,13.3,0.2
SoilGrids,https://soilgrids.org,2024,-92.609168999999994,30.471944799999999,5.3,4.75,15.9,27.5,56.6,0.27
SoilGrids,https://soilgrids.org,2024,-92.5960556,38.7734722,7.2,14.4,11.5,70.8,17.8,1.1000000000000001
SoilGrids,https://soilgrids.org,2024,-92.581613899999994,36.694366700000003,5.3,10,38.9,54.5,6.6,2.5
SoilGrids,https://soilgrids.org,2024,-92.556991699999998,38.104300000000002,5.0999999999999996,12,4.9000000000000004,75.7,19.399999999999999,0.3
SoilGrids,https://soilgrids.org,2024,-92.472778300000002,39.6458321,6.6,27.3,2.2999999999999998,49.2,48.5,0.89
SoilGrids,https://soilgrids.org,2024,-92.361388899999994,37.586388900000003,7.7,19,12.6,75.400000000000006,12,0.9
SoilGrids,https://soilgrids.org,2024,-92.345169067382798,38.967266082763601,5.5,19,30.8,10.6,77.2,0.2
SoilGrids,https://soilgrids.org,2024,-92.344999999999999,38.967222200000002,8.1,19,28.1,45.3,12.8,0.8
SoilGrids,https://soilgrids.org,2024,-92.301666699999998,37.613055600000003,5.3,3,22.5,64.7,12.8,1.1000000000000001
SoilGrids,https://soilgrids.org,2024,-92.289886899999999,38.374217399999999,5.2,8.85,3.8,65.7,30.5,0.3
SoilGrids,https://soilgrids.org,2024,-92.261510900000005,38.382016299999997,7.4,4,77.400000000000006,7.1,15.5,0.3
SoilGrids,https://soilgrids.org,2024,-92.200330600000001,36.877611100000003,4.7,2.4500000000000002,19.7,71.7,8.6999999999999993,0.9
SoilGrids,https://soilgrids.org,2024,-92.197316700000002,36.807513899999996,4.5999999999999996,11,16.5,42.2,41.3,0.1
SoilGrids,https://soilgrids.org,2024,-92.168562600000001,38.0389245,5.0999999999999996,19,21.2,68.400000000000006,10.4,1.1000000000000001
SoilGrids,https://soilgrids.org,2024,-92.160636100000005,37.004041700000002,4.5,7.7,8.4,16.8,74.8,0.2
SoilGrids,https://soilgrids.org,2024,-92.154144400000007,36.675736100000002,5,8,10.9,26.7,62.4,0.1
SoilGrids,https://soilgrids.org,2024,-92.120613899999995,36.504483299999997,5.4,5,38.6,52.8,8.6,0.2
SoilGrids,https://soilgrids.org,2024,-92.118324000000001,36.501646000000001,5.5,15,38.200000000000003,36,25.8,0.1
SoilGrids,https://soilgrids.org,2024,-92.108492400000003,38.465605199999999,5.2,14.1,6.4,76.7,16.899999999999999,1.3
SoilGrids,https://soilgrids.org,2024,-92.095695500000005,38.957668300000002,6.4,29.15,7.1,69,23.9,1.35
SoilGrids,https://soilgrids.org,2024,-92.086855600000007,36.5949806,5,5.85,10.8,69.3,19.899999999999999,0.3
SoilGrids,https://soilgrids.org,2024,-92.080276499999997,45.6877785,5.9,9.15,25.2,68.599999999999994,6.2,0.32
SoilGrids,https://soilgrids.org,2024,-92.067030599999995,36.847875000000002,5.0999999999999996,4.05,30.8,53.4,12.8,0.1
SoilGrids,https://soilgrids.org,2024,-92.008331299999995,41.477222400000002,5.2,14.05,33.799999999999997,46.4,19.8,0.15
SoilGrids,https://soilgrids.org,2024,-92,36,5.6,2.7,45.8,43.7,14.6,0.1
SoilGrids,https://soilgrids.org,2024,-91.993888900000002,41.433887499999997,6.3,21.9,0.7,69.7,29.6,0.12
SoilGrids,https://soilgrids.org,2024,-91.984281600000003,38.221148700000001,5,9.8000000000000007,2.9,46.8,50.3,0.4
SoilGrids,https://soilgrids.org,2024,-91.959688900000003,37.353400000000001,4.8,1,2.2999999999999998,27,70.7,0.1
SoilGrids,https://soilgrids.org,2024,-91.8802795,44.895557400000001,6.3,6.9,50.1,37.700000000000003,12.2,1.35
SoilGrids,https://soilgrids.org,2024,-91.878638899999999,37.634416700000003,4.9000000000000004,8,25.7,41.1,33.200000000000003,0.1
SoilGrids,https://soilgrids.org,2024,-91.765981699999998,38.5969926,4.5,6,2,44.4,53.6,0.4
SoilGrids,https://soilgrids.org,2024,-91.741555599999998,38.001444399999997,4.4000000000000004,18,8.6999999999999993,53.9,37.4,0.1
SoilGrids,https://soilgrids.org,2024,-91.707067100000003,38.068316299999999,6.7,19,2.6,18.3,79.099999999999994,0.3
SoilGrids,https://soilgrids.org,2024,-91.692599599999994,38.210331500000002,5.4,6,15.8,63.4,20.8,0.2
SoilGrids,https://soilgrids.org,2024,-91.658164999999997,36.758083300000003,6.2,5,23,61,16,0.4
SoilGrids,https://soilgrids.org,2024,-91.642611099999996,38.465888900000003,7.2,8.1999999999999993,24.7,35.799999999999997,39.5,0.5
SoilGrids,https://soilgrids.org,2024,-91.615186100000003,37.391363900000002,5.6,3,19.899999999999999,64.8,15.3,0.3
SoilGrids,https://soilgrids.org,2024,-91.577986100000004,37.382483299999997,5.7,5,19.3,67.400000000000006,13.3,1.1000000000000001
SoilGrids,https://soilgrids.org,2024,-91.521697200000006,36.914955599999999,5.3,3.35,37.6,52.5,9.9,2.4
SoilGrids,https://soilgrids.org,2024,-91.5109444,38.873361099999997,6,32.549999999999997,15.8,51.9,32.299999999999997,0.2
SoilGrids,https://soilgrids.org,2024,-91.496863899999994,36.930027799999998,5,2,35.799999999999997,46.4,17.8,0.2
SoilGrids,https://soilgrids.org,2024,-91.487077799999994,37.053380599999997,4.7,3,11.4,68.2,20.399999999999999,0.1
SoilGrids,https://soilgrids.org,2024,-91.4814705,37.948424199999998,4.5999999999999996,3,32.200000000000003,43.9,23.9,0.4
SoilGrids,https://soilgrids.org,2024,-91.46875,37.034216700000002,4.7,7.4,12.7,51.8,35.5,0.1
SoilGrids,https://soilgrids.org,2024,-91.395444400000002,37.366411100000001,5,29.3,0.7,9.9,89.4,0.3
SoilGrids,https://soilgrids.org,2024,-91.392777800000005,38.7783333,4.4000000000000004,12,2.4,56.2,41.4,0.2
SoilGrids,https://soilgrids.org,2024,-91.391811099999998,37.306477800000003,4.7,1,66.3,27.1,6.6,1.3
SoilGrids,https://soilgrids.org,2024,-91.389541699999995,37.376297200000003,5.0999999999999996,6,19.100000000000001,35.299999999999997,45.6,0.2
SoilGrids,https://soilgrids.org,2024,-91.350830099999996,43.489166300000001,5.3,33.799999999999997,5.5,76.5,18,1.56
SoilGrids,https://soilgrids.org,2024,-91.318163900000002,38.007972199999998,7,7,8.8000000000000007,75.7,15.5,1
SoilGrids,https://soilgrids.org,2024,-91.287391700000001,33.055332200000002,8.1,14.05,11.5,76.900000000000006,11.6,0.05
SoilGrids,https://soilgrids.org,2024,-91.268861099999995,36.957916699999998,5,12.2,20.8,45.8,33.4,0.2
SoilGrids,https://soilgrids.org,2024,-91.259177800000003,37.174127800000001,5,4,6.4,58.4,35.200000000000003,0.4
SoilGrids,https://soilgrids.org,2024,-91.237099999999998,37.106383299999997,5.0999999999999996,7.85,21.5,33.200000000000003,45.3,0.1
SoilGrids,https://soilgrids.org,2024,-91.236487499999996,37.7557531,4.8,17.75,17.5,28.8,53.6,0.2
SoilGrids,https://soilgrids.org,2024,-91.235313899999994,37.112008299999999,5,9,37.6,54.5,7.9,3.1
SoilGrids,https://soilgrids.org,2024,-91.187837400000006,37.916420199999997,5,2.2000000000000002,43.2,48,8.6999999999999993,0.2
SoilGrids,https://soilgrids.org,2024,-91.183344399999996,37.1270472,4.7,3.95,15.2,57.2,27.6,0.1
SoilGrids,https://soilgrids.org,2024,-91.183333300000001,36.883333299999997,4.8,15.1,41.1,51.2,7.7,1.6
SoilGrids,https://soilgrids.org,2024,-91.140961099999998,37.173644400000001,4.8,4,25.9,24.3,27.8,0.9
SoilGrids,https://soilgrids.org,2024,-91.138741699999997,37.175033300000003,5.2,4,14.1,68.3,17.600000000000001,0.2
SoilGrids,https://soilgrids.org,2024,-91.116457999999994,38.176456700000003,7.5,21,65.8,7.3,26.9,0.4
SoilGrids,https://soilgrids.org,2024,-91.112068199999996,34.735675800000003,8.6,5.35,10.9,66.599999999999994,22.5,0.1
SoilGrids,https://soilgrids.org,2024,-91.110524999999996,38.163102799999997,5,14.9,10.8,65.8,23.4,0.3
SoilGrids,https://soilgrids.org,2024,-91.100399999999993,37.133650000000003,5.0999999999999996,7,49.4,43.3,18.100000000000001,0.1
SoilGrids,https://soilgrids.org,2024,-91.1003513,38.163671200000003,5.3,4,7.6,27.7,64.7,1.5
SoilGrids,https://soilgrids.org,2024,-91.077630600000006,37.137969400000003,5.3,28,13.5,52.6,33.9,0.2
SoilGrids,https://soilgrids.org,2024,-91.0772111,37.332430600000002,5,3,49.1,38.200000000000003,12.7,1.1000000000000001
SoilGrids,https://soilgrids.org,2024,-91.076452799999998,37.145341700000003,5,22,3.6,13.2,83.2,0.4
SoilGrids,https://soilgrids.org,2024,-91.071588899999995,37.145352799999998,4.8,4.9000000000000004,9,63.7,23.6,1.7
SoilGrids,https://soilgrids.org,2024,-91.053735700000004,37.994224699999997,4.7,9,28.4,21.8,49.8,0.1
SoilGrids,https://soilgrids.org,2024,-91.001308300000005,38.456261099999999,8,12,16.600000000000001,73.5,31.3,0.2
SoilGrids,https://soilgrids.org,2024,-90.9889771,37.937971099999999,4,2.9,28.7,53.8,17.5,0.4
SoilGrids,https://soilgrids.org,2024,-90.986075,37.1989667,4.5,5,16.7,40.6,42.7,0.4
SoilGrids,https://soilgrids.org,2024,-90.969833374023395,30.6596660614013,5.6,13.15,5.2,70.599999999999994,24.2,0.15
SoilGrids,https://soilgrids.org,2024,-90.961776733398395,30.8141059875488,4.5999999999999996,1,30.5,8.6999999999999993,17.5,0.1
SoilGrids,https://soilgrids.org,2024,-90.911857600000005,37.848494000000002,4.7,21,10,59.5,30.5,0.3
SoilGrids,https://soilgrids.org,2024,-90.903785400000004,37.8124842,4.7,17,19.2,70.2,10.6,3.1
SoilGrids,https://soilgrids.org,2024,-90.870187700000002,38.1306151,4.3,6,49.9,32.299999999999997,17.8,0.1
SoilGrids,https://soilgrids.org,2024,-90.852758300000005,37.1441667,5.3,3,15.6,19.7,64.7,0.4
SoilGrids,https://soilgrids.org,2024,-90.840835600000005,44.969165799999999,5.6,8.6,5.9,80.599999999999994,13.5,1.7399999999999998
SoilGrids,https://soilgrids.org,2024,-90.771194399999999,39.164805600000001,6.7,16,3,68.7,28.3,0.7
SoilGrids,https://soilgrids.org,2024,-90.743995699999999,34.729286199999997,7.6,16.8,1,91.7,7.3,1.7
SoilGrids,https://soilgrids.org,2024,-90.714798000000002,37.808067299999998,4.9000000000000004,5.55,27.7,52.3,20,0
SoilGrids,https://soilgrids.org,2024,-90.699166700000006,38.2330556,5,12.35,3.8,75.599999999999994,20.6,0.2
SoilGrids,https://soilgrids.org,2024,-90.697277799999995,37.919861099999999,4.4000000000000004,12,23.9,50.2,25.9,0.3
SoilGrids,https://soilgrids.org,2024,-90.692335900000003,38.413107599999996,4.9000000000000004,7,91.1,4.3,4.5999999999999996,0.1
SoilGrids,https://soilgrids.org,2024,-90.683753999999993,37.0340919,5,1.75,84.9,7.5,7.6,0.1
SoilGrids,https://soilgrids.org,2024,-90.597778300000002,37.206111900000003,4.9000000000000004,8.15,9,69.3,21.7,0.1
SoilGrids,https://soilgrids.org,2024,-90.522694400000006,37.813416699999998,5.0999999999999996,18.25,2.9,69.599999999999994,27.5,0.3
SoilGrids,https://soilgrids.org,2024,-90.518058800000006,32.205554999999997,4.8,10.7,0.8,81.599999999999994,17.600000000000001,6.9999999999999993E-2
SoilGrids,https://soilgrids.org,2024,-90.481361399999997,37.562694499999999,4.8,8,39.9,46,14.1,0.2
SoilGrids,https://soilgrids.org,2024,-90.386111099999994,37.270000000000003,4.5999999999999996,5,25,15.4,59.6,0.1
SoilGrids,https://soilgrids.org,2024,-90.378669700000003,37.443164799999998,4.8,19,4.3,61.2,34.5,0.3
SoilGrids,https://soilgrids.org,2024,-90.303054799999998,37.215278599999998,4.8,11,16.100000000000001,54,29.9,0.3
SoilGrids,https://soilgrids.org,2024,-90.300003099999998,14.199999800000001,6.1,24.6,33,33,34,3.3200000000000003
SoilGrids,https://soilgrids.org,2024,-90.284164399999995,37.196388200000001,5.6,5,57.4,17.3,25.3,0.2
SoilGrids,https://soilgrids.org,2024,-90.261329700000005,37.479362500000001,4.7,12,4.3,79.599999999999994,16.100000000000001,0.6
SoilGrids,https://soilgrids.org,2024,-90.233253500000004,37.212242099999997,4.7,14.8,4,69.3,26.7,0.1
SoilGrids,https://soilgrids.org,2024,-90.223731999999998,36.734329199999998,5.4,1.2,48.8,12.5,14.5,0.2
SoilGrids,https://soilgrids.org,2024,-90.216155999999998,36.706989299999996,6.3,5,62.7,30.5,6.8,0.04
SoilGrids,https://soilgrids.org,2024,-90.179361099999994,37.697138899999999,5.2,11,11.1,24.1,64.8,0.2
SoilGrids,https://soilgrids.org,2024,-90.1703033,37.585666699999997,5,7.8,12.2,68.400000000000006,19.399999999999999,0.1
SoilGrids,https://soilgrids.org,2024,-90.167777999999998,37.572498299999999,4.7,15,31.9,53.1,15,0.4
SoilGrids,https://soilgrids.org,2024,-90.064930599999997,37.410047200000001,4.8,8.5,29.3,51.5,19.2,0.1
SoilGrids,https://soilgrids.org,2024,-90.045694400000002,37.9593889,5.9,13.65,2.5,77.599999999999994,19.899999999999999,0.1
SoilGrids,https://soilgrids.org,2024,-90.033332799999997,43.209446,5,4.25,58.1,25.8,16.100000000000001,0.19
SoilGrids,https://soilgrids.org,2024,-89.916755699999996,37.338828999999997,5.0999999999999996,4,53.2,31.1,15.7,0.3
SoilGrids,https://soilgrids.org,2024,-89.866668700000005,14.2666664,5.3,15.95,11.8,15.8,72.400000000000006,0.91999999999999993
SoilGrids,https://soilgrids.org,2024,-89.858612100000002,39.426387800000001,4.5999999999999996,9,1.3,71.900000000000006,26.8,0.32999999999999996
SoilGrids,https://soilgrids.org,2024,-89.769081099999994,37.1764984,5.3,7,4.2,83.3,12.5,0.8
SoilGrids,https://soilgrids.org,2024,-89.607864399999997,36.395443,6.1,38,5.4,29.9,64.7,1.9
SoilGrids,https://soilgrids.org,2024,-89.553611799999999,45.502777100000003,5.7,9.3000000000000007,95.9,3.8,0.3,0.08
SoilGrids,https://soilgrids.org,2024,-89.542572000000007,31.033544500000001,4.5,3.75,46.8,45.6,7.6,0.52
SoilGrids,https://soilgrids.org,2024,-89.447219799999999,38.716667200000003,6.7,22.1,40.4,45.8,13.8,0.09
SoilGrids,https://soilgrids.org,2024,-89.210838317870994,37.118896484375,5.6,8.35,1.4,85.4,12.75,0.09
SoilGrids,https://soilgrids.org,2024,-89.084724399999999,46.106945000000003,4.9000000000000004,5.2,78.2,19.7,2.1,0.52
SoilGrids,https://soilgrids.org,2024,-88.887222300000005,37.973056800000002,7.6,7.75,56,25.7,18.3,0.08
SoilGrids,https://soilgrids.org,2024,-88.570274400000002,44.9638901,5.6,2.2000000000000002,96.1,2.6,1.3,0.06
SoilGrids,https://soilgrids.org,2024,-88.543052700000004,37.496387499999997,4.5,7.2,1,83,16,0.3
SoilGrids,https://soilgrids.org,2024,-88.438613899999993,38.574165299999997,4.5,24.95,11.4,67.900000000000006,20.7,1.31
SoilGrids,https://soilgrids.org,2024,-88.396705600000004,34.034023300000001,4.9000000000000004,5.2,44.5,27.6,27.9,0.02
SoilGrids,https://soilgrids.org,2024,-87.075859100000002,39.284736600000002,7.1,8.35,11,74.599999999999994,14.4,0.90999999999999992
SoilGrids,https://soilgrids.org,2024,-87.044441199999994,39.269443500000001,5.8,7.8,24,53.4,22.6,0.1
SoilGrids,https://soilgrids.org,2024,-86.986106899999996,41.155574799999997,4.2,1.25,97.3,3.9,1.5,0.02
SoilGrids,https://soilgrids.org,2024,-86.919441199999994,39.343055700000001,5.8,13.6,3,78,19,0.7
SoilGrids,https://soilgrids.org,2024,-86.908607500000002,39.3391685,5.0999999999999996,9.3000000000000007,3.2,44.4,16.2,0.15
SoilGrids,https://soilgrids.org,2024,-86.849723800000007,39.310276000000002,5.3,6.25,41.2,28,30.8,0.08
SoilGrids,https://soilgrids.org,2024,-86.829170199999993,32.177501700000001,4.8,3.45,59.4,5.8,34.799999999999997,0.21000000000000002
SoilGrids,https://soilgrids.org,2024,-86.781097399999993,31.085765800000001,5.9,0.5,74.2,7.3,18.5,0.11000000000000001
SoilGrids,https://soilgrids.org,2024,-86.695274400000002,39.443611099999998,5.0999999999999996,13.75,8.4,68.8,22.8,0.11000000000000001
SoilGrids,https://soilgrids.org,2024,-86.675003099999998,39.368057299999997,7.8,13.1,4.3,47.4,48.3,0.55000000000000004
SoilGrids,https://soilgrids.org,2024,-86.300003051757798,12.1000003814697,7,24.2,38,44,18,3.3600000000000003
SoilGrids,https://soilgrids.org,2024,-85.8280563,38.6252785,4.5,9.35,0.9,62.5,36.6,0.27
SoilGrids,https://soilgrids.org,2024,-85.790786699999998,38.947544100000002,5,11.05,71.3,8.5,20.2,6.9999999999999993E-2
SoilGrids,https://soilgrids.org,2024,-85.591056800000004,44.109169000000001,4.4000000000000004,1.55,82,14.6,3.4,0.28999999999999998
SoilGrids,https://soilgrids.org,2024,-85.520111099999994,42.937805599999997,6.7,8,13.8,33.5,52.7,0.53
SoilGrids,https://soilgrids.org,2024,-85.303397200000006,35.499219400000001,4.8,4.6500000000000004,63.1,20.100000000000001,16.8,0.55000000000000004
SoilGrids,https://soilgrids.org,2024,-85.0673599,35.841804500000002,4.9000000000000004,7.35,47.4,27.7,24.9,0.05
SoilGrids,https://soilgrids.org,2024,-84.667976400000001,37.484790799999999,4.8,6.1,3.1,57.5,39.4,0.22000000000000003
SoilGrids,https://soilgrids.org,2024,-84.535822199999998,45.389997200000003,6.2,0.9,92.2,5.7,2.1,3.16
SoilGrids,https://soilgrids.org,2024,-84.458610500000006,35.381942700000003,5.7,3.4,54.6,21.2,23.8,0.4
SoilGrids,https://soilgrids.org,2024,-84.403892499999998,31.994722400000001,5.25,0.3,71,3.6,25.4,0.55999999999999994
SoilGrids,https://soilgrids.org,2024,-84.3491669,33.002498600000003,4.9000000000000004,2.2000000000000002,63,14.5,22.5,0.25
SoilGrids,https://soilgrids.org,2024,-84.043052700000004,32.9886093,4.7,1.1000000000000001,31.9,22.2,45.8,0.09
SoilGrids,https://soilgrids.org,2024,-83.778793300000004,31.752136199999999,5.2,1.05,65.599999999999994,7.3,27.1,0.86999999999999988
SoilGrids,https://soilgrids.org,2024,-83.706108099999994,35.147499099999997,4.3,2.0499999999999998,41.9,45.5,12.6,5.85
SoilGrids,https://soilgrids.org,2024,-83.542777999999998,31.491666800000001,4.5,1.1000000000000001,74.599999999999994,4.9000000000000004,27.5,0.08
SoilGrids,https://soilgrids.org,2024,-83.5416666666667,10.1833333333333,4.3,2.5,7,29,64,0.94000000000000006
SoilGrids,https://soilgrids.org,2024,-83.503501900000003,31.007711400000002,5.2,1.35,48.3,6.9,44.8,0.33999999999999997
SoilGrids,https://soilgrids.org,2024,-80.032222200000007,41.067777800000002,4.8,7,5,37.4,57.6,0.57999999999999996
SoilGrids,https://soilgrids.org,2024,-79.993055600000005,40.559166699999999,4.8,11,9.9,61.3,28.8,0.19
SoilGrids,https://soilgrids.org,2024,-79.868888900000002,35.1363907,5.4,16.45,19.2,40.4,40.4,0.45
SoilGrids,https://soilgrids.org,2024,-79.749771100000004,36.333416,4.6500000000000004,3.8,71.5,20.8,7.7,0.11000000000000001
SoilGrids,https://soilgrids.org,2024,-79.394996599999999,35.360832199999997,5.4,12.15,31.4,49,19.600000000000001,0.96
SoilGrids,https://soilgrids.org,2024,-79.245555600000003,40.850833299999998,4.4000000000000004,10,2.2999999999999998,37.700000000000003,64.900000000000006,0.42000000000000004
SoilGrids,https://soilgrids.org,2024,-79.145555599999994,41.9186111,4.8,12,11,64.3,24.7,0.19
SoilGrids,https://soilgrids.org,2024,-78.779747,35.304542499999997,4.5,3.1,41.3,24,34.700000000000003,0.04
SoilGrids,https://soilgrids.org,2024,-78.729164100000006,42.045833600000002,5.5,11.75,40,46.4,13.6,0.13999999999999999
SoilGrids,https://soilgrids.org,2024,-78.721107500000002,42.002498600000003,4.8,1,77.7,18.5,3.8,0.13999999999999999
SoilGrids,https://soilgrids.org,2024,-78.367782592773395,35.235286712646399,4.3,3.05,59.3,26.7,14,0.22999999999999998
SoilGrids,https://soilgrids.org,2024,-78.161944399999996,40.960555599999999,4.5,6,55.6,35.1,9.3000000000000007,3
SoilGrids,https://soilgrids.org,2024,-78.149711600000003,37.975048100000002,7.9,1.8,32.5,66.400000000000006,9.6999999999999993,0.21000000000000002
SoilGrids,https://soilgrids.org,2024,-78.120834400000007,43.256942700000003,6.1,4.05,50.8,41.1,8.1,0.02
SoilGrids,https://soilgrids.org,2024,-77.799705500000002,38.325042699999997,4.7,4.0999999999999996,31.8,37,31.2,0.12
SoilGrids,https://soilgrids.org,2024,-77.5605774,36.575164800000003,6.9,5,72.8,21.5,5.7,0.3
SoilGrids,https://soilgrids.org,2024,-77.172222199999993,40.9016667,7.4,7,19.399999999999999,44.2,36.4,0.08
SoilGrids,https://soilgrids.org,2024,-76.984444400000001,41.136111100000001,5.3,4,33,32.4,34.6,0.13
SoilGrids,https://soilgrids.org,2024,-76.8227768,39.027221699999998,5.0999999999999996,0.8,86.1,9.6999999999999993,4.2,0.22000000000000003
SoilGrids,https://soilgrids.org,2024,-75.915557899999996,38.5988884,5.7,0.95,57.9,30.4,11.7,1.02
SoilGrids,https://soilgrids.org,2024,-75.473333299999993,40.9488889,5,3,46.3,32.700000000000003,21,0.06
SoilGrids,https://soilgrids.org,2024,-75.279167200000003,40.797500599999999,5.0999999999999996,6.9,46.05,32.35,21.6,0.05
SoilGrids,https://soilgrids.org,2024,-75.14,40.269722199999997,5.2,5,6.3,78.400000000000006,15.3,0.08
SoilGrids,https://soilgrids.org,2024,-74.911666699999998,40.207777800000002,6.3,5,11.6,73,15.4,1.3
SoilGrids,https://soilgrids.org,2024,-74.829719499999996,39.944999699999997,6.3,1.8,70,20.5,9.5,0.28999999999999998
SoilGrids,https://soilgrids.org,2024,-74.250556900000007,43.011112199999999,5.9,4,63.8,27.9,8.3000000000000007,0.32
SoilGrids,https://soilgrids.org,2024,-73.419722222222205,-3.7880555555555602,4.5999999999999996,9.6999999999999993,19,32,49,0.4
SoilGrids,https://soilgrids.org,2024,-72.639724700000002,43.163887000000003,5.4,0.95,68.7,28,3.3,1.1800000000000002
SoilGrids,https://soilgrids.org,2024,-72.2,-8.6999999999999993,4.7,24,9,40.1,62.2,0.6
SoilGrids,https://soilgrids.org,2024,-72.113891600000002,43.031944299999999,4.7,3.05,54.7,33.5,11.8,3
SoilGrids,https://soilgrids.org,2024,-71.5,4.5,4.7,0.8,4,53,41,2.82
SoilGrids,https://soilgrids.org,2024,-71.336112999999997,4.5738887999999998,5.0999999999999996,0.75,18,51,31,0.90999999999999992
SoilGrids,https://soilgrids.org,2024,-71.243896500000005,44.496070899999999,5.3,0.85,85.5,13.2,1.3,2.0100000000000002
SoilGrids,https://soilgrids.org,2024,-70.933333333333294,4.56666666666667,5,4.5,74,17,9,0.22000000000000003
SoilGrids,https://soilgrids.org,2024,-70.656944300000006,43.213020299999997,4.9000000000000004,4.05,50.7,41.3,8,2.27
SoilGrids,https://soilgrids.org,2024,-69.37,-12.67,4.2,4.4000000000000004,30,29,41,0.2
SoilGrids,https://soilgrids.org,2024,-68.849999999999994,-4.7667000000000002,4.8,14.5,34,19,47,0.55000000000000004
SoilGrids,https://soilgrids.org,2024,-68.3,-8.3333333333333304,3.8,12.9,37,20,43,0.59000000000000008
SoilGrids,https://soilgrids.org,2024,-67.137496900000002,18.327499400000001,5.0999999999999996,5.6,3,31.6,65.400000000000006,0.13999999999999999
SoilGrids,https://soilgrids.org,2024,-66.287223800000007,18.1355553,4.2,10,7.9,43,49.1,0.18
SoilGrids,https://soilgrids.org,2024,-66.285797119140597,18.3171997070312,4.4000000000000004,9.0500000000000007,25,36,39,0.25
SoilGrids,https://soilgrids.org,2024,-66.283889799999997,18.238611200000001,4.4000000000000004,1.9,10.8,50.2,39,0.13
SoilGrids,https://soilgrids.org,2024,-66.283889799999997,18.239166300000001,5,2.9,1.9,14.9,83.2,0.5
SoilGrids,https://soilgrids.org,2024,-65.815002399999997,18.324388500000001,4.8,11.1,11.6,29,59.4,6.51
SoilGrids,https://soilgrids.org,2024,-65.799163800000002,18.1872215,4.2,4.9000000000000004,2.2999999999999998,52.8,45.1,0.33999999999999997
SoilGrids,https://soilgrids.org,2024,-65.7333,-8.9,4.5,1.8,51,29,20,0.26
SoilGrids,https://soilgrids.org,2024,-63.816699999999997,-9.6,5.5,2.5,22,25,53,0.22000000000000003
SoilGrids,https://soilgrids.org,2024,-63.333300000000001,-10.050000000000001,4.4000000000000004,2.6,88,8,4,1.01
SoilGrids,https://soilgrids.org,2024,-62.1666666666667,-9.1333333333333293,5.3,1.05,47,16,37.1,0.26500000000000001
SoilGrids,https://soilgrids.org,2024,-60.65,-7.95,4.5999999999999996,2.9,76,5,19,0.8
SoilGrids,https://soilgrids.org,2024,-59.7333,-11.216699999999999,4,2.8,39.1,23.9,33.6,0.2
SoilGrids,https://soilgrids.org,2024,-57.05,-9.4832999999999998,4.0999999999999996,2.6,11.3,17.600000000000001,70.8,0.9
SoilGrids,https://soilgrids.org,2024,-56.7,-6.1,4.4000000000000004,3.9,49,22,29,0.4
SoilGrids,https://soilgrids.org,2024,-55.2,-30.866700000000002,4.9000000000000004,12.6,81,11,8,0.80999999999999994
SoilGrids,https://soilgrids.org,2024,-54.316699999999997,-0.9667,5.0999999999999996,6.9,46.9,10.3,42.8,0.21000000000000002
SoilGrids,https://soilgrids.org,2024,-54.15,-6.65,5.5,9,66,23,11,1.59
SoilGrids,https://soilgrids.org,2024,-51.133299999999998,-29.133299999999998,4.5999999999999996,19,7,24,69,1.61
SoilGrids,https://soilgrids.org,2024,-48.083300000000001,-5.65,5.8,23.5,2,31,67,0.53
SoilGrids,https://soilgrids.org,2024,-47.716667200000003,-15.5972223,4.5999999999999996,1.9,36.9,19.2,43.9,1.3699999999999999
SoilGrids,https://soilgrids.org,2024,-47.5833321,-22.566667599999999,5.3,21.5,15,23,62,0.25
SoilGrids,https://soilgrids.org,2024,-43.666699999999999,-5.7,4.7,1.4,68,13,19,0.18
SoilGrids,https://soilgrids.org,2024,-41.916699999999999,-3.7,4.9000000000000004,8.6999999999999993,68,12,20,0.33999999999999997
SoilGrids,https://soilgrids.org,2024,-5.9141668999999997,13.519444500000001,5.4,3,75,8.8000000000000007,11.3,0.12
SoilGrids,https://soilgrids.org,2024,-1.6666700000000001,6.6666699999999999,4.8,3.1,43,7,50,0.24
SoilGrids,https://soilgrids.org,2024,0.31138900000000003,11.970833000000001,5,4,79,16,30,0.21000000000000002
SoilGrids,https://soilgrids.org,2024,2.0833330000000001,13.533333000000001,5.4,0.6,84.7,6.1,9.1999999999999993,0.08
SoilGrids,https://soilgrids.org,2024,2.4045999999999998,7.1538000000000004,7.2,5.9,71,17,12,0.4
SoilGrids,https://soilgrids.org,2024,3.5,6.6166669999999996,5.4,2.4,76,7,17,1.0699999999999998
SoilGrids,https://soilgrids.org,2024,3.5,8.5833329999999997,5.2,3.5,58,11.2,31.1,0.19
SoilGrids,https://soilgrids.org,2024,3.6833330000000002,6.8333329999999997,4.5999999999999996,1.4,52,19,29,0.15
SoilGrids,https://soilgrids.org,2024,4.8666669999999996,6.7833329999999998,5.2,1.7,27,36,37,0.18
SoilGrids,https://soilgrids.org,2024,7.6666666666666696,50,4.0999999999999996,12.5,17,56,27,1
SoilGrids,https://soilgrids.org,2024,10.1000003814697,54.333328247070298,4.8,1.1000000000000001,52.1,31.9,16,0.09
SoilGrids,https://soilgrids.org,2024,11.333333,4.1666670000000003,7.9,21.5,77,22,25,0.25
SoilGrids,https://soilgrids.org,2024,13.5313888888889,41.488611111111098,5.4,10.1,10,37,53,0.11000000000000001
SoilGrids,https://soilgrids.org,2024,14.116667,-1.516667,5.4,0.1,98,1,1,0.47000000000000003
SoilGrids,https://soilgrids.org,2024,14.608333,-5.579167,4.9000000000000004,2.1,3,36,61,7.55
SoilGrids,https://soilgrids.org,2024,14.899999599999999,-5.4499997999999996,4.5,4.75,51.8,32.299999999999997,15.9,0.57000000000000006
SoilGrids,https://soilgrids.org,2024,15.14,-4.62,5.4,4.3,63,10,27,0.43
SoilGrids,https://soilgrids.org,2024,18.62,49.569722222222197,3.5,4,65,30,5,1.5
SoilGrids,https://soilgrids.org,2024,22.734999999999999,-18.754166999999999,7.7,9.1,86,4,10,0.6
SoilGrids,https://soilgrids.org,2024,22.957778000000001,-20.343889000000001,8.6,16.899999999999999,56,27,17,0.2
SoilGrids,https://soilgrids.org,2024,23.293388400000001,42.589611099999999,5.0999999999999996,2,54,27,19,9.84
SoilGrids,https://soilgrids.org,2024,24.083888999999999,-18.870833000000001,7.6,63.3,11,24,65,0.9
SoilGrids,https://soilgrids.org,2024,25.55,-18.447500000000002,7.4,54.3,49,5,46,0.2
SoilGrids,https://soilgrids.org,2024,25.628056000000001,-18.619721999999999,5.0999999999999996,2,82.8,2.8,14.4,0.1
SoilGrids,https://soilgrids.org,2024,25.719166999999999,-18.797222000000001,6.5,23.9,40,12,48,0.3
SoilGrids,https://soilgrids.org,2024,26.893611,-23.080556000000001,7,2.95,81,9,10,0.32
SoilGrids,https://soilgrids.org,2024,28.431110400000001,-20.0333328,4.7,1.05,90,3,7,0.2
SoilGrids,https://soilgrids.org,2024,29.334444000000001,-2.0733332999999998,4.5999999999999996,3.95,44.4,15.5,40.1,0.35
SoilGrids,https://soilgrids.org,2024,29.51,-1.65,5,11.2,27,28,49,1.56
SoilGrids,https://soilgrids.org,2024,29.62,-1.75,4.8,5.2,20,13,67,0.27
SoilGrids,https://soilgrids.org,2024,29.74,-1.75,4.9000000000000004,2.7,52,34,14,1.34
SoilGrids,https://soilgrids.org,2024,29.774999600000001,-2.3655555000000001,5,8.5500000000000007,58.2,10.199999999999999,31.6,1.65
SoilGrids,https://soilgrids.org,2024,29.88,-2.13,4.8,6.1,40,45,15,0.52
SoilGrids,https://soilgrids.org,2024,30.1,-23.716670000000001,5,1.3,35,13,53,0.4
SoilGrids,https://soilgrids.org,2024,31.133333,-10.166667,5.0999999999999996,1.5,48,7,45,0.13
SoilGrids,https://soilgrids.org,2024,32.096668200000003,-18.541665999999999,5.3,0.6,79,7,17.100000000000001,0.15
SoilGrids,https://soilgrids.org,2024,32.231945000000003,-17.279722199999998,5.9,1.3,92.2,7.1,0.7,0.03
SoilGrids,https://soilgrids.org,2024,32.447000000000003,-26.088999999999999,6.5,5.9,86,1,13,0.05
SoilGrids,https://soilgrids.org,2024,32.613334700000003,0.46944439999999998,4.7,5.4,50.5,17.100000000000001,32.4,1.86
SoilGrids,https://soilgrids.org,2024,33.4,-9.8699999999999992,6.4,6.1,86,4,10,0.41
SoilGrids,https://soilgrids.org,2024,34.358333000000002,-14.5,5.4,4.5999999999999996,26.8,24.7,48.5,0.08
SoilGrids,https://soilgrids.org,2024,37.461111000000002,-0.17222199999999999,5.7,0.5,28.9,66.2,4.8,0.55999999999999994
SoilGrids,https://soilgrids.org,2024,37.576388999999999,-0.38055600000000001,4.8,4.4000000000000004,12,17,71,0.84000000000000008
SoilGrids,https://soilgrids.org,2024,38.116667,-1.631111,5.9,6,44,7,49,0.43
SoilGrids,https://soilgrids.org,2024,83.466598510742202,27.700000762939499,5.3,2.35,54,55,14,0.13
SoilGrids,https://soilgrids.org,2024,90.200277777799997,27.393333333299999,5.4,5.2,8,51.5,40.5,0.55333332999999996
SoilGrids,https://soilgrids.org,2024,101.01805880000001,-1.0861111000000001,5,1.1499999999999999,29,13,58,0.25
SoilGrids,https://soilgrids.org,2024,101.2249985,-1.2305557,4.5,5.2,10.1,9,81,0.49000000000000005
SoilGrids,https://soilgrids.org,2024,101.53722380000001,13.5041666,4.5999999999999996,2.15,31,17,52,0.53
SoilGrids,https://soilgrids.org,2024,101.7638855,-0.91666669999999995,4.3,2.2000000000000002,4,5,91,0.89
SoilGrids,https://soilgrids.org,2024,106.3527756,-6.5222220000000002,4.8,9.1,7,30,63,1.23
SoilGrids,https://soilgrids.org,2024,113.597282409668,26.1155109405518,4.8,5.8,76,10,14,1.9300000000000002
SoilGrids,https://soilgrids.org,2024,116.916666666667,28.216666666666701,4.8,9.9,63,14,23,0.02
SoilGrids,https://soilgrids.org,2024,118.221964,-31.49708,9.1,26.4,22,9,50,8.3000000000000007
SoilGrids,https://soilgrids.org,2024,120.8050003,23.509166700000002,4.3,8.1,45,31.5,23.5,0.55000000000000004
SoilGrids,https://soilgrids.org,2024,122.8874969,11.0569448,4.9000000000000004,5.65,25,22,53,0.32
SoilGrids,https://soilgrids.org,2024,130.80000000000001,33.6666666666667,5.7,17.350000000000001,7,51,42,2.85
SoilGrids,https://soilgrids.org,2024,145.36666666666699,-6.0333333333333297,4.5,8.1,31.9,57.4,68,10.620000000000001
SoilGrids,https://soilgrids.org,2024,-172.363333333333,-13.4583333333333,3.9,0.2,3,72.2,24.7,0.41
SoilGrids,https://soilgrids.org,2024,-151.75340270000001,59.730854000000001,5.4,1.2,44,47.8,8.1999999999999993,5.21
SoilGrids,https://soilgrids.org,2024,-151.68083189999899,59.461112999999997,4.0999999999999996,1.35,29.1,68.7,2.2000000000000002,5.37
SoilGrids,https://soilgrids.org,2024,-151.057067899999,60.515884399999997,4.2,10,35.4,56,6,1.3800000000000001
SoilGrids,https://soilgrids.org,2024,-133.58332820000001,56.008335099999996,3.8,23,73.3,14.7,12,42.510000000000005
SoilGrids,https://soilgrids.org,2024,-132.64582820000001,55.487499200000002,4.9000000000000004,10.55,49.1,46.1,4.8,4.82
SoilGrids,https://soilgrids.org,2024,-123.6933365,39.369445800000001,4.9000000000000004,8.1999999999999993,34.700000000000003,26.8,38.5,0.47000000000000003
SoilGrids,https://soilgrids.org,2024,-123.5809708,46.947570800000001,5.4,5.2,27.2,69.099999999999994,3.7,3.18
SoilGrids,https://soilgrids.org,2024,-123.55833440000001,45.8166656,5.2,59.05,65.2,29.2,5.6,4.3600000000000003
SoilGrids,https://soilgrids.org,2024,-123.3046112,44.576946300000003,6,32.450000000000003,19.2,47.9,32.9,0.61
SoilGrids,https://soilgrids.org,2024,-123.1583328,47.5416679,4.5,5.0999999999999996,53.6,34.6,11.8,10.73
SoilGrids,https://soilgrids.org,2024,-123.0942841,46.6061859,5,21,17.2,27.1,55.7,0.15
SoilGrids,https://soilgrids.org,2024,-122.8499985,46.108333600000002,4.9000000000000004,27.25,14.1,66.8,19.100000000000001,4.92
SoilGrids,https://soilgrids.org,2024,-119.67097870000001,37.839923599999999,5.3,0.85,78.7,19.3,1.6,1.3900000000000001
SoilGrids,https://soilgrids.org,2024,-115.6391678,46.751388499999997,5.8,6,57.9,35,7.1,0.45999999999999996
SoilGrids,https://soilgrids.org,2024,-114.6884766,47.269878400000003,5.0999999999999996,2.65,42.7,48.3,9,6.36
SoilGrids,https://soilgrids.org,2024,-109.3502579,48.350757600000001,6.35,32.700000000000003,32.9,38.299999999999997,28.8,5.85
SoilGrids,https://soilgrids.org,2024,-108.231941199999,37.684444399999997,5.3,6.45,32.6,51,16.399999999999999,2.5499999999999998
SoilGrids,https://soilgrids.org,2024,-106.570831299999,37.424999200000002,5.3,12.35,69,19,12,0.64
SoilGrids,https://soilgrids.org,2024,-105.1472244,37.3230553,5.6,26,72.2,22.9,4.9000000000000004,0.37
SoilGrids,https://soilgrids.org,2024,-100.4887466,36.278331799999997,8.1999999999999993,22.9,18.7,32,28.3,0.18
SoilGrids,https://soilgrids.org,2024,-98.928817749023395,46.905338287353501,5.6,35.65,35,41.1,23.9,3.9200000000000004
SoilGrids,https://soilgrids.org,2024,-96.645004299999997,32.598216999999998,7,10.15,94.1,5,0.9,0.08
SoilGrids,https://soilgrids.org,2024,-96.520942700000006,35.481666599999997,5.4,3.1,76.2,17.5,6.3,1.06
SoilGrids,https://soilgrids.org,2024,-96.349998499999998,33.450000799999998,7.766667,22.9,12.9,54.5,32.6,0.02
SoilGrids,https://soilgrids.org,2024,-94.603822199999996,37.363275000000002,4.8,19,23.8,62,14.2,1
SoilGrids,https://soilgrids.org,2024,-94.566183300000006,36.739977799999998,5.0999999999999996,19.55,8.9,60.8,30.2,0.1
SoilGrids,https://soilgrids.org,2024,-94.509861099999995,37.5158889,5.4,6.85,17.2,61.6,21.2,1.5
SoilGrids,https://soilgrids.org,2024,-94.4594278,37.122652799999997,4.9000000000000004,8,4.2,34.5,61.3,0.8
SoilGrids,https://soilgrids.org,2024,-94.429166699999996,36.648055599999999,6.2,9,12,78.3,9.6999999999999993,0.8
SoilGrids,https://soilgrids.org,2024,-94.409633299999996,37.3310861,6.3,6,53.9,31.7,14.4,1.3
SoilGrids,https://soilgrids.org,2024,-94.185588899999999,36.743122200000002,6.6,10,6.8,76.400000000000006,16.8,1.9
SoilGrids,https://soilgrids.org,2024,-94.177075000000002,37.090688900000004,6.9,8,13,74.2,12.8,0.7
SoilGrids,https://soilgrids.org,2024,-94.176594399999999,37.128658299999998,5.9,6,10.6,60.9,28.5,0.2
SoilGrids,https://soilgrids.org,2024,-94.159322200000005,37.277372200000002,6,19,9.5,67,23.5,1.6
SoilGrids,https://soilgrids.org,2024,-94.156388899999996,37.111666700000001,5.3,10,11.8,68.7,19.5,3
SoilGrids,https://soilgrids.org,2024,-94.082213899999999,37.3432806,6.8,12.85,43.8,31,25.2,1
SoilGrids,https://soilgrids.org,2024,-94.008580499999994,37.696946099999998,5.6,12,9.6999999999999993,64.099999999999994,26.2,0.4
SoilGrids,https://soilgrids.org,2024,-93.982922200000004,39.916247200000001,5.6,25,2.6,37.5,47.1,1
SoilGrids,https://soilgrids.org,2024,-93.952980600000004,37.312627800000001,5.2,11,21.8,29.6,48.6,0.1
SoilGrids,https://soilgrids.org,2024,-93.903370100000004,37.415232500000002,6.2,17.8,24.9,64.8,10.3,0.8
SoilGrids,https://soilgrids.org,2024,-93.834699999999998,37.318516700000004,6.9,20,17.3,66.900000000000006,15.8,1.5
SoilGrids,https://soilgrids.org,2024,-93.780261100000004,37.367163900000001,5.8,22,7.4,49.4,43.2,0.5
SoilGrids,https://soilgrids.org,2024,-93.766111100000003,37.545000000000002,5.2,7.15,1.7,47.4,50.9,0.7
SoilGrids,https://soilgrids.org,2024,-93.711194500000005,37.620249000000001,5.3,2.7,37.799999999999997,46,16.2,0.3
SoilGrids,https://soilgrids.org,2024,-93.68408203125,30.396059036254801,5,3.95,27.5,44.3,28.2,0.09
SoilGrids,https://soilgrids.org,2024,-93.509933500000002,41.0064049,7,23.3,56.5,27.4,19.2,3.84
SoilGrids,https://soilgrids.org,2024,-93.452774000000005,39.761112199999999,5.9,8,2.2999999999999998,79.599999999999994,18.100000000000001,1.5
SoilGrids,https://soilgrids.org,2024,-93.421305599999997,37.203791699999996,5,7,21.2,32.299999999999997,7.6,0.9
SoilGrids,https://soilgrids.org,2024,-93.400558500000002,37.561943100000001,7.3,13,12,26.5,63.7,0.05
SoilGrids,https://soilgrids.org,2024,-93.374461100000005,36.858022200000001,6.4,3,29.9,61.6,8.5,3.2
SoilGrids,https://soilgrids.org,2024,-93.363334699999996,41.1511116,6.4,25.5,32.299999999999997,49.1,18.600000000000001,0.12
SoilGrids,https://soilgrids.org,2024,-93.297694399999997,39.694419400000001,5,27.25,7,48,45.1,0.5
SoilGrids,https://soilgrids.org,2024,-93.258056600000003,38.940555600000003,7.6,10.25,7,20,73,0.35
SoilGrids,https://soilgrids.org,2024,-93.135555600000004,39.6080556,5,20,10.7,61.2,28.1,0.7
SoilGrids,https://soilgrids.org,2024,-93.075721700000003,45.389362300000002,4.2,1.35,73.8,19.600000000000001,6.6,9.65
SoilGrids,https://soilgrids.org,2024,-93.0023056,37.228000000000002,4.8,11.9,4,36.200000000000003,59.8,0.1
SoilGrids,https://soilgrids.org,2024,-92.888885500000001,41.827777900000001,6.9,14,38.700000000000003,34.4,32.1,0.27999999999999997
SoilGrids,https://soilgrids.org,2024,-92.715730500000006,36.993405799999998,5,13,1.9,22.7,75.400000000000006,0.1
SoilGrids,https://soilgrids.org,2024,-92.686279299999995,33.354316699999998,4.25,22.3,92,6.6,1.4,0.65
SoilGrids,https://soilgrids.org,2024,-92.629165599999993,45.772499099999997,5.9,40.799999999999997,64.3,21.2,14.5,0.67
SoilGrids,https://soilgrids.org,2024,-92.526847200000006,38.232827800000003,6.3,16,15.5,27.1,57.4,0.1
SoilGrids,https://soilgrids.org,2024,-92.510462399999994,38.9478133,5.5,15,7,78.7,14.3,1.9
SoilGrids,https://soilgrids.org,2024,-92.471664399999995,39.880832699999999,5,21.45,13.4,47.3,39.299999999999997,0.16999999999999998
SoilGrids,https://soilgrids.org,2024,-92.459842399999999,38.501156799999997,5.6,15.8,4.0999999999999996,56.4,39.4,0.8
SoilGrids,https://soilgrids.org,2024,-92.434789899999998,38.279780100000004,4.8,14.65,37.9,45,17.100000000000001,0.2
SoilGrids,https://soilgrids.org,2024,-92.408607500000002,44.623333000000002,7.3,13.75,5.8,85,9.1999999999999993,1.69
SoilGrids,https://soilgrids.org,2024,-92.392588500000002,38.425125899999998,6.4,13.6,13.5,53.9,19.600000000000001,0.1
SoilGrids,https://soilgrids.org,2024,-92.377341000000001,38.679182300000001,6.1,15,2.1,78,19.899999999999999,1.4
SoilGrids,https://soilgrids.org,2024,-92.350587500000003,38.739054600000003,6,18.55,2.5,67.8,29.7,0.2
SoilGrids,https://soilgrids.org,2024,-92.345169067382798,38.967266082763601,4.5999999999999996,26,4.7,48.9,71,0.5
SoilGrids,https://soilgrids.org,2024,-92.344999999999999,38.967222200000002,7.7,17,4.9000000000000004,35.799999999999997,38.6,0.7
SoilGrids,https://soilgrids.org,2024,-92.341849999999994,36.6793111,4.3,14,18.8,58.2,23,0.1
SoilGrids,https://soilgrids.org,2024,-92.327888900000005,39.2400278,4.5,16.2,3.4,51.4,47.7,0.6
SoilGrids,https://soilgrids.org,2024,-92.261968400000001,38.449609799999998,5.9,25.95,45.9,48.6,5.5,0.4
SoilGrids,https://soilgrids.org,2024,-92.198927800000007,36.873888899999997,4.4000000000000004,2.15,25.1,22,72,2.6
SoilGrids,https://soilgrids.org,2024,-92.178054799999998,42.736389199999998,5.2,3,46.5,35.200000000000003,18.3,0.49000000000000005
SoilGrids,https://soilgrids.org,2024,-92.173888899999994,36.545833299999998,5,3,4.3,16.5,79.2,0.3
SoilGrids,https://soilgrids.org,2024,-92.167697200000006,36.768275000000003,4.8,14,12.5,74.900000000000006,12.6,0.7
SoilGrids,https://soilgrids.org,2024,-92.1240454,37.021739500000002,4.5,13,9.9,79.3,10.8,2.6
SoilGrids,https://soilgrids.org,2024,-92.086112999999997,45.219444299999999,5.9,8.0500000000000007,12.9,64.3,22.8,0.41
SoilGrids,https://soilgrids.org,2024,-92.083105599999996,36.514991700000003,5.4,15,4.5999999999999996,22.9,72.5,0.3
SoilGrids,https://soilgrids.org,2024,-91.992166699999999,40.404638900000002,7.2,18.2,45,27.7,27.3,0.1
SoilGrids,https://soilgrids.org,2024,-91.963313600000006,38.238422,5.4,2.7,17,56.5,10.6,0.2
SoilGrids,https://soilgrids.org,2024,-91.877391700000004,39.334055599999999,5.8,17,18.399999999999999,72.5,9.1,0.3
SoilGrids,https://soilgrids.org,2024,-91.817711099999997,37.036572200000002,5.0999999999999996,2.4500000000000002,4.2,20.5,75.2,0.2
SoilGrids,https://soilgrids.org,2024,-91.656583299999994,36.765861100000002,4.9000000000000004,2,30.9,54,15.1,0.1
SoilGrids,https://soilgrids.org,2024,-91.650977600000004,38.400884499999997,5,9.0500000000000007,2.6,61,36.4,0.3
SoilGrids,https://soilgrids.org,2024,-91.648429899999996,37.129795100000003,5.0999999999999996,7,18.600000000000001,49.7,23.2,0.1
SoilGrids,https://soilgrids.org,2024,-91.588888900000001,38.643194399999999,6,13.85,4.7,78.400000000000006,16.899999999999999,0.5
SoilGrids,https://soilgrids.org,2024,-91.580150000000003,37.333100000000002,5.0999999999999996,17,4.4000000000000004,13.9,81.7,0.1
SoilGrids,https://soilgrids.org,2024,-91.575416700000005,38.904861099999998,5,8.1,42.4,49.1,8.5,0.4
SoilGrids,https://soilgrids.org,2024,-91.527166699999995,38.872583300000002,4.5999999999999996,3.1,8.3000000000000007,36.1,55.6,0.2
SoilGrids,https://soilgrids.org,2024,-91.479944399999994,38.983611099999997,6.6,25,46.6,39.9,13.5,1.1000000000000001
SoilGrids,https://soilgrids.org,2024,-91.418052700000004,31.808332400000001,5.4,10,44.3,35,20.7,0.09
SoilGrids,https://soilgrids.org,2024,-91.415005600000001,37.263125000000002,5.9,4,15,71.7,13.3,1.6
SoilGrids,https://soilgrids.org,2024,-91.384722199999999,38.963333300000002,5.2,18,4.8,48.2,47,0.2
SoilGrids,https://soilgrids.org,2024,-91.346177800000007,37.378169399999997,5.0999999999999996,4,59.6,19.7,20.7,0.1
SoilGrids,https://soilgrids.org,2024,-91.316855599999997,37.109202799999998,5.4,6,13.4,61.8,24.8,0.2
SoilGrids,https://soilgrids.org,2024,-91.233333299999998,37.066666699999999,5.4,3.2,40.799999999999997,45.2,14,1.6
SoilGrids,https://soilgrids.org,2024,-91.226122200000006,37.568627800000002,5,12.8,9.6,37,53.4,0.1
SoilGrids,https://soilgrids.org,2024,-91.198147199999994,37.009094400000002,5,8,37.4,53.1,9.5,0.3
SoilGrids,https://soilgrids.org,2024,-91.1735556,37.162472200000003,5.6,2.6,10.9,48.2,40.9,0.1
SoilGrids,https://soilgrids.org,2024,-91.138741699999997,37.175033300000003,5.0999999999999996,9,21.2,70.099999999999994,8.6999999999999993,0.2
SoilGrids,https://soilgrids.org,2024,-91.138549999999995,37.1745722,4.9000000000000004,5.25,0.5,6.6,92.8,0.1
SoilGrids,https://soilgrids.org,2024,-91.100399999999993,37.133650000000003,4.8,3,38.6,28,22.6,0.1
SoilGrids,https://soilgrids.org,2024,-91.098736099999996,37.147538900000001,4.5,4,24.9,55,20.100000000000001,0.1
SoilGrids,https://soilgrids.org,2024,-91.087249999999997,36.951500000000003,6.3,5.05,5.0999999999999996,73.5,21.5,1.3
SoilGrids,https://soilgrids.org,2024,-91.015537899999998,37.838752499999998,5.2,10,13.6,39.6,46.8,0.2
SoilGrids,https://soilgrids.org,2024,-90.913895299999993,37.8447453,4.8,3,18.7,8.3000000000000007,73,0.1
SoilGrids,https://soilgrids.org,2024,-90.909852799999996,37.87115,4.5999999999999996,27.75,38.1,44.7,17.2,0.1
SoilGrids,https://soilgrids.org,2024,-90.870522199999996,37.558925000000002,7.8,3,58.7,21.3,20,0.1
SoilGrids,https://soilgrids.org,2024,-90.869382000000002,37.879093099999999,5.5,3,10,68.2,21.8,0.1
SoilGrids,https://soilgrids.org,2024,-90.810668899999996,34.730396300000002,7.5,11.3,50.5,32.200000000000003,17.3,6.9999999999999993E-2
SoilGrids,https://soilgrids.org,2024,-90.757499699999997,41.031665799999999,5.9,17,7.9,67.8,24.3,1.08
SoilGrids,https://soilgrids.org,2024,-90.752499999999998,38.181666700000001,7.6,5.5,4.7,9.6999999999999993,85.7,0.2
SoilGrids,https://soilgrids.org,2024,-90.750027799999998,38.839583300000001,5.3,17.45,5,82.7,12.3,1.3
SoilGrids,https://soilgrids.org,2024,-90.747059500000006,38.175611099999998,5.4,17,31.3,40.4,28.3,0.7
SoilGrids,https://soilgrids.org,2024,-90.743995699999999,34.729286199999997,6.5,7.2,40.799999999999997,76.3,22.4,0.06
SoilGrids,https://soilgrids.org,2024,-90.740837099999993,44.431945800000001,3.9,1,86.1,12.2,1.7,4.2799999999999994
SoilGrids,https://soilgrids.org,2024,-90.716667200000003,37.808555599999998,4.9000000000000004,4.25,19.7,64.7,15.6,0.1
SoilGrids,https://soilgrids.org,2024,-90.659199999999998,44.35427,5.2,0.2,90.3,6.7,2.9,0.37
SoilGrids,https://soilgrids.org,2024,-90.632894399999998,36.937466700000002,4.8,12,8.8000000000000007,33.4,57.8,0.2
SoilGrids,https://soilgrids.org,2024,-90.583333300000007,36.65,5.0999999999999996,4.2,24.9,44.5,26.3,0.5
SoilGrids,https://soilgrids.org,2024,-90.536497699999998,38.462829200000002,4.5,14,3.3,62.5,34.200000000000003,0.2
SoilGrids,https://soilgrids.org,2024,-90.4953079,37.569278699999998,4.8,8.3000000000000007,65.099999999999994,18.600000000000001,16.3,0.1
SoilGrids,https://soilgrids.org,2024,-90.429725599999998,43.293888099999997,7.8,16.2,32.4,12.3,55.3,0.38
SoilGrids,https://soilgrids.org,2024,-90.401722199999995,36.869138900000003,4.8,4.2,2.1,81.400000000000006,9.9,0.7
SoilGrids,https://soilgrids.org,2024,-90.378669700000003,37.443164799999998,4.8,5,5.6,63.1,31.3,0.2
SoilGrids,https://soilgrids.org,2024,-90.373336800000004,37.2763901,4.7,12,12,75.3,12.7,0.8
SoilGrids,https://soilgrids.org,2024,-90.359168999999994,37.513610800000002,4.7,6,17.5,50.3,32.200000000000003,0.1
SoilGrids,https://soilgrids.org,2024,-90.320555600000006,37.2972222,5.0999999999999996,2,50.3,34,15.7,0.1
SoilGrids,https://soilgrids.org,2024,-90.226646400000007,36.714561500000002,5.9,7,33.5,45.3,21.2,1.6
SoilGrids,https://soilgrids.org,2024,-90.179222100000004,37.425861400000002,5,12.25,4.2,64.3,31.5,0.4
SoilGrids,https://soilgrids.org,2024,-90.1,36.783333300000002,4.2,15,1.2,42.9,55.9,0.4
SoilGrids,https://soilgrids.org,2024,-90.009079,37.105270400000002,4.9000000000000004,6.8,59.8,31.4,8.8000000000000007,0.1
SoilGrids,https://soilgrids.org,2024,-89.881927500000003,37.355110199999999,5.0999999999999996,13,3.6,76.5,19.899999999999999,1.2
SoilGrids,https://soilgrids.org,2024,-89.319976800000006,36.727825199999998,6.1,34.6,3.8,53.2,32.4,0.8
SoilGrids,https://soilgrids.org,2024,-89.210838317870994,37.118896484375,8.5,9.8000000000000007,3.3,80.3,18.899999999999999,0.11000000000000001
SoilGrids,https://soilgrids.org,2024,-88.989502799999997,37.316181700000001,5.9,10.25,4,72.599999999999994,23.4,3.6399999999999997
SoilGrids,https://soilgrids.org,2024,-88.706390400000004,46.675277700000002,5,4.4000000000000004,16.399999999999999,75.5,8.1,6.9999999999999993E-2
SoilGrids,https://soilgrids.org,2024,-86.986106899999996,41.155574799999997,6,1.55,97.9,1.5,0.6,0.01
SoilGrids,https://soilgrids.org,2024,-86.830619812011705,40.247756958007798,4.7,12.7,16,53.8,30.2,0.31
SoilGrids,https://soilgrids.org,2024,-86.734725999999995,39.169445000000003,6.7,11.4,4.5,74.400000000000006,25,0.62
SoilGrids,https://soilgrids.org,2024,-86.731109599999996,38.209446,4.5999999999999996,8,7.7,63,29.3,0.16
SoilGrids,https://soilgrids.org,2024,-86.642501800000005,38.2233315,5,5.0999999999999996,30.1,50.3,30.9,3.16
SoilGrids,https://soilgrids.org,2024,-86.639442399999993,38.222778300000002,5.2,35.049999999999997,7.4,39.1,53.5,0.12
SoilGrids,https://soilgrids.org,2024,-84.685833299999999,43.627555600000001,5.8,3.15,96.9,2.6,0.5,0.05
SoilGrids,https://soilgrids.org,2024,-84.446807899999996,35.371887200000003,6,2,66,10.9,23.1,0.03
SoilGrids,https://soilgrids.org,2024,-82.580558800000006,8.8583335999999999,6,1.4,64,47,3,2.5
SoilGrids,https://soilgrids.org,2024,-82.518058800000006,32.8227768,4.8,2.2000000000000002,75.599999999999994,12.6,11.8,0.16
SoilGrids,https://soilgrids.org,2024,-82.3665314,29.633583099999999,4.9000000000000004,1.95,89.2,3.1,7.7,0.18
SoilGrids,https://soilgrids.org,2024,-82.099845900000005,33.387092600000003,4.9000000000000004,0.8,50.5,2.2000000000000002,37.1,0.01
SoilGrids,https://soilgrids.org,2024,-82.003890999999996,35.884166700000002,5.4,4.95,84.1,12.2,3.7,0.06
SoilGrids,https://soilgrids.org,2024,-81.180557300000004,7.7805556999999999,5.9,9.0500000000000007,38,28,34,0.67
SoilGrids,https://soilgrids.org,2024,-81.0780563,38.279445600000003,4.4000000000000004,2.9,27.6,53.5,18.899999999999999,3.15
SoilGrids,https://soilgrids.org,2024,-80.868331900000001,36.483890500000001,5,2.35,67.2,13.4,19.399999999999999,0.05
SoilGrids,https://soilgrids.org,2024,-79.932502700000001,38.448612199999999,3.5,6,64.099999999999994,23.2,12.7,2.21
SoilGrids,https://soilgrids.org,2024,-79.864166699999998,41.670833299999998,5.5,2,52.8,39.299999999999997,7.9,0.57000000000000006
SoilGrids,https://soilgrids.org,2024,-79.857500000000002,41.523611099999997,5.3,4,87.1,6.4,6.5,0.55000000000000004
SoilGrids,https://soilgrids.org,2024,-79.749771100000004,36.333416,5.25,16.100000000000001,22.2,39.6,4.5999999999999996,0.16999999999999998
SoilGrids,https://soilgrids.org,2024,-79.7,-4.3,5.2,4.5999999999999996,34,33,33,2.2800000000000002
SoilGrids,https://soilgrids.org,2024,-79.249755899999997,35.500095399999999,5.2,18.399999999999999,30.9,55.6,13.5,0.11000000000000001
SoilGrids,https://soilgrids.org,2024,-78.644444444444403,-0.53333333333333299,6.4,4.0999999999999996,66,25,10,4.29
SoilGrids,https://soilgrids.org,2024,-78.008049,37.541721299999999,5.7,15.95,44.2,15,40.799999999999997,0.24
SoilGrids,https://soilgrids.org,2024,-77.478332499999993,39.878612500000003,4.7,2.25,28.6,51.7,19.7,0.18
SoilGrids,https://soilgrids.org,2024,-77.329177900000005,36.547748599999998,5.4,2,90.7,5.4666667000000002,3.8333333000000001,0.01
SoilGrids,https://soilgrids.org,2024,-77.268888899999993,41.190277799999997,6.8,3,1.8,54.3,20.100000000000001,0.08
SoilGrids,https://soilgrids.org,2024,-76.834724399999999,39.027500199999999,4,5.15,13.7,53.9,32.4,0.24
SoilGrids,https://soilgrids.org,2024,-76.830555599999997,41.1952778,5.8,4,30.7,57.5,11.8,6.9999999999999993E-2
SoilGrids,https://soilgrids.org,2024,-76.583335899999994,2.4166666999999999,5.2,3.2,84.8,15.2,0,1.6600000000000001
SoilGrids,https://soilgrids.org,2024,-76.003715499999998,36.841587099999998,4.3,1,2.8,73.3,23.9,0.33999999999999997
SoilGrids,https://soilgrids.org,2024,-75.7102778,41.599166699999998,6,4,50.1,32.9,17,0.18
SoilGrids,https://soilgrids.org,2024,-75.655277799999993,41.595277799999998,5.3,6,46.1,36.1,17.8,0.18
SoilGrids,https://soilgrids.org,2024,-75.300003099999998,39.7141685,4.5,0.8,52.3,36.799999999999997,10.9,0.05
SoilGrids,https://soilgrids.org,2024,-75.285277800000003,41.014166699999997,5.3,3,47.9,40.6,11.5,0.05
SoilGrids,https://soilgrids.org,2024,-74.781388899999996,39.124444400000002,5.6,2.0499999999999998,95,0.9,4.0999999999999996,0.05
SoilGrids,https://soilgrids.org,2024,-73.419722222222205,-3.7880555555555602,5.2,8.5,58.4,23.1,18.399999999999999,0.08
SoilGrids,https://soilgrids.org,2024,-72.8,4.0999999999999996,4.9000000000000004,1,59,27,14,1.22
SoilGrids,https://soilgrids.org,2024,-72.670829800000007,42.912498499999998,5.5,0.9,63,36,1.7,0.6
SoilGrids,https://soilgrids.org,2024,-72.633333333333297,2.5,5,5.0999999999999996,4.5,58.9,36.6,0.19
SoilGrids,https://soilgrids.org,2024,-70.503044099999997,43.644962300000003,5.7,3.8,38,42,20,0.13999999999999999
SoilGrids,https://soilgrids.org,2024,-70.349999999999994,-7.15,4.5999999999999996,9.6999999999999993,12,38,50,0.32
SoilGrids,https://soilgrids.org,2024,-67.186668400000002,18.0883331,5.6,17.25,14.9,43.8,41.3,0.06
SoilGrids,https://soilgrids.org,2024,-67.049446099999997,18.4711113,5,5.15,10.3,3.4,86.3,0.76
SoilGrids,https://soilgrids.org,2024,-66.871666000000005,18.1819439,4.7,8.0500000000000007,1.7,22.6,75.7,0.9
SoilGrids,https://soilgrids.org,2024,-66.271385199999997,18.2338886,4.5999999999999996,6.25,13.7,63.6,22.7,0.02
SoilGrids,https://soilgrids.org,2024,-66.063613899999993,18.3966675,4.9000000000000004,13.15,17.399999999999999,28.7,53.9,0.22999999999999998
SoilGrids,https://soilgrids.org,2024,-65.7667,-9.4499999999999993,4.4000000000000004,2,44,29,27,0.35
SoilGrids,https://soilgrids.org,2024,-63.083300000000001,-7.55,4.3,4.5,5.5,47.9,46.6,0.32
SoilGrids,https://soilgrids.org,2024,-62.316699999999997,-9.25,3.7,1,44,14,42,0.79
SoilGrids,https://soilgrids.org,2024,-62.316666666666698,3.1666666666666701,4,2.6,33,23,44,0.8
SoilGrids,https://soilgrids.org,2024,-62.25,-4.4832999999999998,4.5,13.3,4,66,30,1.08
SoilGrids,https://soilgrids.org,2024,-60.45,-1.95,4.2,1.6,65.5,20,14.5,0.2
SoilGrids,https://soilgrids.org,2024,-57.65,-12.283300000000001,3.7,1.6,83.2,2,14.8,0.8
SoilGrids,https://soilgrids.org,2024,-57.0167,-15.183299999999999,4,0.9,67.8,12.8,19.399999999999999,0.4
SoilGrids,https://soilgrids.org,2024,-55.833300000000001,-7.9667000000000003,5.8,9.5,51,11,38,0.86
SoilGrids,https://soilgrids.org,2024,-55.25,-16.616700000000002,5.3,4.8,68,24,8,0.61
SoilGrids,https://soilgrids.org,2024,-54.366700000000002,-16.4833,5,21.5,17,56,27,0.79
SoilGrids,https://soilgrids.org,2024,-48.6875,-19.954444444444398,4.5999999999999996,0.7,50,15,21,0.31
SoilGrids,https://soilgrids.org,2024,-37.616700000000002,-6.0833000000000004,6.4,4.7,63,22,15,0.77
SoilGrids,https://soilgrids.org,2024,-35.559100000000001,-7.2045000000000003,6.8,10.6,48,21,31,0.38
SoilGrids,https://soilgrids.org,2024,-35.133333333333297,-6.67,6.2,0.5,96,2,2,0.28999999999999998
SoilGrids,https://soilgrids.org,2024,-12.083333,8.9,5,1.8,18,36,46,3.62
SoilGrids,https://soilgrids.org,2024,-7.983333,12.666667,5.7,2.4,59,15,39,0.27
SoilGrids,https://soilgrids.org,2024,-7.4663887000000004,11.2963886,6.4,2,73.599999999999994,19.100000000000001,7.3,0.80999999999999994
SoilGrids,https://soilgrids.org,2024,-6.1666664999999998,14,5.3,4.3,61.7,18.8,24.8,0.59000000000000008
SoilGrids,https://soilgrids.org,2024,-6.0799998999999998,14.233611099999999,4.5999999999999996,2.2000000000000002,80.099999999999994,7.8,12.1,0.16
SoilGrids,https://soilgrids.org,2024,-1.6666700000000001,6.6666699999999999,4.9000000000000004,3.3,35.6,6.6,52.7,0.18
SoilGrids,https://soilgrids.org,2024,2.0833330000000001,13.533333000000001,6,0.8,87,4,21,0.09
SoilGrids,https://soilgrids.org,2024,3.9,7.5,5.2,4.3,88.4,25.1,28.6,0.16
SoilGrids,https://soilgrids.org,2024,11.333333,4.1666670000000003,5.6,21.6,46,13,38,0.18
SoilGrids,https://soilgrids.org,2024,14.899999599999999,-5.4499997999999996,4.8,6.1,42.1,27.8,30.1,0.28999999999999998
SoilGrids,https://soilgrids.org,2024,23.085000000000001,-20.283332999999999,6.2,5.9,92,3,6,0.1
SoilGrids,https://soilgrids.org,2024,24.422222000000001,-18.017222,7.7,43.5,14,28,58,0.3
SoilGrids,https://soilgrids.org,2024,24.448333000000002,0.76666699999999999,4.3,1,70,3,27,0.37
SoilGrids,https://soilgrids.org,2024,25.670556000000001,-18.822500000000002,6.7,12.6,91,4,5,0.4
SoilGrids,https://soilgrids.org,2024,26.28,58.08,6.2,4.9000000000000004,57,27,16,0.1
SoilGrids,https://soilgrids.org,2024,27.026667,-20.911110999999998,5,1.8,86.4,7.8,5.8,0.19
SoilGrids,https://soilgrids.org,2024,27.049722222222201,58.029722222222198,3.5,0.4,92,7,1,2.5
SoilGrids,https://soilgrids.org,2024,29.266667000000002,-29.466667000000001,4.9000000000000004,40.1,70.2,32.299999999999997,8.5,0.38
SoilGrids,https://soilgrids.org,2024,29.31,-2.21,4.8,3.4,48,11,42,0.43
SoilGrids,https://soilgrids.org,2024,29.316666999999999,-3.3666670000000001,5.4,0.5,67,23,76.599999999999994,2.81
SoilGrids,https://soilgrids.org,2024,29.5,-3.1666669999999999,5.2,2.8,30,15,55,0.32
SoilGrids,https://soilgrids.org,2024,30.0100002,-1.9736111000000001,5.2,3.7,32.9,22.6,44.5,0.90999999999999992
SoilGrids,https://soilgrids.org,2024,30.783332999999999,-29.066666999999999,5.9,1.5,24,26,50,0.59000000000000008
SoilGrids,https://soilgrids.org,2024,30.974721899999999,-17.567222600000001,6.5,13.5,13.1,47.3,49.1,0.12
SoilGrids,https://soilgrids.org,2024,31.044445,-17.7600002,5.6,9.6999999999999993,30.4,20,45,1.42
SoilGrids,https://soilgrids.org,2024,31.113330000000001,-27.886669999999999,4.4000000000000004,2,67,8,21,1.2
SoilGrids,https://soilgrids.org,2024,31.133610999999998,-17.610278000000001,5.4,0.9,70.7,7.1,22.2,0.43
SoilGrids,https://soilgrids.org,2024,32.096668200000003,-18.541665999999999,5,0.5,88,3,9,0.27
SoilGrids,https://soilgrids.org,2024,34.5,-0.75138899999999997,7.6,5.2,38.9,33.299999999999997,46.2,0.85
SoilGrids,https://soilgrids.org,2024,36.752222000000003,-0.7,5,3.5,9.3000000000000007,39,56.5,5.84
SoilGrids,https://soilgrids.org,2024,40.083333000000003,-14.816667000000001,7.9,19.2,13.8,18,60,0.74
SoilGrids,https://soilgrids.org,2024,78,16,8.4,6,11.6,27.4,61,0.11000000000000001
SoilGrids,https://soilgrids.org,2024,84.416664100000006,27.450000800000002,5.4,5.15,62.1,26.6,11.3,1.97
SoilGrids,https://soilgrids.org,2024,96.733333333333306,4.8833333333333302,5.5,1.4,41,30,29,9.3000000000000007
SoilGrids,https://soilgrids.org,2024,100.9875031,-1.0638889,4.5,1.85,37,11,52,1.06
SoilGrids,https://soilgrids.org,2024,101.2249985,-1.2305557,4.3,2.1,7,10,70,0.35
SoilGrids,https://soilgrids.org,2024,101.23333333333299,21.9166666666667,4.7,7.5,32.9,43,12,0.39
SoilGrids,https://soilgrids.org,2024,101.53722380000001,13.5041666,4.7,3.15,47,25,28,0.78
SoilGrids,https://soilgrids.org,2024,102.5,47.116664900000004,5.8,11.3,37,45,19,0.82
SoilGrids,https://soilgrids.org,2024,106.433333333333,26.383333333333301,7.4,4.4000000000000004,6.7,23.5,69.7,0.15
SoilGrids,https://soilgrids.org,2024,107.4000015,-6.4333334000000004,5.6,12.5,10.7,29.6,59.7,2.2399999999999998
SoilGrids,https://soilgrids.org,2024,109.5,18.899999999999999,4.4000000000000004,1.7,55,21,26.8,2.2199999999999998
SoilGrids,https://soilgrids.org,2024,116.570833333333,-0.86250000000000004,4.5999999999999996,11.1,43,21,36,0.25
SoilGrids,https://soilgrids.org,2024,116.916666666667,28.216666666666701,4.8,5.3,45,23,13,0.03
SoilGrids,https://soilgrids.org,2024,120.51666666666701,24.016666666666701,4.5999999999999996,4.45,10.7,33.799999999999997,55.5,0.19
SoilGrids,https://soilgrids.org,2024,141.76110840000001,42.752777100000003,6.3,8.75,94.6,4.3,1.1000000000000001,5.08
SoilGrids,https://soilgrids.org,2024,158.210556,6.9613890999999999,5.9,16.2,29,61,27,0.69000000000000006
SoilGrids,https://soilgrids.org,2024,-123.044998199999,44.527778599999998,5.2,14.75,6.7,65.900000000000006,30.6,0.90999999999999992
SoilGrids,https://soilgrids.org,2024,-122.0766678,48.706390399999997,4.5,4.3,51.4,41.9,6.7,3.54
SoilGrids,https://soilgrids.org,2024,-119.25096130371,37.499935150146399,5,1.6,71.7,21.7,6.6,0.26
SoilGrids,https://soilgrids.org,2024,-109.7099991,43.011112199999999,6.3,11.2,67.7,22.8,9.5,0.04
SoilGrids,https://soilgrids.org,2024,-96.957221984863196,28.874433517456001,6.9,8,55.9,14.1,30,0
SoilGrids,https://soilgrids.org,2024,-96.616668700000005,31.032777800000002,5.7,3,42.9,19.100000000000001,43.2,0.09
SoilGrids,https://soilgrids.org,2024,-95.479164100000006,36.275001500000002,6.8,4.9000000000000004,21.9,37,41.1,0.12
SoilGrids,https://soilgrids.org,2024,-95.233604431152301,41.250011444091697,6.1,19.2,4.0999999999999996,62.7,34.6,0.43
SoilGrids,https://soilgrids.org,2024,-94.494514499999994,36.653083799999997,5.7,4.2,11.5,78.099999999999994,10.4,1.8
SoilGrids,https://soilgrids.org,2024,-94.289355599999993,37.100705599999998,5.2,18,12.5,46.9,20.399999999999999,0.1
SoilGrids,https://soilgrids.org,2024,-94.270250000000004,36.631227799999998,5.2,7,40.1,14.5,45.4,0.1
SoilGrids,https://soilgrids.org,2024,-94.078877800000001,37.400511100000003,5.7,10,12,56.6,21.4,1.5
SoilGrids,https://soilgrids.org,2024,-93.982922200000004,39.916247200000001,7.6,2,26.6,64,33.6,0.3
SoilGrids,https://soilgrids.org,2024,-93.839582500000006,37.612465100000001,5.7,10,11.3,55.4,33.299999999999997,0.2
SoilGrids,https://soilgrids.org,2024,-93.733268699999996,40.311443300000001,8.1999999999999993,25.5,27.7,50.6,21.8,0.1
SoilGrids,https://soilgrids.org,2024,-93.574722300000005,45.660556800000002,8.1,22,0.9,67,32.1,0.18
SoilGrids,https://soilgrids.org,2024,-93.5155563,30.9141674,5.9,11.4,58,15,27,0.02
SoilGrids,https://soilgrids.org,2024,-93.509933500000002,41.0064049,7.2,24.1,35.6,47.9,33.9,0.11000000000000001
SoilGrids,https://soilgrids.org,2024,-93.421305599999997,37.203791699999996,5.3,17,18.7,49.5,11.1,1.9
SoilGrids,https://soilgrids.org,2024,-93.396110500000006,37.566112500000003,8.3000000000000007,11,4,72,24,0.04
SoilGrids,https://soilgrids.org,2024,-93.367794399999994,36.599158299999999,5,6,20.7,61.5,17.8,0.8
SoilGrids,https://soilgrids.org,2024,-93.365554799999998,41.1513901,7.7,25.35,34,48.8,32.9,1.01
SoilGrids,https://soilgrids.org,2024,-93.3353611,37.102555600000002,5.5,5,42.9,23.4,33.700000000000003,0.2
SoilGrids,https://soilgrids.org,2024,-93.192583299999995,37.484688900000002,5.8,33.6,35.799999999999997,57,7.1,3.6
SoilGrids,https://soilgrids.org,2024,-92.766666700000002,39,7,17.8,2,74.7,19.899999999999999,1
SoilGrids,https://soilgrids.org,2024,-92.695833300000004,36.534999999999997,4.5,8.0500000000000007,19.8,46.7,46.6,1
SoilGrids,https://soilgrids.org,2024,-92.488228000000007,38.995319299999998,6.1,24,6.3,71.099999999999994,22.6,0.5
SoilGrids,https://soilgrids.org,2024,-92.477387800000002,38.412331899999998,8,7,15.4,39.4,45.2,0.1
SoilGrids,https://soilgrids.org,2024,-92.445633599999994,39.182721100000002,5.4,9.8000000000000007,8.1,59.9,32,0.3
SoilGrids,https://soilgrids.org,2024,-92.422551900000002,39.173597999999998,6.4,7,50.3,36.5,13.2,6.3
SoilGrids,https://soilgrids.org,2024,-92.377349199999998,38.278416800000002,6.2,12.1,20,50.6,29.4,0.3
SoilGrids,https://soilgrids.org,2024,-92.345169067382798,38.967266082763601,6.5,6,32,54.6,14.9,0.3
SoilGrids,https://soilgrids.org,2024,-92.344999999999999,38.967222200000002,4.8,28,1.8,43.5,22.1,0.3
SoilGrids,https://soilgrids.org,2024,-92.262611100000001,40.580222200000001,6.6,18.100000000000001,36.200000000000003,43.9,19.899999999999999,2.1
SoilGrids,https://soilgrids.org,2024,-92.259991299999996,37.050494999999998,6.3,2.75,27.4,60,12.6,0.2
SoilGrids,https://soilgrids.org,2024,-92.216667200000003,38.900001500000002,6.7,30,3.7,65.3,34.1,0.88000000000000012
SoilGrids,https://soilgrids.org,2024,-92.173013900000001,37.122944400000002,4.5999999999999996,4,30.1,63.3,6.6,3
SoilGrids,https://soilgrids.org,2024,-92.035333300000005,40.585500000000003,5.0999999999999996,14.3,45.2,47,22.5,0.1
SoilGrids,https://soilgrids.org,2024,-92,36,6.4,1.9,20.100000000000001,66.400000000000006,13.5,1.6
SoilGrids,https://soilgrids.org,2024,-91.984281600000003,38.221148700000001,6.1,8.15,13,69.3,17.7,0.2
SoilGrids,https://soilgrids.org,2024,-91.875816700000001,40.264355600000002,5.3,22,24.3,52.1,38.200000000000003,0.2
SoilGrids,https://soilgrids.org,2024,-91.828944399999997,37.3357472,4.9000000000000004,19,7.4,73.400000000000006,19.2,0.1
SoilGrids,https://soilgrids.org,2024,-91.817833300000004,37.607166700000001,5.0999999999999996,11.7,6,22.8,71.099999999999994,0.2
SoilGrids,https://soilgrids.org,2024,-91.706812299999996,38.1736656,4.5999999999999996,7.05,6,52.9,37.299999999999997,0.6
SoilGrids,https://soilgrids.org,2024,-91.221946700000004,44.008609800000002,6.7,5.75,7,69.8,23.2,0.38
SoilGrids,https://soilgrids.org,2024,-91.187925100000001,37.898938399999999,4.7,15,29.2,44.6,26.2,0.2
SoilGrids,https://soilgrids.org,2024,-91.177693599999998,38.048385699999997,4.9000000000000004,9,4.4000000000000004,60,12.5,0.3
SoilGrids,https://soilgrids.org,2024,-91.140961099999998,37.173644400000001,5.0999999999999996,2,28.5,46.4,25.1,0.2
SoilGrids,https://soilgrids.org,2024,-91.138555600000004,37.1743278,4.2,1.9,44.3,46.8,8.9,12.4
SoilGrids,https://soilgrids.org,2024,-91.089852800000003,37.147541699999998,4.9000000000000004,6,55.5,69.7,12.6,0.1
SoilGrids,https://soilgrids.org,2024,-91.078538899999998,38.821750000000002,5.8,13,3,55.3,27.8,0.7
SoilGrids,https://soilgrids.org,2024,-91.001308300000005,38.456261099999999,6.9,20,38.1,71.8,24.8,0.2
SoilGrids,https://soilgrids.org,2024,-90.937472200000002,39.005638900000001,4.5999999999999996,8.9499999999999993,20,51.1,28.8,0.1
SoilGrids,https://soilgrids.org,2024,-90.886108399999998,45.045833600000002,5.4,7,61.1,27.7,11.2,0.12
SoilGrids,https://soilgrids.org,2024,-90.846778900000004,34.716785399999999,6.5,7.2,0.6,87.6,11.8,0.04
SoilGrids,https://soilgrids.org,2024,-90.836880600000001,38.545055599999998,5.9,14,5.4,68,26.6,0.1
SoilGrids,https://soilgrids.org,2024,-90.716667200000003,37.808555599999998,5.0999999999999996,4.8,12.8,75.099999999999994,12.1,0.7
SoilGrids,https://soilgrids.org,2024,-90.703331000000006,45.123611500000003,4.5999999999999996,6.8,64.3,27.2,8.5,0.02
SoilGrids,https://soilgrids.org,2024,-90.64,36.513638899999997,5.8,4,86.1,3.7,6.7,0.6
SoilGrids,https://soilgrids.org,2024,-90.6094437,43.868888900000002,4.5999999999999996,25.5,6.2,3.9,86.2,0.27999999999999997
SoilGrids,https://soilgrids.org,2024,-90.451225300000004,36.945835099999996,4.5999999999999996,6.25,28.1,59.4,12.5,0.5
SoilGrids,https://soilgrids.org,2024,-90.401107800000005,37.283889799999997,4.9000000000000004,1.4,29.4,58.3,12.3,0.3
SoilGrids,https://soilgrids.org,2024,-90.358085599999995,37.479442599999999,4.7,7,37.700000000000003,24.5,37.799999999999997,0.1
SoilGrids,https://soilgrids.org,2024,-90.106391900000006,44.641387899999998,6.1,8.65,56.6,67,22.9,0.06
SoilGrids,https://soilgrids.org,2024,-90.056611099999998,37.926000000000002,4.8,9.4,2.4,72,25.6,0.1
SoilGrids,https://soilgrids.org,2024,-89.977790799999994,36.332797999999997,6,2.15,94.8,2.4,2.8,0.1
SoilGrids,https://soilgrids.org,2024,-89.567499999999995,37.651888900000003,6,13.45,2.2999999999999998,80.3,17.399999999999999,0.1
SoilGrids,https://soilgrids.org,2024,-89.455841699999993,36.594708300000001,6.3,39.200000000000003,3.3,39.299999999999997,57.4,1.3
SoilGrids,https://soilgrids.org,2024,-89.277778600000005,37.2658348,4.2,3.1,9.6,82.4,8,8.52
SoilGrids,https://soilgrids.org,2024,-88.966110200000003,45.585834499999997,5.3,4.55,71.599999999999994,14.5,13.9,0.06
SoilGrids,https://soilgrids.org,2024,-88.393931100000003,41.786403499999999,5,14.05,27,52.6,35.700000000000003,0.49000000000000005
SoilGrids,https://soilgrids.org,2024,-86.983055100000001,41.152500199999999,4.7,6.95,97.5,1.5,1,0.11000000000000001
SoilGrids,https://soilgrids.org,2024,-86.663055400000005,38.134723700000002,4.5999999999999996,10.15,32.299999999999997,47.9,19.8,0.02
SoilGrids,https://soilgrids.org,2024,-86.638610799999995,38.222778300000002,4.7,12.35,7.6,73.599999999999994,18.8,1.56
SoilGrids,https://soilgrids.org,2024,-86.409423799999999,38.447277100000001,4.8,25.6,14,22.4,26.7,1.1300000000000001
SoilGrids,https://soilgrids.org,2024,-85.3576944,42.8003833,8.1,15,33.5,30.4,12.4,0.21000000000000002
SoilGrids,https://soilgrids.org,2024,-84.535822199999998,45.389997200000003,5.3,2,99.4,0.4,0.2,0
SoilGrids,https://soilgrids.org,2024,-82.580558800000006,8.8583335999999999,6,4.5,50.6,33,3,5.29
SoilGrids,https://soilgrids.org,2024,-82.3665314,29.633583099999999,4.7,0.95,92,2.2999999999999998,10.9,0.12
SoilGrids,https://soilgrids.org,2024,-80.178611099999998,40.434722200000003,6.4,25,11.8,67.2,21,1.6
SoilGrids,https://soilgrids.org,2024,-79.481944400000003,41.991666700000003,5.0999999999999996,7,3.4,60,36.6,0.22000000000000003
SoilGrids,https://soilgrids.org,2024,-78.952522299999998,36.3103561,5.9,3.9,19.3,46.9,33.799999999999997,1.9300000000000002
SoilGrids,https://soilgrids.org,2024,-78.565559387207003,35.442783355712798,4.8,2.9,63.9,6.1,30,0.06
SoilGrids,https://soilgrids.org,2024,-78.5625,-0.33750000000000002,6.2,6.9,47,50,3,4.13
SoilGrids,https://soilgrids.org,2024,-78.554166699999996,40.037500000000001,4.2,10,61.2,22.6,16.2,0.16
SoilGrids,https://soilgrids.org,2024,-78.545000000000002,41.186666700000004,5.0999999999999996,12,23.5,47.4,29.1,0.27999999999999997
SoilGrids,https://soilgrids.org,2024,-78.038887000000003,-0.4166667,5.8,2.6,49,47,4,7.24
SoilGrids,https://soilgrids.org,2024,-77.88,41.756666699999997,4.4000000000000004,5,18.7,35.700000000000003,13.7,0.35
SoilGrids,https://soilgrids.org,2024,-77.6555556,40.834444400000002,4.7,6,14.8,54.8,30.4,0.45
SoilGrids,https://soilgrids.org,2024,-77.220833299999995,40.882222200000001,5.4,7,27.7,28,44.3,0.2
SoilGrids,https://soilgrids.org,2024,-76.8333333333333,-0.31666666666666698,4.8,6.7,10,29,61,1.29
SoilGrids,https://soilgrids.org,2024,-76.290555600000005,39.910555600000002,5.5,1,65.599999999999994,16.2,18.2,0.03
SoilGrids,https://soilgrids.org,2024,-75.375,39.5783348,4.7,11.4,21.8,44.3,33.9,0.16
SoilGrids,https://soilgrids.org,2024,-75.245002700000001,39.609722099999999,4.7,1.9,57.2,32,10.8,0.04
SoilGrids,https://soilgrids.org,2024,-75.036111111111097,-8.4772222222222204,5,12.8,53,16,31,0.19
SoilGrids,https://soilgrids.org,2024,-74.829719499999996,39.944999699999997,5.7,4.05,89,2.5,8.5,0.09
SoilGrids,https://soilgrids.org,2024,-72.9166666666667,4.1666666666666696,4.8,2.9,13,23,54,0.47000000000000003
SoilGrids,https://soilgrids.org,2024,-72.751388500000004,44.271388999999999,3.9,5.25,42.8,50.3,6.9,1.98
SoilGrids,https://soilgrids.org,2024,-72.739997900000006,41.503334000000002,7.7,8.1,20.9,68.400000000000006,10.7,0.04
SoilGrids,https://soilgrids.org,2024,-71.506942699999996,43.25,5.2,1.1000000000000001,89.7,9.1,1.2,0.38
SoilGrids,https://soilgrids.org,2024,-67.060798645019503,18.4610996246338,5.5,2.4,14.8,15.1,70.099999999999994,0.15
SoilGrids,https://soilgrids.org,2024,-66.287223800000007,18.1355553,4.3,9.85,2.6,24.4,73,1.1300000000000001
SoilGrids,https://soilgrids.org,2024,-62.633299999999998,-10.3,5.0999999999999996,0.9,54,26,20,0.86
SoilGrids,https://soilgrids.org,2024,-55.716666666666697,5.25,4.8,1.4,70,10,13,0.53
SoilGrids,https://soilgrids.org,2024,-54.216666666666697,-8.65,4.4000000000000004,5.6,39,15,46,0.26
SoilGrids,https://soilgrids.org,2024,-49,-16.399999999999999,6.2,4.4000000000000004,49,13,34,3.97
SoilGrids,https://soilgrids.org,2024,-42.183300000000003,-16.366700000000002,4.5,6.2,29,22,49,0.33999999999999997
SoilGrids,https://soilgrids.org,2024,-12.083333,8.9,4.8,2.9,66,13,30,0.7
SoilGrids,https://soilgrids.org,2024,-8.4,12.083333,6.2,6.2,10.6,46.3,33.6,0.64
SoilGrids,https://soilgrids.org,2024,-1.6666700000000001,6.6666699999999999,4.5999999999999996,2.4,46,11.8,45,0.49000000000000005
SoilGrids,https://soilgrids.org,2024,1.05833,11.6,8.6999999999999993,29.5,26.4,29.9,43.5,0.11000000000000001
SoilGrids,https://soilgrids.org,2024,2.0833330000000001,13.533333000000001,4.5,0.8,53.4,28.6,17,0.09
SoilGrids,https://soilgrids.org,2024,2.2576000000000001,7.2542999999999997,6.3,6.6,78,13,21,1.3
SoilGrids,https://soilgrids.org,2024,3.8666670000000001,7.8833330000000004,6.4,3.4,85,6,9,0.1
SoilGrids,https://soilgrids.org,2024,22.174167000000001,-19.468610999999999,7.8,11.3,56,5,39,1.2
SoilGrids,https://soilgrids.org,2024,24.829722222222198,58.169722222222198,5,3.3,91,1,2,3.9
SoilGrids,https://soilgrids.org,2024,25.411110999999998,-18.396388999999999,6.5,29.2,54,2,38,0.2
SoilGrids,https://soilgrids.org,2024,27.233332999999998,-29.816666999999999,6,5.45,41.5,42,50.8,1
SoilGrids,https://soilgrids.org,2024,27.75,-29.15,5.4,5,44.3,21.1,8.1,0.48
SoilGrids,https://soilgrids.org,2024,29.703610000000001,-31.383050000000001,5.4,1.7,18,46,33,1.72
SoilGrids,https://soilgrids.org,2024,29.75,-2.85,5.4,1.7,41.7,21,25,1.7899999999999998
SoilGrids,https://soilgrids.org,2024,30.372499465942401,-1.88444435596466,5.0999999999999996,4.6500000000000004,19,7,57,0.6
SoilGrids,https://soilgrids.org,2024,31.166665999999999,-10.166667,5.7,1.8,63.6,4.5,17.100000000000001,0.06
SoilGrids,https://soilgrids.org,2024,31.2661114,-17.8905563,5,0.8,63.4,7.2,6.4,0.04
SoilGrids,https://soilgrids.org,2024,32.643890399999997,0.5288889,5,3.95,55.4,11.6,36,1.86
SoilGrids,https://soilgrids.org,2024,33,-24.533332999999999,7.2,1.1000000000000001,50,9,41,0.52
SoilGrids,https://soilgrids.org,2024,33.183332999999998,-4.2166670000000002,5.9,19.3,74,7,33,0.15
SoilGrids,https://soilgrids.org,2024,34.916666999999997,-0.66666700000000001,4.8,8.1999999999999993,3.4,54.4,42.2,2.69
SoilGrids,https://soilgrids.org,2024,35.266666999999998,-13.3,5.5,1.4,37.299999999999997,40.299999999999997,22.3,0.04
SoilGrids,https://soilgrids.org,2024,47.016666999999998,-19.850000000000001,5.0999999999999996,2.6,46,15,39,2.17
SoilGrids,https://soilgrids.org,2024,83.466598510742202,27.700000762939499,5.6,2,14.2,42,14,0.27999999999999997
SoilGrids,https://soilgrids.org,2024,106.3527756,-6.5222220000000002,4.8,10.050000000000001,7.4,29.9,62.7,1.23
SoilGrids,https://soilgrids.org,2024,113.466666666667,23.216666666666701,5.2,2,43.1,14.6,39.1,0.19
SoilGrids,https://soilgrids.org,2024,116.916666666667,28.216666666666701,4.4000000000000004,5.4,73,18,37,0.04
SoilGrids,https://soilgrids.org,2024,145.36666666666699,-6.0333333333333297,4.5999999999999996,8.0500000000000007,1.4,84.1,1.2,0.48
SoilGrids,https://soilgrids.org,2024,-150.5,65.666664100000006,5.0999999999999996,2.4500000000000002,19.5,62.4,7.8,8.6900000000000013
SoilGrids,https://soilgrids.org,2024,-124.0849991,42.632221199999996,5.3,4.3499999999999996,39.6,30.6,29.8,3.7700000000000005
SoilGrids,https://soilgrids.org,2024,-123.044998199999,44.527778599999998,5.5,22.95,2.9,65.900000000000006,21.8,0.3
SoilGrids,https://soilgrids.org,2024,-108.2580566,38.3708344,5.3,9.1,47.5,37.799999999999997,13.2,1.33
SoilGrids,https://soilgrids.org,2024,-106.7563858,40.836112999999997,5.2,5,60.1,27.5,11.6,0.25
SoilGrids,https://soilgrids.org,2024,-96.529167200000003,35.480915099999997,5.5,5,64.7,26.5,12,0.95
SoilGrids,https://soilgrids.org,2024,-94.584007299999996,36.560649900000001,4.5999999999999996,15,13.3,65.8,13.7,0.2
SoilGrids,https://soilgrids.org,2024,-94.434633300000002,37.342413899999997,5.2,11,20.399999999999999,60.8,22.4,1.7
SoilGrids,https://soilgrids.org,2024,-93.982922200000004,39.916247200000001,5.6,8,23.9,35.1,42,1.3
SoilGrids,https://soilgrids.org,2024,-93.918208300000003,37.7270222,5.0999999999999996,15.8,5.2,32.799999999999997,62,0.6
SoilGrids,https://soilgrids.org,2024,-93.509933500000002,41.0064049,7.5,16.149999999999999,57.5,22.8,22.3,0.11000000000000001
SoilGrids,https://soilgrids.org,2024,-93.421305599999997,37.203791699999996,5.5,5,57.2,33.4,26.1,0.1
SoilGrids,https://soilgrids.org,2024,-93.377777100000003,31.596666299999999,4.8,7.05,9.5,28.8,30.6,0.09
SoilGrids,https://soilgrids.org,2024,-93.289177800000004,36.919758299999998,6,7.7,8.6,64.8,27.7,1.4
SoilGrids,https://soilgrids.org,2024,-93.153610200000003,31.151945099999999,5.0999999999999996,30.7,9.8000000000000007,40.6,8.4,0.26
SoilGrids,https://soilgrids.org,2024,-93.075721700000003,45.389362300000002,5.2,1.25,81.5,27.9,20.5,1.1499999999999999
SoilGrids,https://soilgrids.org,2024,-92.345169067382798,38.967266082763601,4.8,8,0.8,66.7,29.2,1
SoilGrids,https://soilgrids.org,2024,-92.344999999999999,38.967222200000002,5,4,30.9,50.1,5.3,0.2
SoilGrids,https://soilgrids.org,2024,-92.232555399999995,38.3701145,5,2.9,10,61.4,29.9,0.2
SoilGrids,https://soilgrids.org,2024,-92.216667200000003,38.900001500000002,5.2,18.75,7.1,49.5,34,1.08
SoilGrids,https://soilgrids.org,2024,-92,36,4.4000000000000004,26.1,14.7,76.099999999999994,9.1999999999999993,0.1
SoilGrids,https://soilgrids.org,2024,-91.844469399999994,36.538319399999999,4.5999999999999996,11.95,29.3,10.9,86.4,0.4
SoilGrids,https://soilgrids.org,2024,-91.470832799999997,32.122501399999997,5.6,42.55,2,18.100000000000001,79.400000000000006,1
SoilGrids,https://soilgrids.org,2024,-91.323661099999995,37.066944399999997,4.9000000000000004,4.9000000000000004,52.6,35.5,11.9,0.1
SoilGrids,https://soilgrids.org,2024,-91.237719400000003,37.115036099999998,5,6,21.9,64.2,11.8,2.8
SoilGrids,https://soilgrids.org,2024,-91.194999999999993,36.888111100000003,5.0999999999999996,2.9,38.4,44.4,26.6,0.6
SoilGrids,https://soilgrids.org,2024,-91.187925100000001,37.898938399999999,4.7,23,31.2,19.899999999999999,61.2,0.3
SoilGrids,https://soilgrids.org,2024,-91.140961099999998,37.173644400000001,4.9000000000000004,13,21.9,63.5,14,0.3
SoilGrids,https://soilgrids.org,2024,-91.138741699999997,37.175033300000003,4.9000000000000004,6,17.600000000000001,61,22.2,0.1
SoilGrids,https://soilgrids.org,2024,-91.100399999999993,37.133650000000003,4.9000000000000004,7,37.299999999999997,60.4,17.7,0.1
SoilGrids,https://soilgrids.org,2024,-91.088772199999994,37.147955600000003,4.9000000000000004,4.3,22,11.6,86.2,1.8
SoilGrids,https://soilgrids.org,2024,-90.916595999999998,37.8739457,4.5999999999999996,9,11.7,73.599999999999994,11.9,0.2
SoilGrids,https://soilgrids.org,2024,-90.846778900000004,34.716785399999999,6.1,13.8,0.4,83.7,15.7,0.06
SoilGrids,https://soilgrids.org,2024,-90.821777299999994,34.732620199999999,7.4,1.55,2.5,74.400000000000006,34,0.04
SoilGrids,https://soilgrids.org,2024,-90.300003099999998,14.199999800000001,5.5,31.8,53,29,18,0.4
SoilGrids,https://soilgrids.org,2024,-90.285100299999996,38.1003349,4.8,8.5,3.9,42,53,0.3
SoilGrids,https://soilgrids.org,2024,-90.159332300000003,37.564666699999997,5.3,11,7.1,56.4,21,0.3
SoilGrids,https://soilgrids.org,2024,-90.128227199999998,37.420803100000001,4.8,3,17.2,49.4,37.1,0.1
SoilGrids,https://soilgrids.org,2024,-89.860000600000006,45.552501700000001,5,8.4,71.099999999999994,23.5,4,0.04
SoilGrids,https://soilgrids.org,2024,-88.586387599999995,45.794998200000002,5,2.1,23,70.900000000000006,4,1.56
SoilGrids,https://soilgrids.org,2024,-88.571716300000006,47.042221099999999,5.7,1.3,85.8,22.1,9,0.03
SoilGrids,https://soilgrids.org,2024,-85.797729500000003,46.186943100000001,5.6,7.2,69.599999999999994,15.9,14.5,0.5
SoilGrids,https://soilgrids.org,2024,-85.694953900000002,42.709453600000003,5.9,0.5,98.4,1.6,0,0.24
SoilGrids,https://soilgrids.org,2024,-84.403053299999996,36.617778800000004,4.7,10.1,9.1999999999999993,48.2,44.5,0.1
SoilGrids,https://soilgrids.org,2024,-84.398612999999997,32.0208321,5.5,2.1,59.7,9.6999999999999993,51.7,1.1499999999999999
SoilGrids,https://soilgrids.org,2024,-83.683334400000007,9.8999995999999992,5.0999999999999996,4,11,41,48,3.2700000000000005
SoilGrids,https://soilgrids.org,2024,-83.309440600000002,29.887500800000002,4.2,0.4,84.4,8.4,29.8,5.4399999999999995
SoilGrids,https://soilgrids.org,2024,-82.097503700000004,35.940277100000003,4.8,1.2,71.3,32.9,7.9,0.04
SoilGrids,https://soilgrids.org,2024,-79.749771100000004,36.333416,4.7,4.3499999999999996,32,22.5,15.9,0.26
SoilGrids,https://soilgrids.org,2024,-78.5625,-0.33750000000000002,5.4,12,40,40,12.9,3.9
SoilGrids,https://soilgrids.org,2024,-77.447222222222194,18.063333333333301,5.7,0.5,1,47,42.1,6.9999999999999993E-2
SoilGrids,https://soilgrids.org,2024,-77.220833299999995,40.882222200000001,4.5,6,31.2,49.8,8.8000000000000007,0.42000000000000004
SoilGrids,https://soilgrids.org,2024,-75.565559399999998,39.378334000000002,4.4000000000000004,9,8.3000000000000007,62.7,28.7,0.13
SoilGrids,https://soilgrids.org,2024,-74.6022186,39.540279400000003,5.5,0.8,76,4.2,13.8,0.04
SoilGrids,https://soilgrids.org,2024,-72.751388500000004,44.271388999999999,3.7,4.2,72.400000000000006,55.2,6.6,0.16999999999999998
SoilGrids,https://soilgrids.org,2024,-72.739997900000006,41.503334000000002,6.4,6.25,40.1,42,3.5,0.03
SoilGrids,https://soilgrids.org,2024,-72.511459350585895,41.416099548339801,4.5,2.2000000000000002,74.900000000000006,23.6,11.3,0.13999999999999999
SoilGrids,https://soilgrids.org,2024,-71.592224099999996,42.851665500000003,5.0999999999999996,1.85,81,4,0.4,3.8149999999999999
SoilGrids,https://soilgrids.org,2024,-66.933334400000007,1.7166667,3.9,0.4,94.7,5.3,0,5.35
SoilGrids,https://soilgrids.org,2024,-58.3,-2.5,3.5,4.4000000000000004,45.9,4.5999999999999996,49.5,1.92
SoilGrids,https://soilgrids.org,2024,-12.083333,8.9,4.8,2.2000000000000002,81,10,31,0.43
SoilGrids,https://soilgrids.org,2024,2.0833330000000001,13.533333000000001,4.5,0.8,74.3,24.1,53,6.9999999999999993E-2
SoilGrids,https://soilgrids.org,2024,2.4058999999999999,7.1573000000000002,8.3000000000000007,9.1,74,15,11,0.2
SoilGrids,https://soilgrids.org,2024,6.6361109999999996,5.3102780000000003,5.4,1.7,74.8,8.3000000000000007,28.5,0.52
SoilGrids,https://soilgrids.org,2024,24.731445300000001,43.391887699999998,7.9,52.3,4.0999999999999996,60,33,0.7
SoilGrids,https://soilgrids.org,2024,26.411110000000001,-25.80528,5.2,2.6,52,19,30,0.2
SoilGrids,https://soilgrids.org,2024,26.916665999999999,42.6666679,5.7,32.549999999999997,20,36,35,0.52
SoilGrids,https://soilgrids.org,2024,29.316666999999999,-3.3666670000000001,7.85,3.5,61.8,17.3,13.3,6.7700000000000005
SoilGrids,https://soilgrids.org,2024,29.57,-2.57,4.5999999999999996,2.6,50,13,48,0.67
SoilGrids,https://soilgrids.org,2024,29.781700134277301,-2.07694435119629,4.7,3.4,28.4,8.5,63.1,0.32
SoilGrids,https://soilgrids.org,2024,30,-1.3166667000000001,5.3,4.5,18,12.3,62.8,0.8
SoilGrids,https://soilgrids.org,2024,31.136111,-17.609444,4.9000000000000004,1,48.9,14,38,6.9999999999999993E-2
SoilGrids,https://soilgrids.org,2024,31.166665999999999,-10.166667,5.7,1.3,46,6,17,0.26
SoilGrids,https://soilgrids.org,2024,37.366667,-1.8727780000000001,4.8,4.2,25,4,70.599999999999994,0.79
SoilGrids,https://soilgrids.org,2024,37.366667,1.881111,4.5,3.4,57,6,42,1.69
SoilGrids,https://soilgrids.org,2024,83.466598510742202,27.700000762939499,7.4,5.9,41,58.3,27.5,0.83000000000000007
SoilGrids,https://soilgrids.org,2024,116.26666666666701,28.483333333333299,4.5999999999999996,6.4,3,46,47,0.15
SoilGrids,https://soilgrids.org,2024,116.484809,-31.782098999999999,5.7,3.2,30,2,12,0.54
SoilGrids,https://soilgrids.org,2024,116.916666666667,28.216666666666701,4.8,6.8,79.599999999999994,18,47,0
SoilGrids,https://soilgrids.org,2024,123.1138916,10.6466665,5.3,2.2000000000000002,58,38,4,2.79
SoilGrids,https://soilgrids.org,2024,124.01666666666701,12.983333333333301,5.3,4.8,12.5,12.9,68.400000000000006,1.4300000000000002
SoilGrids,https://soilgrids.org,2024,145.36666666666699,-6.0333333333333297,5,7.8,39,19.8,78.8,2
SoilGrids,https://soilgrids.org,2024,-149.71694444444401,62.327500000000001,5.6,3.75,78,67,5.3,0.67
SoilGrids,https://soilgrids.org,2024,-110.461387599999,44.640773799999998,5.3,8.6,96.2,29.4,8,0.01
SoilGrids,https://soilgrids.org,2024,-96.569999699999997,41.247776000000002,5.2,16,7.8,64.599999999999994,22.5,1.1199999999999999
SoilGrids,https://soilgrids.org,2024,-93.982922200000004,39.916247200000001,6.3,18,2.4,48.3,44.1,0.1
SoilGrids,https://soilgrids.org,2024,-93.800834699999996,38.352222400000002,4.9000000000000004,15.55,5.0999999999999996,68,23.7,0.57999999999999996
SoilGrids,https://soilgrids.org,2024,-93.509933500000002,41.0064049,6.6,21.55,2.2000000000000002,25.9,16.600000000000001,3.34
SoilGrids,https://soilgrids.org,2024,-93.421305599999997,37.203791699999996,5.0999999999999996,5,30.4,65.5,21,2.1
SoilGrids,https://soilgrids.org,2024,-93.075721700000003,45.389362300000002,5.3,3.95,90.5,6.2,7.1,0.47000000000000003
SoilGrids,https://soilgrids.org,2024,-92.848749999999995,40.2851389,4.4000000000000004,11.2,27.5,53.2,46.3,0.3
SoilGrids,https://soilgrids.org,2024,-92.766666700000002,39,7.2,17.8,2,70.099999999999994,24.1,1
SoilGrids,https://soilgrids.org,2024,-92.641913900000006,36.798686099999998,4.5,2,28.3,65.400000000000006,8.1,0.1
SoilGrids,https://soilgrids.org,2024,-92.467231499999997,38.377517099999999,6.6,10.65,24.8,71.099999999999994,16.899999999999999,0.1
SoilGrids,https://soilgrids.org,2024,-92.345169067382798,38.967266082763601,7.6,9,7.7,52.7,36.4,0.4
SoilGrids,https://soilgrids.org,2024,-92.344999999999999,38.967222200000002,7.7,29,1.3,59.2,13.7,0.8
SoilGrids,https://soilgrids.org,2024,-92.216667200000003,38.900001500000002,6.5,29.25,3.1,58.8,25.1,0.1
SoilGrids,https://soilgrids.org,2024,-92,36,5.2,7,49,60.8,18.7,0.2
SoilGrids,https://soilgrids.org,2024,-91.225624499999995,38.047938600000002,5.6,9.4,5.7,74.5,15.1,0.3
SoilGrids,https://soilgrids.org,2024,-91.183036799999996,37.025547000000003,4.8,13.1,33.4,25.6,58.7,8.1
SoilGrids,https://soilgrids.org,2024,-91.140961099999998,37.173644400000001,4.8,11,22.8,54.9,56.4,0.2
SoilGrids,https://soilgrids.org,2024,-91.138741699999997,37.175033300000003,4.9000000000000004,5,28.5,14.1,71,0.1
SoilGrids,https://soilgrids.org,2024,-91.100399999999993,37.133650000000003,4.8,7,43.8,23.1,39.6,0.1
SoilGrids,https://soilgrids.org,2024,-91.095924999999994,37.1460972,5.5,1.35,28.7,19.7,11.4,0.1
SoilGrids,https://soilgrids.org,2024,-90.961776733398395,30.8141059875488,4.7,6.9,84.6,9.3000000000000007,15.7,0.04
SoilGrids,https://soilgrids.org,2024,-90.821777299999994,34.732620199999999,6,12.45,26.8,79.400000000000006,23.1,0.08
SoilGrids,https://soilgrids.org,2024,-90.438163799999998,37.473110200000001,4.8,2,23.1,58.9,27.8,0.1
SoilGrids,https://soilgrids.org,2024,-90.307777400000006,37.158889799999997,5.9,3.15,27.9,2.8,1,0.4
SoilGrids,https://soilgrids.org,2024,-89.960243199999994,36.490940100000003,5.3,5.2,79.7,7.9,4.5999999999999996,0.1
SoilGrids,https://soilgrids.org,2024,-89.4886944,37.356388899999999,4.7,10.35,3.2,70.5,27.5,2
SoilGrids,https://soilgrids.org,2024,-88.594444300000006,46.488056200000003,5.0999999999999996,6.1,53.1,48.6,2.1,0.11000000000000001
SoilGrids,https://soilgrids.org,2024,-86.986541700000004,41.1556091,4.5,4.7,89.2,4.2,2.1,0.52
SoilGrids,https://soilgrids.org,2024,-86.279197699999997,39.982505799999998,6.1,13.1,27.9,67.3,16.899999999999999,1.21
SoilGrids,https://soilgrids.org,2024,-84.533058199999999,37.970001199999999,5.6,11,11.1,20.8,55.4,6.9999999999999993E-2
SoilGrids,https://soilgrids.org,2024,-79.249755899999997,35.500095399999999,4.5999999999999996,24.25,6.1,47.3,46.6,0.02
SoilGrids,https://soilgrids.org,2024,-78.554166699999996,40.037500000000001,4.7,3,72.599999999999994,46.7,29.2,0.16999999999999998
SoilGrids,https://soilgrids.org,2024,-76.077362100000002,36.609848,3.9,13,23,70,22,0.1
SoilGrids,https://soilgrids.org,2024,-73.067596399999999,-39.618751500000002,5.9,3,59.7,46.9,3.7,1.0699999999999998
SoilGrids,https://soilgrids.org,2024,-47.716700000000003,-2.95,5.4,9,1,15,35,0.52
SoilGrids,https://soilgrids.org,2024,-8.4515438079834002,11.4940176010132,5.6,1.3,73.5,15.1,39.6,0.89
SoilGrids,https://soilgrids.org,2024,4.6500000000000004,7.5333329999999998,5.4,5.3,37,14.1,51.7,0.25
SoilGrids,https://soilgrids.org,2024,6.6619440000000001,5.3238890000000003,5.2,1.8,65.7,13.8,26.6,0.31
SoilGrids,https://soilgrids.org,2024,14.899999599999999,-5.4499997999999996,4.5999999999999996,1.9,14.1,29.7,27.4,0.54
SoilGrids,https://soilgrids.org,2024,15.89,-5.72,5.7,0.7,89,6,5,0.25
SoilGrids,https://soilgrids.org,2024,29.781700134277301,-2.07694435119629,4.5999999999999996,4.8499999999999996,58,7,52,1.6600000000000001
SoilGrids,https://soilgrids.org,2024,29.87,-2.36,5.0999999999999996,4.5999999999999996,47,6,64,1.7399999999999998
SoilGrids,https://soilgrids.org,2024,30,-1.3166667000000001,4.2,6.4,24,8.3000000000000007,73.7,1.6
SoilGrids,https://soilgrids.org,2024,30.594999999999999,-27.58333,4.7,10.5,62,6,43,0.1
SoilGrids,https://soilgrids.org,2024,37.466667000000001,-0.53333299999999995,4.7,3.6,6.6,9,83.8,0.96
SoilGrids,https://soilgrids.org,2024,38.366667,-1.8727780000000001,5.9,7.1,59,6,23.1,0.47000000000000003
SoilGrids,https://soilgrids.org,2024,84.416664100000006,27.450000800000002,5.5,1.85,62.7,30,11,0.13999999999999999
SoilGrids,https://soilgrids.org,2024,101.2249985,-1.2305557,4.5999999999999996,2.0499999999999998,9,21,69,2.5
SoilGrids,https://soilgrids.org,2024,102.25,2.7333333333333298,5.9,1.5,14.4,20.7,64,0.82
SoilGrids,https://soilgrids.org,2024,113.26666666666701,24.433333333333302,4.5999999999999996,2,34,21,44.3,0.21000000000000002
SoilGrids,https://soilgrids.org,2024,116.916666666667,28.216666666666701,4.7,5.7,64,15.5,5,0.06
SoilGrids,https://soilgrids.org,2024,121.2844467,24.1511116,5,6.2,73.099999999999994,19.100000000000001,14.4,1.45
SoilGrids,https://soilgrids.org,2024,145.36666666666699,-6.0333333333333297,5.8,7,20,20,43,0.5
SoilGrids,https://soilgrids.org,2024,-106.4197235,39.528331799999997,5.8,7,43.5,50.6,12,0.11000000000000001
SoilGrids,https://soilgrids.org,2024,-99.570129399999999,40.466949499999998,5.8,14,10.3,67.099999999999994,18,1.3800000000000001
SoilGrids,https://soilgrids.org,2024,-93.982922200000004,39.916247200000001,8,19,0.6,36.5,27,1.6
SoilGrids,https://soilgrids.org,2024,-93.912222200000002,39.6969444,5.9,15.2,3.2,63.4,33.200000000000003,0.3
SoilGrids,https://soilgrids.org,2024,-93.578536999999997,38.0925522,6.7,21.4,23.2,73.599999999999994,11,0.47000000000000003
SoilGrids,https://soilgrids.org,2024,-93.509933500000002,41.0064049,6.3,23.65,1.5,64.099999999999994,33.700000000000003,0.12
SoilGrids,https://soilgrids.org,2024,-93.421305599999997,37.203791699999996,5,30,55.3,51.7,28.5,1.5
SoilGrids,https://soilgrids.org,2024,-93.396667500000007,37.561668400000002,5.4,9.8000000000000007,1.3,52.1,39.5,0.02
SoilGrids,https://soilgrids.org,2024,-93.153053299999996,31.150554700000001,8.1,23.95,10.4,41.2,53.1,0.06
SoilGrids,https://soilgrids.org,2024,-93.075721700000003,45.389362300000002,6.1,1.3,63,7.3,3,5.0999999999999996
SoilGrids,https://soilgrids.org,2024,-92.766666700000002,39,5.2,19.600000000000001,5.3,63,22.8,0.5
SoilGrids,https://soilgrids.org,2024,-92.601111099999997,36.796666700000003,4.9000000000000004,1.85,3.8,12.2,70.8,0.2
SoilGrids,https://soilgrids.org,2024,-92.383883299999994,38.707152800000003,5.9,16,4.4000000000000004,81.8,14.4,0.5
SoilGrids,https://soilgrids.org,2024,-92.345169067382798,38.967266082763601,7.6,14,7.4,65.599999999999994,19.8,0.3
SoilGrids,https://soilgrids.org,2024,-92.344999999999999,38.967222200000002,5.3,24,32.799999999999997,51.5,79.8,0.4
SoilGrids,https://soilgrids.org,2024,-92.342500000000001,36.681927799999997,5.9,4,14.4,68.599999999999994,12.8,0.1
SoilGrids,https://soilgrids.org,2024,-92.216667200000003,38.900001500000002,4.8,23,6.6,39.200000000000003,25.3,1.17
SoilGrids,https://soilgrids.org,2024,-92.069572199999996,36.609811100000002,5,2,10.9,41.7,52.6,0.1
SoilGrids,https://soilgrids.org,2024,-91.965711400000004,38.201430000000002,7.8,7,4.3,19.399999999999999,46.2,0.3
SoilGrids,https://soilgrids.org,2024,-91.140961099999998,37.173644400000001,4.9000000000000004,10,18.5,34.4,10.8,0.7
SoilGrids,https://soilgrids.org,2024,-91.100399999999993,37.133650000000003,4.9000000000000004,9,48.6,37.9,9.4,0.04
SoilGrids,https://soilgrids.org,2024,-91.098736099999996,37.147538900000001,4.8,1,13,52.7,12.2,0.1
SoilGrids,https://soilgrids.org,2024,-91.095963900000001,37.145872199999999,4.9000000000000004,3,28.2,42,17.5,0.2
SoilGrids,https://soilgrids.org,2024,-90.961776733398395,30.8141059875488,5.2,3.15,66.400000000000006,38.200000000000003,22.9,0.02
SoilGrids,https://soilgrids.org,2024,-90.809694399999998,39.130000000000003,5.5,15.4,1.1000000000000001,73.2,25.8,0.2
SoilGrids,https://soilgrids.org,2024,-90.282234200000005,37.155254399999997,5,3.25,3.4,9,88.2,0.2
SoilGrids,https://soilgrids.org,2024,-87.366943399999997,35.790000900000003,4.9000000000000004,5.95,9,52.3,36.799999999999997,0.08
SoilGrids,https://soilgrids.org,2024,-84.533058199999999,37.970001199999999,5.2,10.25,14.4,41.3,47.6,0.16
SoilGrids,https://soilgrids.org,2024,-83.6666666666667,9.93333333333333,6.2,3.3,70,25,2.4,0.48
SoilGrids,https://soilgrids.org,2024,-83.665277777777803,9.9,4.7,7.6,33,33.4,34.4,2.25
SoilGrids,https://soilgrids.org,2024,-79.366666666666703,2.5000000000000001E-2,6.2,1.5,36,41,22,0.65999999999999992
SoilGrids,https://soilgrids.org,2024,-78.653055600000002,41.3163889,4.0999999999999996,33,44.1,42.5,19.3,2.16
SoilGrids,https://soilgrids.org,2024,-78.558891299999999,42.045276600000001,5.6,11.25,16.600000000000001,60.5,21.9,0.13
SoilGrids,https://soilgrids.org,2024,-76.695556600000003,38.944721199999996,4.8,3,78.8,2.1,5,0.13
SoilGrids,https://soilgrids.org,2024,-76.476387000000003,35.436668400000002,5.4,7.95,48.6,67.7,19.899999999999999,0.09
SoilGrids,https://soilgrids.org,2024,-76.083335899999994,38.457778900000001,4.5,3.5,11.8,36.4,13.2,0.44000000000000006
SoilGrids,https://soilgrids.org,2024,-76.077362100000002,36.609848,4.3,5,10,55,22,0.13
SoilGrids,https://soilgrids.org,2024,-74.861114499999999,39.25,3.6,1.2,86.7,13.5,8.8000000000000007,0.01
SoilGrids,https://soilgrids.org,2024,-72.394996599999999,44.5886116,6.1,3.25,48.4,31,3.2,4.63
SoilGrids,https://soilgrids.org,2024,-70.933333333333294,4.56666666666667,4.2,2.6,48,39,55,0.1
SoilGrids,https://soilgrids.org,2024,-66.2667,0.4667,4.4000000000000004,3.7,50,17,34,0.57999999999999996
SoilGrids,https://soilgrids.org,2024,-56.0167,-15.6333,5.0999999999999996,3.9,63,13,24,0.13
SoilGrids,https://soilgrids.org,2024,0.31138900000000003,11.970833000000001,5.2,1.7,71.5,19.100000000000001,31.5,0.21000000000000002
SoilGrids,https://soilgrids.org,2024,4.8666669999999996,6.7833329999999998,5.0999999999999996,4.2,51.9,35.4,33.1,0.43
SoilGrids,https://soilgrids.org,2024,11.333333,4.1666670000000003,7.1,24,67,19,35,0.71
SoilGrids,https://soilgrids.org,2024,12.8,0.51666699999999999,4.5,4.0999999999999996,37.799999999999997,4.5999999999999996,57.9,0.61
SoilGrids,https://soilgrids.org,2024,18.2166672,-4.7666668999999997,5,1.7,96.2,3.5,1.2,0.38
SoilGrids,https://soilgrids.org,2024,24.036670000000001,-34.00806,4.9000000000000004,7.2,22,39,21,0.5
SoilGrids,https://soilgrids.org,2024,29.316666999999999,-3.3666670000000001,5.5,3.3,66,8,10.6,0.48
SoilGrids,https://soilgrids.org,2024,34.383333,11.833333,8.15,11,27,21.4,74.7,1.6
SoilGrids,https://soilgrids.org,2024,47.341667000000001,-21.162222,4.0999999999999996,3.3,71,12,8,1.23
SoilGrids,https://soilgrids.org,2024,101.2249985,-1.2305557,4.2,1.8,22,18,73,0.49000000000000005
SoilGrids,https://soilgrids.org,2024,102.25,2.7333333333333298,5.7,1.6,14,18.399999999999999,67.3,0.28999999999999998
SoilGrids,https://soilgrids.org,2024,102.5,3.3333333333333299,5.4,0.8,1,7,91,1.67
SoilGrids,https://soilgrids.org,2024,103.566666666667,24.866666666666699,4.8,7.5,21.1,9,85,1.1199999999999999
SoilGrids,https://soilgrids.org,2024,104.98333333333299,-4.8666666666666698,5.0999999999999996,2.25,5.0999999999999996,17,77,0.38
SoilGrids,https://soilgrids.org,2024,113.26666666666701,24.433333333333302,4.5999999999999996,2.6,34,21,45,0.2
SoilGrids,https://soilgrids.org,2024,116.916666666667,28.216666666666701,4.4000000000000004,9.9,38,13,23,0.24
SoilGrids,https://soilgrids.org,2024,128.6875,37.706390399999997,5,5.3,76,44,13,0.09
SoilGrids,https://soilgrids.org,2024,141.1044464,39.310833000000002,5.3,4.5,15,35,42,0.76
SoilGrids,https://soilgrids.org,2024,-150.5,65.666664100000006,5.5,15.4,99.4,55,7,0.13
SoilGrids,https://soilgrids.org,2024,-119.5798645,37.748813599999998,5.8,1.6,89.7,9,3,0.48
SoilGrids,https://soilgrids.org,2024,-110.5539017,44.711208300000003,4,1.1000000000000001,65.3,18.8,6.6,0.04
SoilGrids,https://soilgrids.org,2024,-93.982922200000004,39.916247200000001,6,31,28.4,78.099999999999994,39.200000000000003,0.6
SoilGrids,https://soilgrids.org,2024,-93.732861099999994,37.627138899999999,6.4,8,6.3,75.400000000000006,18.3,0.3
SoilGrids,https://soilgrids.org,2024,-93.529302799999996,37.609216699999998,5.2,18,19.899999999999999,43.4,49.6,0.2
SoilGrids,https://soilgrids.org,2024,-93.421305599999997,37.203791699999996,8,15,75.599999999999994,34,16.100000000000001,0.5
SoilGrids,https://soilgrids.org,2024,-92.7960205078125,41.083351135253899,5.6,25.85,1.9,61.2,37.4,0.27999999999999997
SoilGrids,https://soilgrids.org,2024,-92.766666700000002,39,6.8,18.8,7.4,76.599999999999994,17.8,0.7
SoilGrids,https://soilgrids.org,2024,-92.345169067382798,38.967266082763601,5.0999999999999996,3,17.899999999999999,67.400000000000006,15.4,1.1000000000000001
SoilGrids,https://soilgrids.org,2024,-92.344999999999999,38.967222200000002,4.5,44,11.2,46.3,26.6,1.6
SoilGrids,https://soilgrids.org,2024,-92.275643700000003,38.754294399999999,5.4,32,5.9,55,26.3,1.7
SoilGrids,https://soilgrids.org,2024,-92,36,5.2,27.1,24.4,56.3,9.1,0.2
SoilGrids,https://soilgrids.org,2024,-91.868361100000001,39.722000000000001,7.4,23.2,24.2,48.4,27.9,0.7
SoilGrids,https://soilgrids.org,2024,-91.588388899999998,39.434138900000001,4.7,13.3,6.5,42,56.7,0.1
SoilGrids,https://soilgrids.org,2024,-91.318163900000002,38.007972199999998,5.2,8,11,54.6,34.799999999999997,0.2
SoilGrids,https://soilgrids.org,2024,-91.233333299999998,37.066666699999999,6.5,12.35,87.6,35.4,21.8,0.3
SoilGrids,https://soilgrids.org,2024,-91.1970472,37.012863899999999,4.9000000000000004,11.15,31.1,60,9.1999999999999993,3
SoilGrids,https://soilgrids.org,2024,-91.140961099999998,37.173644400000001,5,4,25.4,64.3,54.4,2.6
SoilGrids,https://soilgrids.org,2024,-91.100399999999993,37.133650000000003,4.9000000000000004,5,42,32.299999999999997,70.2,0.04
SoilGrids,https://soilgrids.org,2024,-91.046111100000005,37.993055599999998,5,31.05,5.8,63.5,24.8,0.2
SoilGrids,https://soilgrids.org,2024,-91.001308300000005,38.456261099999999,7.1,31,68.599999999999994,43.9,50.8,0.7
SoilGrids,https://soilgrids.org,2024,-90.634719799999999,34.636665299999997,8,13.8,3.9,85,10.5,6.9999999999999993E-2
SoilGrids,https://soilgrids.org,2024,-90.509719799999999,44.715557099999998,5.2,9.9,10.6,37.5,27,0.33999999999999997
SoilGrids,https://soilgrids.org,2024,-90.500396699999996,37.220058399999999,4.5,6.1,16.399999999999999,34.1,36.1,0.3
SoilGrids,https://soilgrids.org,2024,-90.475471499999998,37.538249999999998,5.9,15,37.200000000000003,67.599999999999994,17.3,0.1
SoilGrids,https://soilgrids.org,2024,-90.419502300000005,36.9886932,4.9000000000000004,12,32.799999999999997,24.2,67.3,0.5
SoilGrids,https://soilgrids.org,2024,-90.272224399999999,37.165554,4.9000000000000004,11,2.8,18.7,77.3,0.2
SoilGrids,https://soilgrids.org,2024,-87.621940600000002,46.483890500000001,5.2,1.5,48.7,25.2,2.2000000000000002,1.86
SoilGrids,https://soilgrids.org,2024,-86.986106899999996,41.155574799999997,4.7,11,94.4,3.7,1.1000000000000001,0.04
SoilGrids,https://soilgrids.org,2024,-86.4772186,38.191944100000001,5.7,21.75,2.1,78.2,16.899999999999999,0.01
SoilGrids,https://soilgrids.org,2024,-85.868888900000002,41.669166599999997,8.3000000000000007,2.5499999999999998,77,2.8,1.7,0.15
SoilGrids,https://soilgrids.org,2024,-79.690559399999998,36.378334000000002,4.5,1.3,37.5,20.7,25.1,0.19
SoilGrids,https://soilgrids.org,2024,-77.485555599999998,40.3672222,4.8,3,25,40,34.299999999999997,0.01
SoilGrids,https://soilgrids.org,2024,-76.656666700000002,41.719166700000002,5.3,3,27.9,44,23.6,0.08
SoilGrids,https://soilgrids.org,2024,-76.628333999999995,38.977779400000003,5.3,5,80.7,4.5,17.2,0.05
SoilGrids,https://soilgrids.org,2024,-73.369722222222194,-3.9130555555555602,5,1.1000000000000001,82,9.6,9.8000000000000007,0.01
SoilGrids,https://soilgrids.org,2024,-72.586199899999997,42.538975499999999,4.2,4,48.9,51,10,0.26
SoilGrids,https://soilgrids.org,2024,-70.933333333333294,4.56666666666667,4.7,0.5,5,31,21,1.85
SoilGrids,https://soilgrids.org,2024,-65.792221100000006,18.2938881,5.0999999999999996,5.6,62.1,24,2.8,5.6899999999999995
SoilGrids,https://soilgrids.org,2024,-47.751388888888897,-15.608333333333301,4.7,0.6,21,27.5,57.3,0.11000000000000001
SoilGrids,https://soilgrids.org,2024,-12.083333,8.9,5.4,4,53,35,61,4.1899999999999995
SoilGrids,https://soilgrids.org,2024,-7.983333,12.666667,5.0999999999999996,3.4,79.8,10,9,0.28999999999999998
SoilGrids,https://soilgrids.org,2024,-1.6666700000000001,6.6666699999999999,4.2,2.6,54.5,12.9,40.799999999999997,1.49
SoilGrids,https://soilgrids.org,2024,2.0833330000000001,13.533333000000001,5.4,0.95,80.599999999999994,17,20.6,0.28999999999999998
SoilGrids,https://soilgrids.org,2024,3.9,7.5,6.3,9.5,63.2,12.2,4.8,0.35
SoilGrids,https://soilgrids.org,2024,23.153055999999999,-20.321667000000001,8.9,6,88,6,3,0.2
SoilGrids,https://soilgrids.org,2024,27.233332999999998,-29.816666999999999,5.6,7.05,15.6,30.4,53.1,0.77
SoilGrids,https://soilgrids.org,2024,29.316666999999999,-3.3666670000000001,5,1.1499999999999999,61,23,75,0.26
SoilGrids,https://soilgrids.org,2024,31.166665999999999,-10.166667,5.5,0.6,83,4,18.899999999999999,0.48
SoilGrids,https://soilgrids.org,2024,31.765277900000001,-18.034721399999999,5.5,1,57.3,13.1,35.5,0.04
SoilGrids,https://soilgrids.org,2024,33.183332999999998,-4.2166670000000002,5.5,16.5,61,7,10,0.52
SoilGrids,https://soilgrids.org,2024,35.266666999999998,-13.3,5.5,1.8,26.8,21.3,48.9,0.13999999999999999
SoilGrids,https://soilgrids.org,2024,37.366667,-1.8727780000000001,5.0999999999999996,5.6,32.6,5.9,57.8,0.98000000000000009
SoilGrids,https://soilgrids.org,2024,83.466598510742202,27.700000762939499,5.6,4.4000000000000004,41.9,41.9,14.2,0.13
SoilGrids,https://soilgrids.org,2024,84.416664100000006,27.450000800000002,5.8,5.3,73,19,1.5,1.08
SoilGrids,https://soilgrids.org,2024,116.916666666667,28.216666666666701,4.5999999999999996,6.1,42,43,32,0.04
SoilGrids,https://soilgrids.org,2024,-110.5539017,44.711208300000003,2.4,1,64.900000000000006,27.3,7.3,0.01
SoilGrids,https://soilgrids.org,2024,-97.864440900000005,40.366111799999999,5.9,16.850000000000001,2.8,62,34,0.55999999999999994
SoilGrids,https://soilgrids.org,2024,-96.763336199999998,41.172222099999999,6.1,19,17.2,56.5,34.4,1.2
SoilGrids,https://soilgrids.org,2024,-93.982922200000004,39.916247200000001,6.6,26,4.5999999999999996,45.1,21.3,0.7
SoilGrids,https://soilgrids.org,2024,-93.618055600000005,36.901388900000001,6.8,6.6,3.9,78,10.9,0.1
SoilGrids,https://soilgrids.org,2024,-93.509933500000002,41.0064049,6.8,23.4,59,5.9,39.9,0.12
SoilGrids,https://soilgrids.org,2024,-93.421305599999997,37.203791699999996,4.9000000000000004,7,15.8,26.3,9.1,0.1
SoilGrids,https://soilgrids.org,2024,-93.370791699999998,37.667255599999997,5.5,4.45,8.6999999999999993,18.5,64.5,0.3
SoilGrids,https://soilgrids.org,2024,-92.826011600000001,36.934517800000002,5.0999999999999996,11,6.8,61,33.1,0.5
SoilGrids,https://soilgrids.org,2024,-92.766666700000002,39,7,20.2,7,62.8,17.8,1.2
SoilGrids,https://soilgrids.org,2024,-92.415655599999994,36.746405600000003,5.8,6,65.8,39.200000000000003,22.2,0.1
SoilGrids,https://soilgrids.org,2024,-92.345169067382798,38.967266082763601,7.4,6,40.700000000000003,14.7,20.399999999999999,0.2
SoilGrids,https://soilgrids.org,2024,-92.344999999999999,38.967222200000002,4.9000000000000004,13,4.3,49.5,22.4,0.2
SoilGrids,https://soilgrids.org,2024,-92.146666699999997,36.646666699999997,5.2,11.95,17.100000000000001,44.8,47.4,0.2
SoilGrids,https://soilgrids.org,2024,-92,36,6.8,2.65,2,54.3,6.5,0.7
SoilGrids,https://soilgrids.org,2024,-91.876388899999995,40.586388900000003,4.5,25.5,3.1,57.5,23.8,1.2
SoilGrids,https://soilgrids.org,2024,-91.571497199999996,38.028583300000001,6.3,11.95,11.1,71.8,20.7,0.2
SoilGrids,https://soilgrids.org,2024,-91.208897199999996,37.012700000000002,5.3,2,73.5,18.7,6.5,0.1
SoilGrids,https://soilgrids.org,2024,-91.171771399999997,37.740257100000001,4.9000000000000004,19,23.9,22.9,70.3,0.3
SoilGrids,https://soilgrids.org,2024,-91.140961099999998,37.173644400000001,4.9000000000000004,5,37.200000000000003,56.1,17.2,0.2
SoilGrids,https://soilgrids.org,2024,-91.095333299999993,37.145872199999999,5,7,32.700000000000003,28.6,49.4,0.1
SoilGrids,https://soilgrids.org,2024,-91.074466700000002,38.5557722,6.1,8.1999999999999993,17.899999999999999,82.7,11.7,0.2
SoilGrids,https://soilgrids.org,2024,-91.070925000000003,37.144980599999997,5.5,7,13.6,50.3,22.3,0.4
SoilGrids,https://soilgrids.org,2024,-91.033830600000002,37.3148889,4.5999999999999996,3,33.4,55.5,9.4,0.4
SoilGrids,https://soilgrids.org,2024,-90.983888899999997,37.864444399999996,5.4,4,22.8,70.3,12.4,0.4
SoilGrids,https://soilgrids.org,2024,-82.497222899999997,33.282501199999999,5,0.4,92,5.6,29.2,0.64
SoilGrids,https://soilgrids.org,2024,-82.2569444444444,29.7083333333333,4.5,3.05,96,4.2,5.3,0.09
SoilGrids,https://soilgrids.org,2024,-81.549819946289006,37.675060272216697,5.2,5.25,43.9,41.8,16.2,0.16999999999999998
SoilGrids,https://soilgrids.org,2024,-77.201944400000002,40.419722200000002,5,5,12.4,49.6,26.8,0.09
SoilGrids,https://soilgrids.org,2024,-52.083300000000001,-9.6667000000000005,5,0.6,54.4,8.1999999999999993,21.1,0.9
SoilGrids,https://soilgrids.org,2024,-12.083333,8.9,4.9000000000000004,0.8,63,9,35,5.0600000000000005
SoilGrids,https://soilgrids.org,2024,-7.983333,12.666667,5.0999999999999996,1.5,44.4,8.5,11.7,0.12
SoilGrids,https://soilgrids.org,2024,2.0833330000000001,13.533333000000001,6,0.8,63,8.6,6.6,0.1
SoilGrids,https://soilgrids.org,2024,12.8,0.51666699999999999,4.2,1.7,36.9,5,57.2,0.26
SoilGrids,https://soilgrids.org,2024,13.5313888888889,41.488611111111098,5.4,13.3,8,37.5,54.8,0.13
SoilGrids,https://soilgrids.org,2024,15.27,-5.7,4.9000000000000004,12.1,57,24,21,0.49000000000000005
SoilGrids,https://soilgrids.org,2024,25.628056000000001,-18.619721999999999,4.5999999999999996,2,88,3,14,0.2
SoilGrids,https://soilgrids.org,2024,25.944444000000001,-24.561111,4.4000000000000004,0.7,74.5,5.0999999999999996,2.2000000000000002,0.16
SoilGrids,https://soilgrids.org,2024,27.233332999999998,-29.816666999999999,5.2,4,24,20,64.400000000000006,1.77
SoilGrids,https://soilgrids.org,2024,27.302222,-20.998888999999998,5.5,9,61.1,4,16,0.35
SoilGrids,https://soilgrids.org,2024,28.149999600000001,-12.612500199999999,4.8,2.2999999999999998,61,21,23,0.47000000000000003
SoilGrids,https://soilgrids.org,2024,31.166665999999999,-10.166667,6,2.9,79.5,7,10,1.22
SoilGrids,https://soilgrids.org,2024,89.897883333300001,27.489166666700001,6.7,10.8,49.1,27.8,27,0.39
SoilGrids,https://soilgrids.org,2024,101.2249985,-1.2305557,4.5,3.3,7.1,9,81,0.35
SoilGrids,https://soilgrids.org,2024,116.268164,-32.665452999999999,6.1,7.2,20,2,9,1
SoilGrids,https://soilgrids.org,2024,126.9816666,35.876666999999998,6,14.9,3,52,36.799999999999997,1.03
SoilGrids,https://soilgrids.org,2024,-150.03334050000001,62.25,4.4000000000000004,5.15,45.6,48.9,3,8.11
SoilGrids,https://soilgrids.org,2024,-115.7425003,46.563610099999998,4.2,4.05,45.6,49,7.8,1.86
SoilGrids,https://soilgrids.org,2024,-96.250053399999999,42.228611000000001,6.7,23,24.6,60.5,28.3,0.12
SoilGrids,https://soilgrids.org,2024,-95.169166599999997,38.991664900000004,6,14.15,24.1,64,21.2,0.11000000000000001
SoilGrids,https://soilgrids.org,2024,-94.758613600000004,45.947498299999999,5.5,6.9,49.9,25.9,13.9,0.42000000000000004
SoilGrids,https://soilgrids.org,2024,-94.035618099999994,37.655071599999999,5,13,11.7,34.9,25.9,0.5
SoilGrids,https://soilgrids.org,2024,-93.982922200000004,39.916247200000001,4.5,21,6.1,68.3,47.8,0.6
SoilGrids,https://soilgrids.org,2024,-93.509933500000002,41.0064049,8.1999999999999993,25.3,62.2,22.3,33.9,0.12
SoilGrids,https://soilgrids.org,2024,-93.421305599999997,37.203791699999996,5.5,11,7.8,48.9,16.2,0.6
SoilGrids,https://soilgrids.org,2024,-93.313847199999998,39.691944399999997,5.3,26.45,4.3,54.2,39.9,1.8
SoilGrids,https://soilgrids.org,2024,-93.231391900000006,30.613611200000001,4.9000000000000004,4.2,30.9,52.1,23.6,0.01
SoilGrids,https://soilgrids.org,2024,-92.666006699999997,36.977850599999996,5.5,7,37.200000000000003,32.9,56,0.3
SoilGrids,https://soilgrids.org,2024,-92.345169067382798,38.967266082763601,5.6,18,7.1,57,16.5,4.8
SoilGrids,https://soilgrids.org,2024,-92.344999999999999,38.967222200000002,6.6,19,5.3,45,44.8,0.5
SoilGrids,https://soilgrids.org,2024,-92.310279800000004,45.615833299999998,5.4,2.85,75.400000000000006,30.1,9.1999999999999993,0.28999999999999998
SoilGrids,https://soilgrids.org,2024,-92.140687799999995,39.218986999999998,4.8,11.2,2.2999999999999998,64.599999999999994,34.700000000000003,0.3
SoilGrids,https://soilgrids.org,2024,-92.114047999999997,38.397828400000002,4.9000000000000004,2,30.4,19.100000000000001,21.5,0.8
SoilGrids,https://soilgrids.org,2024,-92,36,5,3.4,4.5999999999999996,21.9,17.8,0.1
SoilGrids,https://soilgrids.org,2024,-91.811260500000003,38.4031065,4.5,4.3,68,59.8,10.6,0.1
SoilGrids,https://soilgrids.org,2024,-91.138549999999995,37.1745722,4.5,14.65,14.2,69.2,12.6,0.4
SoilGrids,https://soilgrids.org,2024,-89.764999399999994,39.295276600000001,5.4,23.85,13.1,75.2,18.399999999999999,6.9999999999999993E-2
SoilGrids,https://soilgrids.org,2024,-83.769897499999999,31.738802,4.7,2.2999999999999998,59.1,8.1,12.4,0.1
SoilGrids,https://soilgrids.org,2024,-79.366666666666703,2.5000000000000001E-2,5.9,1.3,30,46.2,18.8,2.16
SoilGrids,https://soilgrids.org,2024,-78.5625,-0.33750000000000002,6.3,6.2,40,46.4,15.2,6.21
SoilGrids,https://soilgrids.org,2024,-78.333061200000003,35.500095399999999,5,2.1,67.3,12.8,6.5,0.16
SoilGrids,https://soilgrids.org,2024,-77.799705500000002,38.325042699999997,5,2.95,13.1,26.3,62.3,0.24
SoilGrids,https://soilgrids.org,2024,-76.305000000000007,41.782499999999999,5.4,2,36.9,56.8,8.8000000000000007,6.9999999999999993E-2
SoilGrids,https://soilgrids.org,2024,-75.297225999999995,39.549999200000002,4.8,6,79.3,14.5,3.7,0.02
SoilGrids,https://soilgrids.org,2024,-74.733329800000007,39.8072205,4.5,1.85,57,33,12.7,2.15
SoilGrids,https://soilgrids.org,2024,-12.083333,8.9,4.9000000000000004,1.1000000000000001,67,13,33,1.1300000000000001
SoilGrids,https://soilgrids.org,2024,-7.983333,12.666667,5.7,6,22,23.5,27.1,0.16999999999999998
SoilGrids,https://soilgrids.org,2024,-7.3333329999999997,5.8833330000000004,4.9000000000000004,1.5,73,27.8,33,0.27
SoilGrids,https://soilgrids.org,2024,5.3166669999999998,13.816667000000001,5.9,0.95,89,5,3,0.15
SoilGrids,https://soilgrids.org,2024,27.014721999999999,-22.748888999999998,5.0999999999999996,3.3,69,7.3,27.1,0.2
SoilGrids,https://soilgrids.org,2024,27.233332999999998,-29.816666999999999,5.0999999999999996,5.7,36,28,28.9,0.51
SoilGrids,https://soilgrids.org,2024,29.316666999999999,-3.3666670000000001,8.6,0.3,71.5,16,23,0.57000000000000006
SoilGrids,https://soilgrids.org,2024,31.136388799999999,-17.620832400000001,5.9,1.35,42.5,9.6999999999999993,39.1,0.06
SoilGrids,https://soilgrids.org,2024,101.616666666667,3.0333333333333301,4.8,1.1000000000000001,60,4.0999999999999996,41.2,0.24
SoilGrids,https://soilgrids.org,2024,102.833333333333,16.516666666666701,4.5,2.6,52.8,28.2,15,0.11000000000000001
SoilGrids,https://soilgrids.org,2024,116.268164,-32.665452999999999,6,2,25,9,3,1.3699999999999999
SoilGrids,https://soilgrids.org,2024,116.916666666667,28.216666666666701,4.4000000000000004,6.5,43,43.1,39.299999999999997,0.16
SoilGrids,https://soilgrids.org,2024,-99.570129399999999,40.466949499999998,6.8,14,11.9,59.1,34.5,1.1499999999999999
SoilGrids,https://soilgrids.org,2024,-95.495834400000007,32.587501500000002,5.7,6,52.6,26.7,11,0.06
SoilGrids,https://soilgrids.org,2024,-95.476387000000003,32.491664900000004,4.7,6.3,66.400000000000006,8.6999999999999993,38,0.52
SoilGrids,https://soilgrids.org,2024,-95.2701797,40.233131399999998,6.6,24,2.9,64.400000000000006,32.4,2.6
SoilGrids,https://soilgrids.org,2024,-94.75,31.950000800000002,4.7,18,34.799999999999997,20.2,55.7,0.13
SoilGrids,https://soilgrids.org,2024,-93.982922200000004,39.916247200000001,5.5,15,40,51.4,36.799999999999997,0.7
SoilGrids,https://soilgrids.org,2024,-93.509933500000002,41.0064049,6.7,22.15,35.799999999999997,47.8,24.5,0.03
SoilGrids,https://soilgrids.org,2024,-93.421305599999997,37.203791699999996,4.5,3,6.8,43.5,48.8,0.4
SoilGrids,https://soilgrids.org,2024,-93.362503099999998,41.1508331,5.8,19,4.0999999999999996,68.099999999999994,28.8,0.08
SoilGrids,https://soilgrids.org,2024,-93.313622199999998,39.701216700000003,5.8,27.15,15.9,39.9,35.5,0.8
SoilGrids,https://soilgrids.org,2024,-93.223335300000002,30.530000699999999,5.4,4.95,27.6,48,26.7,0.06
SoilGrids,https://soilgrids.org,2024,-92.999443099999993,40.658889799999997,5.2,15.45,4.2,44.5,54.9,1
SoilGrids,https://soilgrids.org,2024,-92.766666700000002,39,6.3,15.65,4.5,70.599999999999994,23.1,0.4
SoilGrids,https://soilgrids.org,2024,-92.430499999999995,36.696227800000003,6.9,7,18.399999999999999,61.9,23,1.2
SoilGrids,https://soilgrids.org,2024,-92.345169067382798,38.967266082763601,5.0999999999999996,7,41.6,18.8,6.1,0.3
SoilGrids,https://soilgrids.org,2024,-92.344999999999999,38.967222200000002,4.8,13,2.5,76.7,17.2,0.1
SoilGrids,https://soilgrids.org,2024,-92,36,4.8,18.899999999999999,5.6,15.8,76.099999999999994,0.1
SoilGrids,https://soilgrids.org,2024,-91.366666699999996,38.9,4.8,23,11.7,48.7,43.9,0.6
SoilGrids,https://soilgrids.org,2024,-91.112068199999996,34.735675800000003,8.6999999999999993,5.3,14.5,33.5,5.0999999999999996,0.06
SoilGrids,https://soilgrids.org,2024,-91.001308300000005,38.456261099999999,7.6,18,1.7,0.5,13.1,0.6
SoilGrids,https://soilgrids.org,2024,-90.146385199999997,45.126945499999998,4.5,10.6,61.3,78.599999999999994,11.9,0.1
SoilGrids,https://soilgrids.org,2024,-89.488891600000002,38.6875,6.4,22.95,7.6,60.6,22.2,0.11000000000000001
SoilGrids,https://soilgrids.org,2024,-88.887222300000005,37.973056800000002,5.6,10.4,29.2,73.599999999999994,21.2,6.9999999999999993E-2
SoilGrids,https://soilgrids.org,2024,-88.363609299999993,38.781665799999999,5,17.7,18.7,62.7,22.2,0.93
SoilGrids,https://soilgrids.org,2024,-86.529441800000001,37.997222899999997,5.0999999999999996,5.3,12.1,57,29.2,0.16
SoilGrids,https://soilgrids.org,2024,-79.688056900000007,34.8280563,4.5,1,25.2,45.1,47.7,0
SoilGrids,https://soilgrids.org,2024,-79.063644400000001,34.200122800000003,5,2.95,40.299999999999997,27.2,4,0.2
SoilGrids,https://soilgrids.org,2024,-71.5,4.5,5.3,3.4,5,57,47,1.34
SoilGrids,https://soilgrids.org,2024,-63.616666666666703,1.75,4.7,5.8,58,21,32,0.65
SoilGrids,https://soilgrids.org,2024,-55.716666666666697,5.25,4.5,0.9,72,14,12,0.21000000000000002
SoilGrids,https://soilgrids.org,2024,-7.983333,12.666667,4.9000000000000004,1.6,20,20.3,30,0.13
SoilGrids,https://soilgrids.org,2024,-7.3333329999999997,5.8833330000000004,4.5,2.1,74.2,12,9,0.79
SoilGrids,https://soilgrids.org,2024,2.0833330000000001,13.533333000000001,5.7,0.9,68.2,7.4,19,0.09
SoilGrids,https://soilgrids.org,2024,6.95,50.616666666666703,7.7,9.1,14,47,30,0.45
SoilGrids,https://soilgrids.org,2024,8.9666666666666703,45.716666666666697,5.5,4,33,28,14,1.41
SoilGrids,https://soilgrids.org,2024,25.944444000000001,-24.561111,4.5,3,77,4,2,0.2
SoilGrids,https://soilgrids.org,2024,27.233332999999998,-29.816666999999999,5,3.7,10,32,48,3.1
SoilGrids,https://soilgrids.org,2024,27.75,-29.15,5.7,2.5,45.9,19,25.2,0.28999999999999998
SoilGrids,https://soilgrids.org,2024,28.516667000000002,-14.3,5.5,1.3,81,7,13.7,1.01
SoilGrids,https://soilgrids.org,2024,31.044445,-17.7600002,5.7,10.4,23,18.100000000000001,48,0.37
SoilGrids,https://soilgrids.org,2024,38.69,-5.22,5.4,2.1,32,8,62,1.7
SoilGrids,https://soilgrids.org,2024,116.916666666667,28.216666666666701,4.5,14.3,45,22.5,30.9,0.03
SoilGrids,https://soilgrids.org,2024,-106.32777400000001,39.324443799999997,4.0999999999999996,5.15,48.2,31.7,11.6,0.35
SoilGrids,https://soilgrids.org,2024,-94.305797200000001,36.813958300000003,4.8,21,11.6,78.2,11.9,0.2
SoilGrids,https://soilgrids.org,2024,-93.982922200000004,39.916247200000001,6.1,9,8.1,49.3,29,1.3
SoilGrids,https://soilgrids.org,2024,-93.888719399999999,37.428233300000002,5,24,33.9,18.8,71.7,5.2
SoilGrids,https://soilgrids.org,2024,-93.857805600000006,37.269194400000003,5.2,9.8000000000000007,21.5,53.7,36.799999999999997,0.2
SoilGrids,https://soilgrids.org,2024,-93.421305599999997,37.203791699999996,6.9,5,18.399999999999999,55.8,39.1,2.6
SoilGrids,https://soilgrids.org,2024,-92.888885500000001,41.827777900000001,5.8,21.35,44.5,48,23.6,0.6
SoilGrids,https://soilgrids.org,2024,-92.691840999999997,37.047015999999999,4.9000000000000004,13,22.6,34,61.4,2.4
SoilGrids,https://soilgrids.org,2024,-92.609616200000005,37.0561826,6.7,17,65,42.3,4.5999999999999996,0.1
SoilGrids,https://soilgrids.org,2024,-92.499852799999999,39.8111611,4.5,16,47.1,28.9,35.9,0.5
SoilGrids,https://soilgrids.org,2024,-92.392588500000002,38.425125899999998,5.3,9.1,47.4,58,35,0.1
SoilGrids,https://soilgrids.org,2024,-92.345169067382798,38.967266082763601,6.5,13,12.1,60.7,15.6,0.2
SoilGrids,https://soilgrids.org,2024,-92.344999999999999,38.967222200000002,6.4,29,26.1,47.1,5.7,0.1
SoilGrids,https://soilgrids.org,2024,-92.216667200000003,38.900001500000002,6.5,14.3,3.5,71.099999999999994,35.299999999999997,0.11000000000000001
SoilGrids,https://soilgrids.org,2024,-92,36,5,3.85,5.4,45.3,79.599999999999994,0.2
SoilGrids,https://soilgrids.org,2024,-91.338668799999994,33.051166500000001,6.3,13.9,72.900000000000006,73.5,22.7,0.01
SoilGrids,https://soilgrids.org,2024,-91.138741699999997,37.175033300000003,5.0999999999999996,3,42.1,10.4,81.8,2.1
SoilGrids,https://soilgrids.org,2024,-91.098736099999996,37.147538900000001,4.5999999999999996,5,28,64.3,20,0.3
SoilGrids,https://soilgrids.org,2024,-90.735839799999994,38.118190800000001,4.5,4.7,7.2,12.7,70.900000000000006,4.8
SoilGrids,https://soilgrids.org,2024,-90.477775600000001,45.3127785,5.6,3.25,66.8,43.4,11.2,1.1300000000000001
SoilGrids,https://soilgrids.org,2024,-88.534210599999994,37.200906099999997,4.8,3.1,0.6,75.2,24.2,0.27999999999999997
SoilGrids,https://soilgrids.org,2024,-83.812957800000007,32.074348399999998,5.0999999999999996,1,66,12,11,0.13999999999999999
SoilGrids,https://soilgrids.org,2024,-79.749771100000004,36.333416,4.9000000000000004,3.3,62.4,33.299999999999997,60.5,0.73
SoilGrids,https://soilgrids.org,2024,-79.723335300000002,36.392776499999997,4.9000000000000004,2.65,67.400000000000006,34,45.4,0.02
SoilGrids,https://soilgrids.org,2024,-75.329170199999993,39.633609800000002,3.4,15.35,38.1,40.6,17,0.15
SoilGrids,https://soilgrids.org,2024,-75.14,40.269722199999997,5.0999999999999996,8,27.9,74.8,19.2,0.13999999999999999
SoilGrids,https://soilgrids.org,2024,-66.435836800000004,18.434166000000001,3.7,3.4,25.7,3.8,70.099999999999994,1.52
SoilGrids,https://soilgrids.org,2024,-12.083333,8.9,4.5999999999999996,1.5,18,24,22,3.62
SoilGrids,https://soilgrids.org,2024,-7.983333,12.666667,4.7,8,41.4,7.9,18,0.1
SoilGrids,https://soilgrids.org,2024,-7.3333329999999997,5.8833330000000004,4.7,1.7,66.7,11.1,16,3.1100000000000003
SoilGrids,https://soilgrids.org,2024,3.9,7.5,6.1,4.5999999999999996,26.2,17.600000000000001,52,0.13999999999999999
SoilGrids,https://soilgrids.org,2024,4.5,7.483333,5.5,13.2,30.5,26.6,45.4,0.09
SoilGrids,https://soilgrids.org,2024,22.830555,-20.419445,4.4000000000000004,26.35,2.8,27,72,3.6799999999999997
SoilGrids,https://soilgrids.org,2024,27.135528000000001,-11.086444,6.5,7.5,6,47,47,1.19
SoilGrids,https://soilgrids.org,2024,29.316666999999999,-3.3666670000000001,5.6,0.5,49,16,16.5,9.1
SoilGrids,https://soilgrids.org,2024,29.6,-2.54,4.8,3.8,35,10,55,0.53
SoilGrids,https://soilgrids.org,2024,30.332999999999998,-2.9666000000000001,4.2,3.6,26,9,62,0.65
SoilGrids,https://soilgrids.org,2024,30.658332999999999,-29.45,5.4,1.3,45,13.4,40.200000000000003,2
SoilGrids,https://soilgrids.org,2024,34.383333,11.833333,8.1,11.15,3.8,17,48,0.97
SoilGrids,https://soilgrids.org,2024,37.366667,-1.368611,5.5,3.25,61,7.5,40.5,0.57999999999999996
SoilGrids,https://soilgrids.org,2024,37.866667,-1.8727780000000001,6.6,4.2,34,13.3,48.4,0.63
SoilGrids,https://soilgrids.org,2024,90.188611111100002,27.4666666667,5.4,2.85,7,53.3,6.9,0.29333334
SoilGrids,https://soilgrids.org,2024,101.23333333333299,21.9166666666667,4.4000000000000004,5.6,35,29.3,37.4,1.5699999999999998
SoilGrids,https://soilgrids.org,2024,116.916666666667,28.216666666666701,4.4000000000000004,4.3,46,11,37.1,0.13
SoilGrids,https://soilgrids.org,2024,-93.982922200000004,39.916247200000001,7.7,26,46.1,79,14,0.9
SoilGrids,https://soilgrids.org,2024,-93.727614299999999,37.6423937,5.7,14,12.9,28.7,56,0.3
SoilGrids,https://soilgrids.org,2024,-93.509933500000002,41.0064049,6.6,20.2,60.6,35.799999999999997,22.9,0.67999999999999994
SoilGrids,https://soilgrids.org,2024,-93.421305599999997,37.203791699999996,6.2,7,39,41.5,16.7,0.1
SoilGrids,https://soilgrids.org,2024,-92.766666700000002,39,5.7,13.55,2.9,67.3,24,1
SoilGrids,https://soilgrids.org,2024,-92.345169067382798,38.967266082763601,6.6,4,6.3,41.5,20.6,0.8
SoilGrids,https://soilgrids.org,2024,-92.344999999999999,38.967222200000002,7.6,16,43.2,35.799999999999997,45,0.2
SoilGrids,https://soilgrids.org,2024,-92.216667200000003,38.900001500000002,6.9,26.9,5.4,68.7,31.7,0.08
SoilGrids,https://soilgrids.org,2024,-92,36,5.3,16.5,44.8,33.5,69.099999999999994,0.1
SoilGrids,https://soilgrids.org,2024,-89.504402200000001,37.135536199999997,7.6,10.199999999999999,42.3,36.1,7.8,0.1
SoilGrids,https://soilgrids.org,2024,-80.619445799999994,35.695835099999996,5.7,9,24.7,23.6,54.4,0.21000000000000002
SoilGrids,https://soilgrids.org,2024,-7.983333,12.666667,4.7,1.9,43.4,10,35,1.1800000000000002
SoilGrids,https://soilgrids.org,2024,-7.3333329999999997,5.8833330000000004,4.5999999999999996,1.2,67,11.3,14.4,3.1100000000000003
SoilGrids,https://soilgrids.org,2024,2.0833330000000001,13.533333000000001,4.4000000000000004,1.4,86,7.1,13.2,0.4
SoilGrids,https://soilgrids.org,2024,3.5,6.6166669999999996,5.2,2.4,38,7,48.8,0.09
SoilGrids,https://soilgrids.org,2024,31.166665999999999,-10.166667,5.2,1.4,82.3,6,18.8,0.39
SoilGrids,https://soilgrids.org,2024,37.366667,-1.8727780000000001,4.8,4.45,69.599999999999994,7,57,0.76
SoilGrids,https://soilgrids.org,2024,145.36666666666699,-6.0333333333333297,4.5999999999999996,6.1,1,84,1,3.7
